{"type":"FeatureCollection", "features": [
{"type":"Feature","geometry":{"type":"Polygon","coordinates":[[[126.97759,37.56116],[126.97744,37.56184],[126.9769,37.5618],[126.97642,37.56191],[126.976,37.5608],[126.97468,37.56074],[126.97426,37.56092],[126.97353,37.56122],[126.97315,37.56105],[126.97314,37.56065],[126.9733,37.56043],[126.97382,37.56002],[126.97454,37.55996],[126.97481,37.55964],[126.97558,37.55947],[126.97604,37.55992],[126.97783,37.56032],[126.97759,37.56116]]]},"properties":{"g":"11140","gn":"중구","d":"11700","n":"남대문로4가"},"id":"LT_C_ADEMD_INFO.1011"},
{"type":"Feature","geometry":{"type":"Polygon","coordinates":[[[127.02245,37.58968],[127.02258,37.58969],[127.0226,37.58984],[127.02272,37.59087],[127.02134,37.59138],[127.02099,37.59129],[127.0199,37.59137],[127.01695,37.59044],[127.01666,37.59035],[127.01879,37.5887],[127.01967,37.58941],[127.02217,37.58916],[127.02245,37.58968]]]},"properties":{"g":"11290","gn":"성북구","d":"11700","n":"동선동2가"},"id":"LT_C_ADEMD_INFO.1015"},
{"type":"Feature","geometry":{"type":"Polygon","coordinates":[[[127.01893,37.59447],[127.01962,37.59396],[127.0195,37.59293],[127.01973,37.59263],[127.01961,37.59155],[127.0199,37.59137],[127.02099,37.59129],[127.02134,37.59138],[127.022,37.59688],[127.02147,37.59707],[127.02106,37.59634],[127.01893,37.59447]]]},"properties":{"g":"11290","gn":"성북구","d":"11800","n":"동선동3가"},"id":"LT_C_ADEMD_INFO.1019"},
{"type":"Feature","geometry":{"type":"Polygon","coordinates":[[[126.98861,37.56526],[126.98777,37.56521],[126.98778,37.5658],[126.98686,37.56537],[126.98653,37.56495],[126.98649,37.56425],[126.98702,37.56434],[126.98767,37.56377],[126.98783,37.56333],[126.98836,37.56346],[126.98864,37.56296],[126.98902,37.5627],[126.98928,37.56293],[126.98878,37.56334],[126.98876,37.56389],[126.98851,37.56441],[126.98861,37.56526]]]},"properties":{"g":"11140","gn":"중구","d":"13100","n":"저동1가"},"id":"LT_C_ADEMD_INFO.1084"},
{"type":"Feature","geometry":{"type":"Polygon","coordinates":[[[126.99909,37.56391],[126.99915,37.56311],[126.99855,37.56302],[126.99853,37.56277],[126.99802,37.56256],[126.99785,37.56201],[126.99744,37.56182],[126.99734,37.56154],[126.99789,37.5612],[126.99843,37.56107],[126.99876,37.5616],[126.99902,37.5616],[126.9992,37.56214],[126.99896,37.56233],[127.0012,37.56286],[127.0018,37.56301],[127.00171,37.56409],[126.99909,37.56391]]]},"properties":{"g":"11140","gn":"중구","d":"13300","n":"충무로5가"},"id":"LT_C_ADEMD_INFO.1102"},
{"type":"Feature","geometry":{"type":"Polygon","coordinates":[[[126.96689,37.53764],[126.96542,37.53707],[126.96523,37.53566],[126.96491,37.53527],[126.9625,37.53463],[126.96218,37.53472],[126.96114,37.53417],[126.96054,37.53343],[126.96179,37.53328],[126.96254,37.53341],[126.96294,37.53363],[126.9638,37.53432],[126.9649,37.53448],[126.96685,37.53406],[126.96872,37.53371],[126.96879,37.5349],[126.96865,37.53552],[126.96835,37.5362],[126.96778,37.53693],[126.96689,37.53764]]]},"properties":{"g":"11170","gn":"용산구","d":"12300","n":"신계동"},"id":"LT_C_ADEMD_INFO.1103"},
{"type":"Feature","geometry":{"type":"Polygon","coordinates":[[[126.97331,37.54038],[126.97108,37.53996],[126.97086,37.53941],[126.97086,37.53791],[126.97093,37.53754],[126.97068,37.53655],[126.9714,37.53634],[126.97131,37.53616],[126.97319,37.53558],[126.97186,37.53424],[126.97197,37.53418],[126.97109,37.53324],[126.97206,37.53275],[126.97314,37.5325],[126.9725,37.53183],[126.97337,37.5313],[126.97354,37.53233],[126.97414,37.53202],[126.97533,37.53285],[126.97548,37.53361],[126.97473,37.53389],[126.97446,37.53385],[126.9743,37.53476],[126.97495,37.53481],[126.97504,37.53511],[126.97487,37.53759],[126.97403,37.53764],[126.97331,37.54038]]]},"properties":{"g":"11170","gn":"용산구","d":"12400","n":"한강로1가"},"id":"LT_C_ADEMD_INFO.1107"},
{"type":"Feature","geometry":{"type":"Polygon","coordinates":[[[126.96872,37.53371],[126.96685,37.53406],[126.9649,37.53448],[126.9638,37.53432],[126.96427,37.53272],[126.96489,37.53243],[126.96685,37.53048],[126.96724,37.53023],[126.96676,37.52963],[126.96649,37.52955],[126.96475,37.5277],[126.96506,37.52654],[126.96596,37.526],[126.9675,37.52761],[126.96782,37.52742],[126.96795,37.52754],[126.96912,37.52738],[126.96924,37.52837],[126.96945,37.52928],[126.97135,37.53008],[126.97195,37.53003],[126.97269,37.5311],[126.97337,37.5313],[126.9725,37.53183],[126.97314,37.5325],[126.97206,37.53275],[126.97109,37.53324],[126.97197,37.53418],[126.97186,37.53424],[126.97319,37.53558],[126.97131,37.53616],[126.9714,37.53634],[126.97068,37.53655],[126.97044,37.53584],[126.96942,37.53424],[126.9689,37.53368],[126.96872,37.53371]]]},"properties":{"g":"11170","gn":"용산구","d":"12500","n":"한강로2가"},"id":"LT_C_ADEMD_INFO.1110"},
{"type":"Feature","geometry":{"type":"Polygon","coordinates":[[[126.98061,37.53475],[126.97576,37.53457],[126.97504,37.53511],[126.97495,37.53481],[126.9743,37.53476],[126.97446,37.53385],[126.97473,37.53389],[126.97548,37.53361],[126.97533,37.53285],[126.97414,37.53202],[126.97354,37.53233],[126.97337,37.5313],[126.97269,37.5311],[126.97195,37.53003],[126.97252,37.52992],[126.9742,37.52942],[126.97649,37.52921],[126.98008,37.52967],[126.98015,37.52952],[126.98026,37.53219],[126.98034,37.53327],[126.98061,37.53475]]]},"properties":{"g":"11170","gn":"용산구","d":"12600","n":"용산동3가"},"id":"LT_C_ADEMD_INFO.1113"},
{"type":"Feature","geometry":{"type":"Polygon","coordinates":[[[126.98015,37.52952],[126.98008,37.52967],[126.97649,37.52921],[126.9742,37.52942],[126.97252,37.52992],[126.97195,37.53003],[126.97135,37.53008],[126.96945,37.52928],[126.96924,37.52837],[126.96912,37.52738],[126.96795,37.52754],[126.96782,37.52742],[126.9693,37.52652],[126.9703,37.5264],[126.97013,37.52601],[126.97007,37.52514],[126.96964,37.52466],[126.97002,37.52351],[126.97163,37.52335],[126.972,37.52304],[126.972,37.52255],[126.97245,37.52246],[126.9768,37.52112],[126.97772,37.52301],[126.97801,37.52339],[126.97824,37.52401],[126.98007,37.52618],[126.98015,37.52952]]]},"properties":{"g":"11170","gn":"용산구","d":"12700","n":"용산동5가"},"id":"LT_C_ADEMD_INFO.1116"},
{"type":"Feature","geometry":{"type":"Polygon","coordinates":[[[126.9638,37.53432],[126.96294,37.53363],[126.96254,37.53341],[126.96179,37.53328],[126.96054,37.53343],[126.95966,37.53348],[126.95867,37.53306],[126.9577,37.53315],[126.95684,37.53283],[126.95578,37.53209],[126.95441,37.53112],[126.95478,37.53072],[126.95446,37.52995],[126.9546,37.52849],[126.9552,37.52733],[126.95586,37.52714],[126.95694,37.52697],[126.95688,37.52555],[126.95764,37.52489],[126.96031,37.52329],[126.96113,37.52292],[126.96255,37.52262],[126.96387,37.522],[126.96483,37.52181],[126.96595,37.52178],[126.96677,37.5219],[126.96931,37.5226],[126.97019,37.52279],[126.972,37.52255],[126.972,37.52304],[126.97163,37.52335],[126.97002,37.52351],[126.96964,37.52466],[126.97007,37.52514],[126.97013,37.52601],[126.9703,37.5264],[126.9693,37.52652],[126.96782,37.52742],[126.9675,37.52761],[126.96596,37.526],[126.96506,37.52654],[126.96475,37.5277],[126.96649,37.52955],[126.96676,37.52963],[126.96724,37.53023],[126.96685,37.53048],[126.96489,37.53243],[126.96427,37.53272],[126.9638,37.53432]]]},"properties":{"g":"11170","gn":"용산구","d":"12800","n":"한강로3가"},"id":"LT_C_ADEMD_INFO.1117"},
{"type":"Feature","geometry":{"type":"Polygon","coordinates":[[[126.99361,37.56188],[126.99358,37.56213],[126.99316,37.56218],[126.99228,37.56178],[126.9923,37.56221],[126.99149,37.56215],[126.99167,37.56182],[126.99163,37.56112],[126.99119,37.56029],[126.99194,37.55998],[126.99247,37.56004],[126.99327,37.56016],[126.99317,37.56096],[126.99363,37.56128],[126.99361,37.56188]]]},"properties":{"g":"11140","gn":"중구","d":"13700","n":"필동1가"},"id":"LT_C_ADEMD_INFO.1155"},
{"type":"Feature","geometry":{"type":"Polygon","coordinates":[[[126.99055,37.56117],[126.99052,37.56118],[126.99016,37.55994],[126.99037,37.55987],[126.99119,37.56029],[126.99163,37.56112],[126.99055,37.56117]]]},"properties":{"g":"11140","gn":"중구","d":"14000","n":"남학동"},"id":"LT_C_ADEMD_INFO.1168"},
{"type":"Feature","geometry":{"type":"Polygon","coordinates":[[[126.99052,37.56118],[126.98969,37.56126],[126.98823,37.56115],[126.98841,37.56026],[126.9893,37.56],[126.99016,37.55994],[126.99052,37.56118]]]},"properties":{"g":"11140","gn":"중구","d":"14100","n":"주자동"},"id":"LT_C_ADEMD_INFO.1169"},
{"type":"Feature","geometry":{"type":"Polygon","coordinates":[[[126.99247,37.56004],[126.99194,37.55998],[126.99119,37.56029],[126.99037,37.55987],[126.99016,37.55994],[126.9893,37.56],[126.98841,37.56026],[126.98805,37.55938],[126.98743,37.55917],[126.98734,37.55885],[126.98734,37.55832],[126.98695,37.5579],[126.98682,37.55744],[126.98588,37.55745],[126.98575,37.55825],[126.98532,37.55787],[126.98588,37.55724],[126.98581,37.55687],[126.98526,37.55695],[126.98495,37.55719],[126.98466,37.55662],[126.98476,37.55608],[126.98479,37.55563],[126.98502,37.55546],[126.98492,37.555],[126.98519,37.5547],[126.98541,37.5537],[126.98611,37.55334],[126.9866,37.55258],[126.98705,37.55229],[126.98773,37.55145],[126.98866,37.55155],[126.98948,37.55132],[126.99024,37.55128],[126.99071,37.55112],[126.991,37.55077],[126.99166,37.55027],[126.99237,37.55006],[126.99296,37.5504],[126.9935,37.55101],[126.99384,37.55164],[126.99428,37.55213],[126.99493,37.55267],[126.99499,37.55366],[126.99472,37.55372],[126.99501,37.55471],[126.99475,37.55495],[126.99487,37.55529],[126.99477,37.55611],[126.99421,37.55594],[126.99356,37.55602],[126.99337,37.55666],[126.99313,37.55665],[126.99291,37.55717],[126.99317,37.5575],[126.99281,37.55846],[126.99295,37.55926],[126.99247,37.56004]]]},"properties":{"g":"11140","gn":"중구","d":"14200","n":"예장동"},"id":"LT_C_ADEMD_INFO.1171"},
{"type":"Feature","geometry":{"type":"Polygon","coordinates":[[[126.90112,37.5188],[126.90092,37.51984],[126.90111,37.52112],[126.90174,37.52324],[126.89623,37.52407],[126.89529,37.52019],[126.9,37.51944],[126.90054,37.51924],[126.90112,37.5188]]]},"properties":{"g":"11560","gn":"영등포구","d":"11100","n":"당산동1가"},"id":"LT_C_ADEMD_INFO.1172"},
{"type":"Feature","geometry":{"type":"Polygon","coordinates":[[[127.02147,37.59707],[127.02078,37.59691],[127.02059,37.59741],[127.02012,37.59758],[127.0192,37.59713],[127.01929,37.59662],[127.01876,37.59603],[127.01761,37.59535],[127.01616,37.59425],[127.01648,37.59267],[127.01749,37.59323],[127.01893,37.59447],[127.02106,37.59634],[127.02147,37.59707]]]},"properties":{"g":"11290","gn":"성북구","d":"11900","n":"동선동4가"},"id":"LT_C_ADEMD_INFO.1174"},
{"type":"Feature","geometry":{"type":"Polygon","coordinates":[[[126.89529,37.52019],[126.89623,37.52407],[126.89202,37.52472],[126.89138,37.52209],[126.89144,37.52153],[126.8917,37.52109],[126.89163,37.52075],[126.89529,37.52019]]]},"properties":{"g":"11560","gn":"영등포구","d":"11200","n":"당산동2가"},"id":"LT_C_ADEMD_INFO.1176"},
{"type":"Feature","geometry":{"type":"Polygon","coordinates":[[[127.01443,37.59835],[127.01454,37.59777],[127.01537,37.59647],[127.0159,37.59547],[127.01616,37.59425],[127.01761,37.59535],[127.01876,37.59603],[127.01929,37.59662],[127.0192,37.59713],[127.0191,37.59663],[127.01813,37.5965],[127.01822,37.59692],[127.01752,37.5969],[127.0171,37.59715],[127.01594,37.5968],[127.01535,37.59799],[127.01508,37.59797],[127.01488,37.5984],[127.01443,37.59835]]]},"properties":{"g":"11290","gn":"성북구","d":"12000","n":"동선동5가"},"id":"LT_C_ADEMD_INFO.1189"},
{"type":"Feature","geometry":{"type":"Polygon","coordinates":[[[127.0206,37.58671],[127.02062,37.58704],[127.02352,37.58804],[127.02402,37.58831],[127.0242,37.58889],[127.02463,37.5887],[127.02572,37.58857],[127.02513,37.58897],[127.02502,37.58926],[127.02438,37.58995],[127.02456,37.59032],[127.02379,37.59072],[127.02407,37.5904],[127.02294,37.59003],[127.0226,37.58984],[127.02258,37.58969],[127.02245,37.58968],[127.02217,37.58916],[127.01967,37.58941],[127.01879,37.5887],[127.01989,37.58785],[127.0202,37.58752],[127.0206,37.58671]]]},"properties":{"g":"11290","gn":"성북구","d":"12100","n":"안암동1가"},"id":"LT_C_ADEMD_INFO.1200"},
{"type":"Feature","geometry":{"type":"Polygon","coordinates":[[[127.02572,37.58857],[127.02463,37.5887],[127.0242,37.58889],[127.02402,37.58831],[127.02352,37.58804],[127.02062,37.58704],[127.0206,37.58671],[127.02127,37.58479],[127.02229,37.58534],[127.02361,37.58568],[127.02372,37.58647],[127.02483,37.58627],[127.02524,37.58645],[127.02547,37.58746],[127.0259,37.58819],[127.02572,37.58857]]]},"properties":{"g":"11290","gn":"성북구","d":"12200","n":"안암동2가"},"id":"LT_C_ADEMD_INFO.1203"},
{"type":"Feature","geometry":{"type":"Polygon","coordinates":[[[127.02127,37.58479],[127.0213,37.5847],[127.02187,37.58313],[127.02276,37.58143],[127.02405,37.58166],[127.02414,37.58151],[127.02523,37.58165],[127.02604,37.58189],[127.02535,37.58259],[127.02464,37.58267],[127.02413,37.58347],[127.02399,37.58433],[127.02377,37.58475],[127.02381,37.58514],[127.02434,37.58549],[127.02444,37.58599],[127.02483,37.58627],[127.02372,37.58647],[127.02361,37.58568],[127.02229,37.58534],[127.02127,37.58479]]]},"properties":{"g":"11290","gn":"성북구","d":"12300","n":"안암동3가"},"id":"LT_C_ADEMD_INFO.1207"},
{"type":"Feature","geometry":{"type":"Polygon","coordinates":[[[127.02604,37.58189],[127.02523,37.58165],[127.02414,37.58151],[127.02405,37.58166],[127.02276,37.58143],[127.02278,37.58139],[127.02379,37.57956],[127.02441,37.57919],[127.02443,37.57919],[127.02642,37.58055],[127.02605,37.5809],[127.02638,37.58143],[127.02604,37.58189]]]},"properties":{"g":"11290","gn":"성북구","d":"12400","n":"안암동4가"},"id":"LT_C_ADEMD_INFO.1222"},
{"type":"Feature","geometry":{"type":"Polygon","coordinates":[[[127.01982,37.58424],[127.01836,37.58374],[127.019,37.5829],[127.01993,37.58096],[127.0202,37.58051],[127.02192,37.5811],[127.02167,37.5811],[127.01999,37.5842],[127.01982,37.58424]]]},"properties":{"g":"11290","gn":"성북구","d":"12700","n":"보문동5가"},"id":"LT_C_ADEMD_INFO.1224"},
{"type":"Feature","geometry":{"type":"Polygon","coordinates":[[[126.99573,37.52919],[126.9954,37.52904],[126.9952,37.52896],[126.99506,37.5289],[126.99484,37.52884],[126.99385,37.52913],[126.99317,37.52892],[126.99307,37.52925],[126.99203,37.52902],[126.9915,37.52973],[126.99138,37.52965],[126.99166,37.52718],[126.99153,37.52718],[126.99174,37.52629],[126.99157,37.52573],[126.99183,37.52515],[126.99267,37.52444],[126.99348,37.52395],[126.99399,37.52335],[126.99445,37.52247],[126.99498,37.5211],[126.99602,37.52014],[126.99752,37.51742],[126.99894,37.51832],[126.99748,37.52168],[126.99744,37.52266],[126.99778,37.52314],[126.99775,37.52439],[126.9974,37.52481],[126.99698,37.52498],[126.99661,37.52594],[126.997,37.52655],[126.99637,37.52785],[126.99603,37.52813],[126.99576,37.52873],[126.99573,37.52919]]]},"properties":{"g":"11170","gn":"용산구","d":"13200","n":"동빙고동"},"id":"LT_C_ADEMD_INFO.1255"},
{"type":"Feature","geometry":{"type":"Polygon","coordinates":[[[126.99752,37.51742],[126.99602,37.52014],[126.99498,37.5211],[126.99445,37.52247],[126.99399,37.52335],[126.99348,37.52395],[126.99267,37.52444],[126.99183,37.52515],[126.99116,37.52498],[126.99066,37.52398],[126.99024,37.52351],[126.98988,37.52242],[126.9888,37.5219],[126.98862,37.52147],[126.98797,37.52097],[126.98778,37.52048],[126.98784,37.51925],[126.98525,37.51914],[126.98547,37.51623],[126.98948,37.51385],[126.99068,37.5131],[126.99742,37.51736],[126.99752,37.51742]]]},"properties":{"g":"11170","gn":"용산구","d":"13300","n":"서빙고동"},"id":"LT_C_ADEMD_INFO.1256"},
{"type":"Feature","geometry":{"type":"Polygon","coordinates":[[[127.00319,37.52116],[127.0015,37.52283],[127.00079,37.52317],[127.00003,37.52265],[126.99972,37.52307],[126.99887,37.52291],[126.99814,37.52341],[126.99842,37.52403],[126.99836,37.52441],[126.9974,37.52481],[126.99775,37.52439],[126.99778,37.52314],[126.99744,37.52266],[126.99748,37.52168],[126.99894,37.51832],[127.00079,37.5195],[127.00319,37.52116]]]},"properties":{"g":"11170","gn":"용산구","d":"13400","n":"주성동"},"id":"LT_C_ADEMD_INFO.1257"},
{"type":"Feature","geometry":{"type":"Polygon","coordinates":[[[126.99153,37.52718],[126.98963,37.52717],[126.98859,37.52705],[126.98755,37.52715],[126.98583,37.52714],[126.98336,37.52661],[126.9816,37.52617],[126.98007,37.52618],[126.97824,37.52401],[126.97801,37.52339],[126.97772,37.52301],[126.9768,37.52112],[126.97959,37.52023],[126.98089,37.5199],[126.98295,37.51947],[126.98291,37.51723],[126.98281,37.51654],[126.98158,37.51645],[126.98251,37.516],[126.98242,37.51442],[126.98241,37.50654],[126.98554,37.50655],[126.98749,37.50906],[126.99068,37.5131],[126.98948,37.51385],[126.98547,37.51623],[126.98525,37.51914],[126.98784,37.51925],[126.98778,37.52048],[126.98797,37.52097],[126.98862,37.52147],[126.9888,37.5219],[126.98988,37.52242],[126.99024,37.52351],[126.99066,37.52398],[126.99116,37.52498],[126.99183,37.52515],[126.99157,37.52573],[126.99174,37.52629],[126.99153,37.52718]]]},"properties":{"g":"11170","gn":"용산구","d":"13500","n":"용산동6가"},"id":"LT_C_ADEMD_INFO.1258"},
{"type":"Feature","geometry":{"type":"Polygon","coordinates":[[[127.00765,37.52466],[127.0048,37.52636],[127.00443,37.52666],[127.0042,37.52723],[127.00434,37.52776],[127.00359,37.52762],[127.0028,37.52816],[127.00316,37.52881],[127.00382,37.52935],[127.00335,37.53031],[127.00084,37.53169],[127.00017,37.53195],[126.99806,37.5326],[126.99787,37.5326],[126.99783,37.5326],[126.99782,37.5326],[126.99781,37.53253],[126.99781,37.53252],[126.9978,37.53244],[126.9978,37.53243],[126.99765,37.53236],[126.99757,37.53232],[126.99752,37.5323],[126.99687,37.53164],[126.99653,37.53054],[126.99623,37.53015],[126.99603,37.52971],[126.99571,37.52926],[126.99573,37.52919],[126.99576,37.52873],[126.99603,37.52813],[126.99637,37.52785],[126.997,37.52655],[126.99661,37.52594],[126.99698,37.52498],[126.9974,37.52481],[126.99836,37.52441],[126.99842,37.52403],[126.99814,37.52341],[126.99887,37.52291],[126.99972,37.52307],[127.00003,37.52265],[127.00079,37.52317],[127.0015,37.52283],[127.00319,37.52116],[127.00648,37.52346],[127.00765,37.52466]]]},"properties":{"g":"11170","gn":"용산구","d":"13600","n":"보광동"},"id":"LT_C_ADEMD_INFO.1259"},
{"type":"Feature","geometry":{"type":"Polygon","coordinates":[[[127.02953,37.56698],[127.02961,37.56692],[127.02968,37.56687],[127.02964,37.56677],[127.02955,37.56672],[127.02949,37.56669],[127.02922,37.56656],[127.02915,37.56651],[127.02902,37.56634],[127.029,37.56632],[127.02891,37.56621],[127.02897,37.56615],[127.02916,37.56595],[127.02927,37.56583],[127.02927,37.56582],[127.02926,37.56581],[127.02922,37.56579],[127.02928,37.56571],[127.02938,37.56539],[127.02931,37.56538],[127.02925,37.56505],[127.02918,37.56484],[127.02917,37.56482],[127.02913,37.56478],[127.02912,37.56474],[127.02903,37.56474],[127.02896,37.56467],[127.02897,37.56465],[127.02949,37.56444],[127.02974,37.56429],[127.03002,37.56414],[127.0301,37.56412],[127.0301,37.56413],[127.03009,37.56543],[127.0301,37.56543],[127.0304,37.5654],[127.03192,37.56523],[127.03468,37.56491],[127.03562,37.56478],[127.03585,37.56476],[127.0363,37.56472],[127.03632,37.56472],[127.03632,37.56474],[127.03634,37.56484],[127.03639,37.56521],[127.03647,37.56588],[127.03649,37.56605],[127.0364,37.56606],[127.03548,37.56616],[127.03507,37.56621],[127.03469,37.5663],[127.03417,37.56681],[127.03331,37.56765],[127.03289,37.56806],[127.03337,37.56831],[127.03361,37.56843],[127.03361,37.56847],[127.03355,37.56881],[127.03352,37.56899],[127.03312,37.56929],[127.03257,37.56975],[127.03249,37.56982],[127.03218,37.57008],[127.03217,37.57009],[127.03157,37.56987],[127.03127,37.5698],[127.03029,37.56981],[127.03029,37.56978],[127.03028,37.56974],[127.03027,37.56961],[127.03032,37.56924],[127.03039,37.56924],[127.0304,37.56924],[127.03115,37.56932],[127.03171,37.56946],[127.03245,37.56953],[127.03248,37.56933],[127.03259,37.56934],[127.03268,37.5693],[127.03287,37.56891],[127.033,37.56894],[127.03308,37.56896],[127.03326,37.56886],[127.03333,37.56878],[127.03349,37.5688],[127.03337,37.56869],[127.03333,37.5686],[127.03326,37.56834],[127.03325,37.56832],[127.03303,37.56819],[127.0326,37.56817],[127.03248,37.56814],[127.03187,37.56823],[127.03155,37.56801],[127.03152,37.56795],[127.03115,37.56784],[127.03104,37.56782],[127.03089,37.5678],[127.03078,37.56779],[127.0307,37.56778],[127.0303,37.56767],[127.03001,37.56762],[127.02983,37.56695],[127.02953,37.56698]]]},"properties":{"g":"11200","gn":"성동구","d":"10300","n":"홍익동"},"id":"LT_C_ADEMD_INFO.1260"},
{"type":"Feature","geometry":{"type":"Polygon","coordinates":[[[127.03649,37.56605],[127.0378,37.5659],[127.03795,37.56455],[127.03831,37.56349],[127.03921,37.56228],[127.04036,37.562],[127.04158,37.56211],[127.0418,37.56225],[127.04182,37.56223],[127.04187,37.56231],[127.04204,37.56227],[127.0423,37.56206],[127.04256,37.56197],[127.04319,37.56226],[127.04389,37.56249],[127.04438,37.56226],[127.0454,37.56216],[127.0456,37.56226],[127.04572,37.56233],[127.04586,37.56266],[127.04587,37.56267],[127.04586,37.56268],[127.04575,37.56288],[127.04576,37.56298],[127.04584,37.56315],[127.04586,37.56326],[127.04587,37.56326],[127.04595,37.56332],[127.04634,37.56396],[127.04691,37.56418],[127.047,37.56434],[127.04703,37.56444],[127.04702,37.56446],[127.04691,37.56465],[127.0469,37.56468],[127.0469,37.56471],[127.04689,37.56474],[127.04688,37.56478],[127.04686,37.56488],[127.04684,37.565],[127.04685,37.56504],[127.04688,37.56513],[127.04734,37.56515],[127.04773,37.56447],[127.04776,37.56436],[127.04785,37.56427],[127.0479,37.5642],[127.04836,37.56406],[127.04875,37.56334],[127.04906,37.56275],[127.04921,37.56246],[127.04925,37.56262],[127.04926,37.56298],[127.04926,37.5633],[127.04924,37.5634],[127.04928,37.56355],[127.04929,37.56355],[127.04855,37.56488],[127.0462,37.56932],[127.04556,37.56995],[127.04416,37.57072],[127.042,37.57167],[127.04041,37.57207],[127.03944,37.57219],[127.03876,37.57227],[127.0386,37.57227],[127.03841,37.57227],[127.03823,37.57227],[127.03814,37.57227],[127.03813,37.57227],[127.03774,37.57227],[127.03744,37.57226],[127.03705,37.57227],[127.03564,37.572],[127.03418,37.57139],[127.03306,37.57051],[127.03257,37.57024],[127.03217,37.57009],[127.03218,37.57008],[127.03249,37.56982],[127.03257,37.56975],[127.03312,37.56929],[127.03352,37.56899],[127.03355,37.56881],[127.03361,37.56847],[127.03361,37.56843],[127.03337,37.56831],[127.03289,37.56806],[127.03417,37.56681],[127.03469,37.5663],[127.03507,37.56621],[127.03548,37.56616],[127.0364,37.56606],[127.03649,37.56605]]]},"properties":{"g":"11200","gn":"성동구","d":"10500","n":"마장동"},"id":"LT_C_ADEMD_INFO.1264"},
{"type":"Feature","geometry":{"type":"Polygon","coordinates":[[[127.04438,37.56226],[127.04389,37.56249],[127.04319,37.56226],[127.04256,37.56197],[127.0423,37.56206],[127.04204,37.56227],[127.04187,37.56231],[127.04182,37.56223],[127.04162,37.56186],[127.0416,37.5618],[127.04138,37.56103],[127.04204,37.56082],[127.0422,37.56071],[127.04234,37.56057],[127.04238,37.56046],[127.0425,37.56044],[127.04265,37.56038],[127.04261,37.56034],[127.04281,37.56013],[127.04305,37.55971],[127.0431,37.55965],[127.0432,37.55956],[127.0433,37.55951],[127.04331,37.55934],[127.04331,37.55905],[127.04332,37.55884],[127.04332,37.55872],[127.0434,37.55869],[127.04377,37.55859],[127.04397,37.55852],[127.0441,37.55848],[127.04424,37.55838],[127.04487,37.55817],[127.04525,37.55794],[127.0454,37.55733],[127.04577,37.55706],[127.04585,37.557],[127.04601,37.5568],[127.04612,37.55667],[127.04611,37.55665],[127.04604,37.55647],[127.04597,37.55588],[127.04597,37.55586],[127.04621,37.55453],[127.04622,37.55445],[127.04617,37.55444],[127.04612,37.55444],[127.04609,37.55435],[127.04598,37.55426],[127.04593,37.55422],[127.04583,37.55401],[127.04591,37.55369],[127.04636,37.55349],[127.04687,37.55318],[127.04725,37.55307],[127.04901,37.55255],[127.05,37.55356],[127.05024,37.55428],[127.0506,37.55488],[127.05149,37.5557],[127.05153,37.55648],[127.05144,37.55696],[127.05202,37.55746],[127.05196,37.55793],[127.05155,37.55806],[127.05128,37.55852],[127.05165,37.55874],[127.05178,37.55916],[127.05148,37.55969],[127.0504,37.56021],[127.0501,37.56086],[127.05051,37.56137],[127.05118,37.56199],[127.05123,37.56244],[127.05101,37.56285],[127.04933,37.56372],[127.04929,37.56355],[127.04928,37.56355],[127.04924,37.5634],[127.04926,37.5633],[127.04926,37.56298],[127.04925,37.56262],[127.04921,37.56246],[127.04906,37.56275],[127.04875,37.56334],[127.04836,37.56406],[127.0479,37.5642],[127.04785,37.56427],[127.04776,37.56436],[127.04773,37.56447],[127.04734,37.56515],[127.04688,37.56513],[127.04685,37.56504],[127.04684,37.565],[127.04686,37.56488],[127.04688,37.56478],[127.04689,37.56474],[127.0469,37.56471],[127.0469,37.56468],[127.04691,37.56465],[127.04702,37.56446],[127.04703,37.56444],[127.047,37.56434],[127.04691,37.56418],[127.04634,37.56396],[127.04595,37.56332],[127.04587,37.56326],[127.04586,37.56326],[127.04584,37.56315],[127.04576,37.56298],[127.04575,37.56288],[127.04586,37.56268],[127.04587,37.56267],[127.04586,37.56266],[127.04572,37.56233],[127.0456,37.56226],[127.0454,37.56216],[127.04438,37.56226]]]},"properties":{"g":"11200","gn":"성동구","d":"10600","n":"사근동"},"id":"LT_C_ADEMD_INFO.1265"},
{"type":"Feature","geometry":{"type":"Polygon","coordinates":[[[127.02949,37.55383],[127.02984,37.5538],[127.03029,37.55344],[127.03133,37.55291],[127.03189,37.55296],[127.03305,37.55423],[127.03394,37.55454],[127.03459,37.55454],[127.03538,37.55482],[127.03595,37.55477],[127.03639,37.55411],[127.03718,37.55368],[127.03792,37.55346],[127.03889,37.55358],[127.03842,37.553],[127.03841,37.55262],[127.04016,37.55328],[127.04087,37.55229],[127.04088,37.5523],[127.0409,37.55231],[127.04099,37.55239],[127.04101,37.55241],[127.04136,37.55268],[127.04276,37.55312],[127.04372,37.55327],[127.04542,37.55342],[127.046,37.55354],[127.04591,37.55369],[127.04583,37.55401],[127.04593,37.55422],[127.04598,37.55426],[127.04609,37.55435],[127.04612,37.55444],[127.04617,37.55444],[127.04622,37.55445],[127.04621,37.55453],[127.04597,37.55586],[127.04597,37.55588],[127.04604,37.55647],[127.04611,37.55665],[127.04612,37.55667],[127.04601,37.5568],[127.04585,37.557],[127.04577,37.55706],[127.0454,37.55733],[127.04525,37.55794],[127.04487,37.55817],[127.04424,37.55838],[127.0441,37.55848],[127.04397,37.55852],[127.04377,37.55859],[127.0434,37.55869],[127.04332,37.55872],[127.04332,37.55884],[127.04331,37.55905],[127.04331,37.55934],[127.0433,37.55951],[127.0432,37.55956],[127.0431,37.55965],[127.04305,37.55971],[127.04281,37.56013],[127.04261,37.56034],[127.04265,37.56038],[127.0425,37.56044],[127.04238,37.56046],[127.04234,37.56057],[127.0422,37.56071],[127.04204,37.56082],[127.04138,37.56103],[127.0416,37.5618],[127.04162,37.56186],[127.0418,37.56225],[127.04158,37.56211],[127.04036,37.562],[127.03921,37.56228],[127.03831,37.56349],[127.03795,37.56455],[127.0378,37.5659],[127.03649,37.56605],[127.03647,37.56588],[127.03639,37.56521],[127.03634,37.56484],[127.03632,37.56474],[127.03632,37.56472],[127.03602,37.56246],[127.03556,37.56141],[127.03546,37.56144],[127.03503,37.56169],[127.03474,37.56176],[127.0335,37.56258],[127.03307,37.56187],[127.03233,37.56139],[127.03236,37.56099],[127.03106,37.56029],[127.03046,37.56015],[127.02899,37.56012],[127.02875,37.56027],[127.02799,37.56036],[127.02773,37.56004],[127.02716,37.55986],[127.02631,37.55912],[127.02607,37.55862],[127.02534,37.55796],[127.02436,37.55795],[127.0245,37.55784],[127.02462,37.55774],[127.02461,37.55774],[127.02462,37.55773],[127.02472,37.55764],[127.02484,37.55747],[127.02487,37.55739],[127.02491,37.55721],[127.02492,37.55688],[127.02492,37.55645],[127.0249,37.55644],[127.0248,37.55638],[127.02482,37.55592],[127.02482,37.55591],[127.02479,37.55583],[127.02475,37.55572],[127.02495,37.5557],[127.02532,37.55569],[127.02551,37.55521],[127.02609,37.55492],[127.02681,37.55467],[127.02751,37.55444],[127.02782,37.55418],[127.02834,37.55423],[127.02898,37.55391],[127.02908,37.5539],[127.02916,37.5539],[127.02932,37.5539],[127.02938,37.55387],[127.02949,37.55383]]]},"properties":{"g":"11200","gn":"성동구","d":"10700","n":"행당동"},"id":"LT_C_ADEMD_INFO.1266"},
{"type":"Feature","geometry":{"type":"Polygon","coordinates":[[[127.02946,37.55384],[127.02947,37.55382],[127.02944,37.55377],[127.02957,37.55353],[127.02959,37.55335],[127.02956,37.55326],[127.02943,37.55301],[127.02923,37.5529],[127.02921,37.5529],[127.02897,37.55273],[127.02899,37.55263],[127.02908,37.55228],[127.02924,37.55223],[127.02925,37.55223],[127.02958,37.55164],[127.0293,37.55073],[127.02909,37.54996],[127.02888,37.54976],[127.02888,37.54937],[127.02908,37.54922],[127.0293,37.54894],[127.02953,37.54874],[127.02965,37.54835],[127.02969,37.54797],[127.03005,37.5478],[127.03101,37.54713],[127.03114,37.54692],[127.03118,37.54689],[127.03123,37.5468],[127.03167,37.54626],[127.03272,37.54635],[127.0331,37.5465],[127.03347,37.5469],[127.0336,37.54704],[127.03428,37.54763],[127.03476,37.54786],[127.03526,37.54799],[127.03561,37.54816],[127.03583,37.5484],[127.03604,37.54864],[127.03632,37.54897],[127.03675,37.54956],[127.03686,37.54971],[127.03722,37.55012],[127.0373,37.55019],[127.03775,37.55059],[127.03862,37.55116],[127.03919,37.55145],[127.03956,37.55166],[127.03968,37.55171],[127.04065,37.55212],[127.04075,37.55218],[127.04084,37.55226],[127.04087,37.55229],[127.04016,37.55328],[127.03841,37.55262],[127.03842,37.553],[127.03889,37.55358],[127.03792,37.55346],[127.03718,37.55368],[127.03639,37.55411],[127.03595,37.55477],[127.03538,37.55482],[127.03459,37.55454],[127.03394,37.55454],[127.03305,37.55423],[127.03189,37.55296],[127.03133,37.55291],[127.03029,37.55344],[127.02984,37.5538],[127.02949,37.55383],[127.02946,37.55384]]]},"properties":{"g":"11200","gn":"성동구","d":"10800","n":"응봉동"},"id":"LT_C_ADEMD_INFO.1267"},
{"type":"Feature","geometry":{"type":"Polygon","coordinates":[[[127.02608,37.54808],[127.02622,37.54812],[127.02653,37.54812],[127.02686,37.54813],[127.02692,37.54814],[127.02698,37.54816],[127.02699,37.54815],[127.02709,37.54818],[127.02747,37.54838],[127.02818,37.54869],[127.02841,37.54863],[127.02852,37.54864],[127.0293,37.54894],[127.02908,37.54922],[127.02888,37.54937],[127.02888,37.54976],[127.02909,37.54996],[127.0293,37.55073],[127.02958,37.55164],[127.02925,37.55223],[127.02924,37.55223],[127.02908,37.55228],[127.02899,37.55263],[127.02897,37.55273],[127.02921,37.5529],[127.02923,37.5529],[127.02943,37.55301],[127.02956,37.55326],[127.02959,37.55335],[127.02957,37.55353],[127.02944,37.55377],[127.02947,37.55382],[127.02946,37.55384],[127.02938,37.55387],[127.02932,37.5539],[127.02916,37.5539],[127.02908,37.5539],[127.02898,37.55391],[127.02834,37.55423],[127.02782,37.55418],[127.02751,37.55444],[127.02681,37.55467],[127.02609,37.55492],[127.02551,37.55521],[127.02532,37.55569],[127.02495,37.5557],[127.02475,37.55572],[127.02479,37.55583],[127.02482,37.55591],[127.02482,37.55592],[127.0248,37.55638],[127.0249,37.55644],[127.02492,37.55645],[127.02492,37.55688],[127.02491,37.55721],[127.02487,37.55739],[127.02484,37.55747],[127.02472,37.55764],[127.02462,37.55773],[127.02459,37.55775],[127.02453,37.55775],[127.0242,37.55777],[127.02342,37.55773],[127.02309,37.55772],[127.02295,37.55772],[127.02291,37.55786],[127.02255,37.55783],[127.02252,37.55778],[127.02192,37.55748],[127.0209,37.55783],[127.01958,37.5575],[127.01968,37.55726],[127.01983,37.55679],[127.02,37.55587],[127.01999,37.55462],[127.02082,37.55396],[127.02144,37.55357],[127.02342,37.55307],[127.02444,37.55268],[127.02513,37.55227],[127.02545,37.55173],[127.02566,37.55087],[127.02607,37.55009],[127.02609,37.54971],[127.0259,37.54847],[127.02567,37.54817],[127.02569,37.54816],[127.0259,37.54805],[127.026,37.54805],[127.02605,37.54807],[127.02608,37.54808]]]},"properties":{"g":"11200","gn":"성동구","d":"10900","n":"금호동1가"},"id":"LT_C_ADEMD_INFO.1269"},
{"type":"Feature","geometry":{"type":"Polygon","coordinates":[[[126.90544,37.53215],[126.89895,37.53536],[126.89655,37.5323],[126.9026,37.5293],[126.90409,37.52888],[126.90491,37.53067],[126.90503,37.53117],[126.90544,37.53215]]]},"properties":{"g":"11560","gn":"영등포구","d":"11500","n":"당산동5가"},"id":"LT_C_ADEMD_INFO.1270"},
{"type":"Feature","geometry":{"type":"Polygon","coordinates":[[[127.01616,37.55261],[127.01648,37.55195],[127.01689,37.55122],[127.01786,37.55037],[127.01863,37.5519],[127.02097,37.55176],[127.0221,37.55107],[127.0233,37.55087],[127.02503,37.55015],[127.02528,37.54957],[127.0256,37.5492],[127.02561,37.54818],[127.02567,37.54817],[127.0259,37.54847],[127.02609,37.54971],[127.02607,37.55009],[127.02566,37.55087],[127.02545,37.55173],[127.02513,37.55227],[127.02444,37.55268],[127.02342,37.55307],[127.02144,37.55357],[127.02082,37.55396],[127.01999,37.55462],[127.02,37.55587],[127.01983,37.55679],[127.01968,37.55726],[127.01941,37.55744],[127.01901,37.55724],[127.01879,37.55722],[127.01865,37.55709],[127.01804,37.55685],[127.01734,37.55586],[127.01724,37.55498],[127.01686,37.55447],[127.01699,37.55366],[127.01634,37.55306],[127.01616,37.55261]]]},"properties":{"g":"11200","gn":"성동구","d":"11000","n":"금호동2가"},"id":"LT_C_ADEMD_INFO.1271"},
{"type":"Feature","geometry":{"type":"Polygon","coordinates":[[[127.01662,37.58698],[127.01635,37.58677],[127.0164,37.58648],[127.01579,37.58593],[127.01553,37.58552],[127.01559,37.58517],[127.01467,37.58448],[127.01483,37.58363],[127.01465,37.58298],[127.01507,37.58256],[127.01483,37.58233],[127.01561,37.58178],[127.01636,37.58194],[127.0167,37.58168],[127.01751,37.58207],[127.01736,37.58249],[127.01737,37.58313],[127.01777,37.58329],[127.01836,37.58374],[127.01662,37.58698]]]},"properties":{"g":"11290","gn":"성북구","d":"13200","n":"보문동3가"},"id":"LT_C_ADEMD_INFO.1339"},
{"type":"Feature","geometry":{"type":"Polygon","coordinates":[[[127.00555,37.59709],[127.00519,37.59738],[127.0059,37.59762],[127.00586,37.59809],[127.00623,37.59845],[127.00676,37.59872],[127.00704,37.59865],[127.00794,37.5989],[127.0085,37.59884],[127.00911,37.59913],[127.00956,37.5991],[127.01069,37.59842],[127.01107,37.59839],[127.01136,37.59874],[127.01138,37.59952],[127.01124,37.60023],[127.01137,37.6011],[127.01204,37.60125],[127.01248,37.60177],[127.01311,37.60175],[127.01407,37.60086],[127.01374,37.60058],[127.0139,37.6001],[127.01435,37.60026],[127.01497,37.60027],[127.01616,37.59965],[127.01669,37.5991],[127.01717,37.59881],[127.01781,37.59926],[127.01831,37.59907],[127.01858,37.5986],[127.01895,37.59867],[127.01928,37.59901],[127.01988,37.59916],[127.02025,37.5994],[127.02068,37.60015],[127.02127,37.60009],[127.02161,37.60054],[127.02149,37.60121],[127.02198,37.60157],[127.02197,37.60206],[127.02015,37.60229],[127.02011,37.60241],[127.01889,37.60278],[127.0188,37.60344],[127.0184,37.60367],[127.0177,37.6038],[127.01788,37.6041],[127.01758,37.6045],[127.0182,37.60459],[127.01921,37.60521],[127.01853,37.60596],[127.0178,37.60634],[127.01744,37.6059],[127.01685,37.60618],[127.01714,37.60668],[127.01607,37.60699],[127.01579,37.60716],[127.0164,37.60763],[127.0166,37.60873],[127.01631,37.60881],[127.01632,37.60924],[127.01612,37.60963],[127.01524,37.61027],[127.01495,37.61095],[127.01493,37.61132],[127.01457,37.61183],[127.01445,37.61253],[127.01459,37.61323],[127.0144,37.61369],[127.01482,37.61422],[127.01448,37.61468],[127.01445,37.61468],[127.01435,37.61476],[127.01419,37.61498],[127.0134,37.61554],[127.01269,37.61575],[127.01245,37.61585],[127.01181,37.61632],[127.01103,37.61631],[127.01094,37.61629],[127.01069,37.61646],[127.01025,37.61678],[127.01014,37.6168],[127.0101,37.61685],[127.01005,37.61766],[127.00954,37.61821],[127.00907,37.61829],[127.00887,37.61841],[127.00849,37.6189],[127.00848,37.61897],[127.0083,37.6192],[127.00804,37.61939],[127.00795,37.61941],[127.00775,37.61963],[127.00786,37.61986],[127.0076,37.62001],[127.00757,37.62004],[127.00742,37.62023],[127.00721,37.62051],[127.00732,37.62069],[127.00725,37.62079],[127.00721,37.62083],[127.00724,37.62095],[127.00741,37.62139],[127.00758,37.6215],[127.00749,37.62165],[127.00744,37.62176],[127.00758,37.62252],[127.00754,37.62266],[127.00755,37.62269],[127.00779,37.62294],[127.00774,37.62335],[127.00775,37.62337],[127.00789,37.6237],[127.00787,37.62401],[127.00733,37.62413],[127.00571,37.62398],[127.00518,37.624],[127.0049,37.62382],[127.00488,37.62382],[127.00456,37.62408],[127.00389,37.62423],[127.00352,37.62493],[127.00298,37.62527],[127.00213,37.62543],[127.00176,37.62564],[127.0007,37.6257],[126.99927,37.62619],[126.99849,37.62708],[126.99789,37.62754],[126.99756,37.62806],[126.99678,37.62866],[126.9965,37.62909],[126.99604,37.62935],[126.99539,37.63025],[126.99424,37.63086],[126.99369,37.63147],[126.99184,37.63228],[126.99137,37.63261],[126.98993,37.6328],[126.98985,37.63345],[126.9894,37.63404],[126.98874,37.63394],[126.98818,37.63449],[126.98743,37.63496],[126.98633,37.63548],[126.98592,37.63579],[126.98371,37.63646],[126.98261,37.63582],[126.98216,37.63528],[126.98142,37.63483],[126.98061,37.63482],[126.97965,37.63421],[126.9792,37.63408],[126.9778,37.63391],[126.97733,37.63358],[126.97701,37.63297],[126.97622,37.63223],[126.97537,37.6317],[126.97507,37.63118],[126.97467,37.62981],[126.97496,37.629],[126.97842,37.62929],[126.97953,37.62889],[126.97993,37.62856],[126.98019,37.62793],[126.97987,37.62745],[126.9796,37.62638],[126.98091,37.62539],[126.98183,37.62432],[126.98365,37.62115],[126.98317,37.6202],[126.98316,37.61925],[126.98372,37.61777],[126.9844,37.61687],[126.98454,37.616],[126.98516,37.6155],[126.98541,37.61514],[126.98658,37.61398],[126.98614,37.61322],[126.98618,37.61298],[126.98565,37.61138],[126.98579,37.6109],[126.98587,37.60946],[126.98683,37.60887],[126.9867,37.60828],[126.98611,37.60739],[126.98637,37.60686],[126.98631,37.60651],[126.98676,37.60609],[126.98667,37.60507],[126.98679,37.60451],[126.98667,37.60402],[126.98718,37.60388],[126.98759,37.60399],[126.98868,37.60402],[126.9892,37.60387],[126.99085,37.60405],[126.99141,37.60375],[126.99308,37.60361],[126.99345,37.60322],[126.99401,37.60314],[126.99419,37.60276],[126.99471,37.60248],[126.99555,37.60271],[126.99599,37.60236],[126.99689,37.60217],[126.99773,37.60209],[126.99875,37.60138],[126.99928,37.60143],[126.99995,37.60165],[127.0003,37.60145],[127.00108,37.60139],[127.00142,37.6006],[127.00207,37.60005],[127.00219,37.59951],[127.00275,37.59926],[127.00292,37.59891],[127.00339,37.59858],[127.00349,37.59804],[127.00415,37.59768],[127.0047,37.59719],[127.00555,37.59709]]]},"properties":{"g":"11290","gn":"성북구","d":"13300","n":"정릉동"},"id":"LT_C_ADEMD_INFO.1340"},
{"type":"Feature","geometry":{"type":"Polygon","coordinates":[[[127.01691,37.61482],[127.0168,37.61487],[127.01653,37.61494],[127.01646,37.61488],[127.01525,37.61467],[127.01449,37.61468],[127.01448,37.61468],[127.01482,37.61422],[127.0144,37.61369],[127.01459,37.61323],[127.01445,37.61253],[127.01457,37.61183],[127.01493,37.61132],[127.01495,37.61095],[127.01524,37.61027],[127.01612,37.60963],[127.01632,37.60924],[127.01631,37.60881],[127.0166,37.60873],[127.0164,37.60763],[127.01579,37.60716],[127.01607,37.60699],[127.01714,37.60668],[127.01685,37.60618],[127.01744,37.6059],[127.0178,37.60634],[127.01853,37.60596],[127.01921,37.60521],[127.0182,37.60459],[127.01758,37.6045],[127.01788,37.6041],[127.0177,37.6038],[127.0184,37.60367],[127.0188,37.60344],[127.01889,37.60278],[127.02011,37.60241],[127.02015,37.60229],[127.02197,37.60206],[127.02265,37.60203],[127.02434,37.60234],[127.02507,37.60273],[127.02581,37.60363],[127.02536,37.60442],[127.02609,37.60494],[127.02773,37.60634],[127.0294,37.60792],[127.03025,37.60898],[127.03029,37.61],[127.0303,37.61019],[127.0303,37.6103],[127.03031,37.61039],[127.03031,37.61059],[127.03032,37.61064],[127.03032,37.6107],[127.03034,37.61125],[127.03034,37.61127],[127.03032,37.61148],[127.03018,37.61236],[127.02997,37.61237],[127.02969,37.61237],[127.02955,37.61238],[127.02952,37.61237],[127.02941,37.61238],[127.02928,37.61239],[127.02868,37.61245],[127.02837,37.61253],[127.02826,37.61255],[127.02803,37.61256],[127.028,37.61256],[127.02771,37.61261],[127.02754,37.61256],[127.02733,37.61256],[127.0272,37.61257],[127.02715,37.61259],[127.02684,37.61268],[127.02669,37.6127],[127.02652,37.61269],[127.02643,37.61269],[127.02642,37.61269],[127.02616,37.61248],[127.02616,37.61247],[127.02608,37.61231],[127.026,37.61223],[127.02574,37.61214],[127.02519,37.61201],[127.02501,37.61203],[127.02456,37.61214],[127.02448,37.61208],[127.02441,37.61207],[127.0241,37.61201],[127.02407,37.612],[127.02392,37.61196],[127.02387,37.61194],[127.02344,37.61173],[127.02275,37.61152],[127.0227,37.61149],[127.02258,37.6114],[127.02242,37.61144],[127.02227,37.6114],[127.02214,37.61138],[127.02206,37.61172],[127.02191,37.61233],[127.02068,37.61251],[127.02067,37.61251],[127.02066,37.61252],[127.02043,37.61259],[127.02034,37.61286],[127.01969,37.61326],[127.01918,37.61381],[127.01913,37.61382],[127.01881,37.61378],[127.01855,37.61386],[127.01854,37.61386],[127.01814,37.614],[127.01782,37.61437],[127.01782,37.61439],[127.01778,37.61443],[127.01756,37.61462],[127.0175,37.61464],[127.01732,37.61468],[127.01712,37.61478],[127.01691,37.61482]]]},"properties":{"g":"11290","gn":"성북구","d":"13400","n":"길음동"},"id":"LT_C_ADEMD_INFO.1344"},
{"type":"Feature","geometry":{"type":"Polygon","coordinates":[[[126.90123,37.53708],[126.90063,37.53749],[126.89895,37.53536],[126.90544,37.53215],[126.90575,37.532],[126.90683,37.53275],[126.90711,37.53295],[126.90685,37.53335],[126.90628,37.53323],[126.90587,37.53384],[126.9046,37.53492],[126.90488,37.53515],[126.90369,37.5356],[126.90344,37.53557],[126.9024,37.53622],[126.90123,37.53708]]]},"properties":{"g":"11560","gn":"영등포구","d":"11600","n":"당산동6가"},"id":"LT_C_ADEMD_INFO.1352"},
{"type":"Feature","geometry":{"type":"Polygon","coordinates":[[[126.90123,37.53708],[126.9024,37.53622],[126.90344,37.53557],[126.90369,37.5356],[126.90488,37.53515],[126.9046,37.53492],[126.90587,37.53384],[126.90628,37.53323],[126.90685,37.53335],[126.90711,37.53295],[126.90683,37.53275],[126.90664,37.53252],[126.90647,37.52879],[126.90645,37.52801],[126.90657,37.52707],[126.90707,37.52569],[126.90719,37.52565],[126.90862,37.52601],[126.91106,37.52634],[126.91032,37.52819],[126.90917,37.53082],[126.90818,37.53282],[126.9076,37.5361],[126.90654,37.53935],[126.90483,37.54142],[126.90378,37.54255],[126.90219,37.54413],[126.90148,37.54356],[126.90151,37.54329],[126.90066,37.5428],[126.901,37.54223],[126.90055,37.54213],[126.90012,37.54178],[126.89902,37.54221],[126.89837,37.54277],[126.89785,37.54246],[126.89649,37.54297],[126.89604,37.54247],[126.89568,37.54171],[126.89449,37.54214],[126.89384,37.54222],[126.89413,37.54165],[126.89559,37.54086],[126.89602,37.54055],[126.89773,37.53941],[126.89791,37.53929],[126.89814,37.53912],[126.89815,37.53975],[126.89956,37.53924],[126.89907,37.53859],[126.89909,37.53858],[126.89935,37.5386],[126.90062,37.5383],[126.90073,37.53814],[126.90034,37.53768],[126.90035,37.53766],[126.90075,37.53814],[126.90106,37.53787],[126.90123,37.53708]]]},"properties":{"g":"11560","gn":"영등포구","d":"11700","n":"당산동"},"id":"LT_C_ADEMD_INFO.1353"},
{"type":"Feature","geometry":{"type":"Polygon","coordinates":[[[126.89923,37.50403],[126.89933,37.50436],[126.89824,37.50537],[126.90125,37.50665],[126.90138,37.50677],[126.90292,37.5074],[126.90329,37.50766],[126.90668,37.50917],[126.9069,37.50902],[126.90908,37.50996],[126.91011,37.51036],[126.91017,37.51082],[126.90986,37.51173],[126.90999,37.51244],[126.90931,37.51233],[126.90879,37.51241],[126.90814,37.51228],[126.90765,37.51236],[126.90677,37.51156],[126.90604,37.51119],[126.90584,37.51074],[126.90467,37.50997],[126.90406,37.50966],[126.90355,37.50959],[126.90253,37.50963],[126.90172,37.50987],[126.90112,37.51133],[126.9011,37.51166],[126.90033,37.51205],[126.89801,37.51126],[126.8976,37.51184],[126.89591,37.51106],[126.895,37.51074],[126.89296,37.50983],[126.89301,37.50854],[126.89385,37.50836],[126.8945,37.508],[126.89533,37.5074],[126.89549,37.50716],[126.8964,37.50659],[126.89674,37.50596],[126.89853,37.50428],[126.89923,37.50403]]]},"properties":{"g":"11560","gn":"영등포구","d":"11800","n":"도림동"},"id":"LT_C_ADEMD_INFO.1356"},
{"type":"Feature","geometry":{"type":"Polygon","coordinates":[[[126.88881,37.51722],[126.88223,37.51824],[126.88205,37.5197],[126.87857,37.51971],[126.87832,37.51943],[126.8782,37.51875],[126.87842,37.51825],[126.8788,37.51791],[126.87948,37.51778],[126.88173,37.51642],[126.88202,37.5161],[126.88271,37.51577],[126.88271,37.51514],[126.88409,37.51439],[126.8846,37.51371],[126.88568,37.51358],[126.88634,37.51336],[126.8875,37.51319],[126.88784,37.51301],[126.88756,37.51323],[126.88706,37.51327],[126.88696,37.51349],[126.88733,37.51394],[126.88881,37.51722]]]},"properties":{"g":"11560","gn":"영등포구","d":"12300","n":"문래동5가"},"id":"LT_C_ADEMD_INFO.1376"},
{"type":"Feature","geometry":{"type":"Polygon","coordinates":[[[126.88173,37.52244],[126.87993,37.52285],[126.87945,37.52283],[126.87917,37.52266],[126.87907,37.52261],[126.87903,37.52261],[126.87905,37.52256],[126.87906,37.52254],[126.87905,37.52252],[126.879,37.52246],[126.87915,37.52216],[126.87941,37.52083],[126.87944,37.5206],[126.8794,37.52036],[126.8791,37.52002],[126.87857,37.51971],[126.88205,37.5197],[126.88223,37.51824],[126.88881,37.51722],[126.88881,37.51723],[126.88973,37.52105],[126.88529,37.52173],[126.885,37.52057],[126.8819,37.52104],[126.88173,37.52244]]]},"properties":{"g":"11560","gn":"영등포구","d":"12400","n":"문래동6가"},"id":"LT_C_ADEMD_INFO.1380"},
{"type":"Feature","geometry":{"type":"Polygon","coordinates":[[[126.89163,37.52075],[126.8917,37.52109],[126.89144,37.52153],[126.89138,37.52209],[126.89202,37.52472],[126.88623,37.52561],[126.88529,37.52173],[126.88973,37.52105],[126.89163,37.52075]]]},"properties":{"g":"11560","gn":"영등포구","d":"12500","n":"양평동1가"},"id":"LT_C_ADEMD_INFO.1382"},
{"type":"Feature","geometry":{"type":"Polygon","coordinates":[[[126.99797,37.5743],[126.99702,37.57421],[126.99641,37.57389],[126.99666,37.57273],[126.99636,37.57229],[126.99583,37.57205],[126.99591,37.57095],[126.99782,37.57107],[126.99924,37.57122],[127.00017,37.57124],[126.99976,37.57178],[126.99807,37.5737],[126.99797,37.5743]]]},"properties":{"g":"11110","gn":"종로구","d":"15700","n":"인의동"},"id":"LT_C_ADEMD_INFO.1414"},
{"type":"Feature","geometry":{"type":"Polygon","coordinates":[[[126.99538,37.57013],[126.99563,37.56959],[126.99635,37.56889],[126.99635,37.56866],[126.99796,37.56884],[127.00145,37.56951],[127.0015,37.56972],[127.00086,37.57035],[126.99928,37.57025],[126.99903,37.57035],[126.99755,37.5703],[126.99538,37.57013]]]},"properties":{"g":"11110","gn":"종로구","d":"15800","n":"예지동"},"id":"LT_C_ADEMD_INFO.1427"},
{"type":"Feature","geometry":{"type":"Polygon","coordinates":[[[126.97031,37.58418],[126.97008,37.58479],[126.96962,37.58472],[126.9696,37.58518],[126.96911,37.5851],[126.96915,37.58584],[126.96845,37.58588],[126.96684,37.58561],[126.96631,37.58566],[126.96574,37.58551],[126.96504,37.58559],[126.965,37.58501],[126.96568,37.58465],[126.966,37.58416],[126.96726,37.58338],[126.96776,37.58352],[126.9687,37.58302],[126.9702,37.58311],[126.97034,37.58381],[126.97031,37.58418]]]},"properties":{"g":"11110","gn":"종로구","d":"10200","n":"신교동"},"id":"LT_C_ADEMD_INFO.1441"},
{"type":"Feature","geometry":{"type":"Polygon","coordinates":[[[126.974,37.58654],[126.97377,37.58656],[126.97287,37.58586],[126.97266,37.58594],[126.97226,37.58523],[126.97183,37.58481],[126.97114,37.58516],[126.97053,37.58428],[126.97031,37.58418],[126.97034,37.58381],[126.97053,37.58347],[126.97114,37.58358],[126.97245,37.58351],[126.97266,37.58392],[126.97352,37.58347],[126.97356,37.58323],[126.97404,37.58331],[126.974,37.5839],[126.9742,37.58509],[126.97447,37.58549],[126.97438,37.58592],[126.974,37.58654]]]},"properties":{"g":"11110","gn":"종로구","d":"10300","n":"궁정동"},"id":"LT_C_ADEMD_INFO.1447"},
{"type":"Feature","geometry":{"type":"Polygon","coordinates":[[[126.97356,37.58323],[126.97352,37.58347],[126.97266,37.58392],[126.97245,37.58351],[126.97114,37.58358],[126.97053,37.58347],[126.97034,37.58381],[126.9702,37.58311],[126.97064,37.5822],[126.9708,37.58149],[126.97172,37.58157],[126.97353,37.58182],[126.97356,37.58323]]]},"properties":{"g":"11110","gn":"종로구","d":"10400","n":"효자동"},"id":"LT_C_ADEMD_INFO.1449"},
{"type":"Feature","geometry":{"type":"Polygon","coordinates":[[[126.97353,37.58182],[126.97172,37.58157],[126.9708,37.58149],[126.97117,37.5801],[126.97124,37.5795],[126.9716,37.57954],[126.9732,37.57934],[126.9739,37.57932],[126.97372,37.58114],[126.97353,37.58182]]]},"properties":{"g":"11110","gn":"종로구","d":"10500","n":"창성동"},"id":"LT_C_ADEMD_INFO.1452"},
{"type":"Feature","geometry":{"type":"Polygon","coordinates":[[[126.9739,37.57932],[126.9732,37.57934],[126.9716,37.57954],[126.97124,37.5795],[126.97166,37.57814],[126.97206,37.57749],[126.97239,37.57657],[126.97417,37.57646],[126.9739,37.57932]]]},"properties":{"g":"11110","gn":"종로구","d":"10600","n":"통의동"},"id":"LT_C_ADEMD_INFO.1459"},
{"type":"Feature","geometry":{"type":"Polygon","coordinates":[[[126.97417,37.57646],[126.97239,37.57657],[126.97268,37.57569],[126.97305,37.57502],[126.97346,37.57401],[126.97545,37.57418],[126.97532,37.57441],[126.97478,37.57435],[126.97465,37.5751],[126.97472,37.57555],[126.97511,37.57593],[126.9742,37.57595],[126.97417,37.57646]]]},"properties":{"g":"11110","gn":"종로구","d":"10700","n":"적선동"},"id":"LT_C_ADEMD_INFO.1499"},
{"type":"Feature","geometry":{"type":"Polygon","coordinates":[[[126.9708,37.58149],[126.96912,37.58135],[126.9685,37.58139],[126.96844,37.58115],[126.96881,37.58056],[126.96921,37.58051],[126.96926,37.58001],[126.9699,37.57928],[126.97045,37.57907],[126.97087,37.57849],[126.97166,37.57814],[126.97124,37.5795],[126.97117,37.5801],[126.9708,37.58149]]]},"properties":{"g":"11110","gn":"종로구","d":"10800","n":"통인동"},"id":"LT_C_ADEMD_INFO.1532"},
{"type":"Feature","geometry":{"type":"Polygon","coordinates":[[[126.97239,37.57657],[126.97112,37.57645],[126.97052,37.57648],[126.97036,37.57622],[126.97041,37.57563],[126.97016,37.57493],[126.97051,37.57474],[126.97137,37.57444],[126.97327,37.57398],[126.97346,37.57401],[126.97305,37.57502],[126.97268,37.57569],[126.97239,37.57657]]]},"properties":{"g":"11110","gn":"종로구","d":"11400","n":"내자동"},"id":"LT_C_ADEMD_INFO.1537"},
{"type":"Feature","geometry":{"type":"Polygon","coordinates":[[[126.97545,37.57418],[126.97346,37.57401],[126.9743,37.57264],[126.97512,37.5719],[126.97568,37.57127],[126.9758,37.57162],[126.97527,37.57238],[126.97504,37.57245],[126.97499,37.57293],[126.97543,37.57297],[126.97553,37.57349],[126.97545,37.57418]]]},"properties":{"g":"11110","gn":"종로구","d":"11600","n":"도렴동"},"id":"LT_C_ADEMD_INFO.1554"},
{"type":"Feature","geometry":{"type":"Polygon","coordinates":[[[126.97556,37.58968],[126.97468,37.59108],[126.97441,37.59191],[126.97364,37.59262],[126.97377,37.59297],[126.97359,37.59327],[126.97331,37.59323],[126.97261,37.59368],[126.97189,37.59388],[126.97155,37.59368],[126.97079,37.59388],[126.97011,37.59351],[126.96892,37.59336],[126.96804,37.59359],[126.96659,37.59297],[126.96632,37.59188],[126.96593,37.59146],[126.96516,37.59139],[126.96458,37.59097],[126.96411,37.58998],[126.9642,37.58906],[126.96357,37.58847],[126.96317,37.58786],[126.9624,37.58752],[126.96239,37.58703],[126.96143,37.58658],[126.96208,37.58626],[126.96278,37.58615],[126.96321,37.58596],[126.96404,37.58624],[126.96468,37.58611],[126.96504,37.58559],[126.96574,37.58551],[126.96631,37.58566],[126.96684,37.58561],[126.96845,37.58588],[126.96915,37.58584],[126.96911,37.5851],[126.9696,37.58518],[126.96962,37.58472],[126.97008,37.58479],[126.97031,37.58418],[126.97053,37.58428],[126.97114,37.58516],[126.97183,37.58481],[126.97226,37.58523],[126.97266,37.58594],[126.97287,37.58586],[126.97377,37.58656],[126.974,37.58654],[126.97397,37.587],[126.97454,37.58848],[126.97454,37.58871],[126.97541,37.58889],[126.97536,37.58924],[126.97556,37.58968]]]},"properties":{"g":"11110","gn":"종로구","d":"10100","n":"청운동"},"id":"LT_C_ADEMD_INFO.1570"},
{"type":"Feature","geometry":{"type":"Polygon","coordinates":[[[126.96748,37.58062],[126.96702,37.581],[126.96656,37.58106],[126.96579,37.58163],[126.96499,37.58187],[126.96408,37.58199],[126.96415,37.58169],[126.96321,37.58146],[126.96233,37.58172],[126.9617,37.58225],[126.95756,37.58225],[126.95816,37.58117],[126.95803,37.58074],[126.95722,37.58035],[126.9572,37.57982],[126.95728,37.58014],[126.95819,37.58053],[126.95871,37.5805],[126.95975,37.58001],[126.96042,37.57926],[126.96111,37.57872],[126.96256,37.57836],[126.96359,37.57872],[126.96393,37.57846],[126.96445,37.57842],[126.96483,37.57818],[126.96621,37.57878],[126.96608,37.57906],[126.96645,37.57935],[126.96715,37.57919],[126.96745,37.57931],[126.96737,37.57974],[126.96748,37.58062]]]},"properties":{"g":"11110","gn":"종로구","d":"10900","n":"누상동"},"id":"LT_C_ADEMD_INFO.1571"},
{"type":"Feature","geometry":{"type":"Polygon","coordinates":[[[126.96881,37.58056],[126.96781,37.58054],[126.96748,37.58062],[126.96737,37.57974],[126.96745,37.57931],[126.96715,37.57919],[126.96645,37.57935],[126.96608,37.57906],[126.96621,37.57878],[126.96648,37.57882],[126.9673,37.57844],[126.96804,37.57823],[126.96931,37.57809],[126.96985,37.57846],[126.96967,37.57882],[126.9699,37.57928],[126.96926,37.58001],[126.96921,37.58051],[126.96881,37.58056]]]},"properties":{"g":"11110","gn":"종로구","d":"11000","n":"누하동"},"id":"LT_C_ADEMD_INFO.1572"},
{"type":"Feature","geometry":{"type":"Polygon","coordinates":[[[126.96504,37.58559],[126.96468,37.58611],[126.96404,37.58624],[126.96321,37.58596],[126.96278,37.58615],[126.96208,37.58626],[126.96143,37.58658],[126.96079,37.58633],[126.96034,37.5863],[126.9597,37.58605],[126.95919,37.5861],[126.95858,37.58572],[126.95782,37.585],[126.95798,37.58412],[126.95765,37.58317],[126.95756,37.58225],[126.9617,37.58225],[126.96233,37.58172],[126.96321,37.58146],[126.96415,37.58169],[126.96408,37.58199],[126.96499,37.58187],[126.96579,37.58163],[126.96656,37.58106],[126.96702,37.581],[126.96748,37.58062],[126.96781,37.58054],[126.96881,37.58056],[126.96844,37.58115],[126.9685,37.58139],[126.96912,37.58135],[126.9708,37.58149],[126.97064,37.5822],[126.9702,37.58311],[126.9687,37.58302],[126.96776,37.58352],[126.96726,37.58338],[126.966,37.58416],[126.96568,37.58465],[126.965,37.58501],[126.96504,37.58559]]]},"properties":{"g":"11110","gn":"종로구","d":"11100","n":"옥인동"},"id":"LT_C_ADEMD_INFO.1573"},
{"type":"Feature","geometry":{"type":"Polygon","coordinates":[[[126.9743,37.57264],[126.97404,37.57241],[126.97199,37.57216],[126.9717,37.57199],[126.9722,37.57147],[126.97311,37.57145],[126.97326,37.57111],[126.97361,37.57114],[126.97446,37.57065],[126.97506,37.57073],[126.97531,37.57051],[126.97592,37.57086],[126.97568,37.57127],[126.97512,37.5719],[126.9743,37.57264]]]},"properties":{"g":"11110","gn":"종로구","d":"11700","n":"당주동"},"id":"LT_C_ADEMD_INFO.1574"},
{"type":"Feature","geometry":{"type":"Polygon","coordinates":[[[126.9699,37.57928],[126.96967,37.57882],[126.96985,37.57846],[126.97,37.57725],[126.96988,37.57677],[126.97052,37.57648],[126.97112,37.57645],[126.97239,37.57657],[126.97206,37.57749],[126.97166,37.57814],[126.97087,37.57849],[126.97045,37.57907],[126.9699,37.57928]]]},"properties":{"g":"11110","gn":"종로구","d":"11200","n":"체부동"},"id":"LT_C_ADEMD_INFO.1575"},
{"type":"Feature","geometry":{"type":"Polygon","coordinates":[[[126.96621,37.57878],[126.96483,37.57818],[126.96515,37.57776],[126.96597,37.57726],[126.96689,37.57705],[126.96713,37.57722],[126.96775,37.57726],[126.96826,37.57668],[126.96901,37.57638],[126.96916,37.57609],[126.96895,37.57556],[126.97016,37.57493],[126.97041,37.57563],[126.97036,37.57622],[126.97052,37.57648],[126.96988,37.57677],[126.97,37.57725],[126.96985,37.57846],[126.96931,37.57809],[126.96804,37.57823],[126.9673,37.57844],[126.96648,37.57882],[126.96621,37.57878]]]},"properties":{"g":"11110","gn":"종로구","d":"11300","n":"필운동"},"id":"LT_C_ADEMD_INFO.1576"},
{"type":"Feature","geometry":{"type":"Polygon","coordinates":[[[126.96483,37.57818],[126.96445,37.57842],[126.96393,37.57846],[126.96359,37.57872],[126.96256,37.57836],[126.96111,37.57872],[126.96122,37.57842],[126.96187,37.57798],[126.96286,37.57753],[126.96308,37.57702],[126.96293,37.57658],[126.96313,37.5759],[126.96338,37.57551],[126.96358,37.57446],[126.96355,37.57403],[126.96442,37.57306],[126.96526,37.57278],[126.96571,37.57299],[126.9661,37.57218],[126.96685,37.57204],[126.96708,37.57216],[126.96738,37.57287],[126.96829,37.57316],[126.96814,37.57373],[126.96855,37.57386],[126.96889,37.57362],[126.96957,37.57392],[126.96995,37.57389],[126.97007,37.57442],[126.97051,37.57474],[126.97016,37.57493],[126.96895,37.57556],[126.96916,37.57609],[126.96901,37.57638],[126.96826,37.57668],[126.96775,37.57726],[126.96713,37.57722],[126.96689,37.57705],[126.96597,37.57726],[126.96515,37.57776],[126.96483,37.57818]]]},"properties":{"g":"11110","gn":"종로구","d":"11500","n":"사직동"},"id":"LT_C_ADEMD_INFO.1577"},
{"type":"Feature","geometry":{"type":"Polygon","coordinates":[[[126.97592,37.57086],[126.97531,37.57051],[126.97506,37.57073],[126.97446,37.57065],[126.97361,37.57114],[126.97326,37.57111],[126.97311,37.57145],[126.9722,37.57147],[126.97202,37.57067],[126.97192,37.56966],[126.9732,37.56932],[126.97418,37.56934],[126.97471,37.5692],[126.97566,37.56938],[126.97619,37.56947],[126.97615,37.57029],[126.97626,37.57054],[126.97592,37.57086]]]},"properties":{"g":"11110","gn":"종로구","d":"12000","n":"신문로1가"},"id":"LT_C_ADEMD_INFO.1578"},
{"type":"Feature","geometry":{"type":"Polygon","coordinates":[[[126.96526,37.57278],[126.96545,37.57244],[126.96558,37.57201],[126.96599,37.57159],[126.9662,37.57123],[126.9659,37.57073],[126.96615,37.56989],[126.96658,37.56952],[126.96681,37.56935],[126.96794,37.56918],[126.96858,37.56835],[126.9691,37.56825],[126.96927,37.56813],[126.96951,37.56816],[126.97104,37.56878],[126.97151,37.56871],[126.97166,37.56841],[126.97255,37.56847],[126.97259,37.56906],[126.9732,37.56932],[126.97192,37.56966],[126.97202,37.57067],[126.9722,37.57147],[126.9717,37.57199],[126.97129,37.57241],[126.97046,37.57281],[126.97027,37.57348],[126.96995,37.57389],[126.96957,37.57392],[126.96889,37.57362],[126.96855,37.57386],[126.96814,37.57373],[126.96829,37.57316],[126.96738,37.57287],[126.96708,37.57216],[126.96685,37.57204],[126.9661,37.57218],[126.96571,37.57299],[126.96526,37.57278]]]},"properties":{"g":"11110","gn":"종로구","d":"12100","n":"신문로2가"},"id":"LT_C_ADEMD_INFO.1579"},
{"type":"Feature","geometry":{"type":"Polygon","coordinates":[[[126.98207,37.57204],[126.98129,37.57235],[126.98118,37.57216],[126.98055,37.57243],[126.97999,37.57252],[126.97848,37.57244],[126.97854,37.57066],[126.97853,37.57052],[126.98205,37.57051],[126.9818,37.57167],[126.98207,37.57204]]]},"properties":{"g":"11110","gn":"종로구","d":"12200","n":"청진동"},"id":"LT_C_ADEMD_INFO.1580"},
{"type":"Feature","geometry":{"type":"Polygon","coordinates":[[[126.98265,37.57546],[126.98211,37.57549],[126.98137,37.5757],[126.98049,37.57517],[126.97954,37.57439],[126.97925,37.57425],[126.9785,37.57434],[126.97848,37.57244],[126.97999,37.57252],[126.98055,37.57243],[126.98118,37.57216],[126.98129,37.57235],[126.98207,37.57204],[126.98231,37.57202],[126.98228,37.57283],[126.98253,37.5738],[126.98187,37.57395],[126.98189,37.57444],[126.98216,37.57446],[126.98235,37.57518],[126.98265,37.57546]]]},"properties":{"g":"11110","gn":"종로구","d":"12400","n":"수송동"},"id":"LT_C_ADEMD_INFO.1581"},
{"type":"Feature","geometry":{"type":"Polygon","coordinates":[[[126.98055,37.57611],[126.97962,37.57604],[126.97854,37.5759],[126.97896,37.57511],[126.9785,37.57434],[126.97925,37.57425],[126.97954,37.57439],[126.98049,37.57517],[126.98137,37.5757],[126.98055,37.57611]]]},"properties":{"g":"11110","gn":"종로구","d":"12500","n":"중학동"},"id":"LT_C_ADEMD_INFO.1582"},
{"type":"Feature","geometry":{"type":"Polygon","coordinates":[[[126.98205,37.57051],[126.97853,37.57052],[126.97854,37.57066],[126.97849,37.57144],[126.97751,37.57145],[126.97754,37.57074],[126.97779,37.57002],[126.97855,37.56999],[126.98296,37.56999],[126.98311,37.57029],[126.98313,37.5705],[126.98262,37.57038],[126.98205,37.57051]]]},"properties":{"g":"11110","gn":"종로구","d":"12600","n":"종로1가"},"id":"LT_C_ADEMD_INFO.1583"},
{"type":"Feature","geometry":{"type":"Polygon","coordinates":[[[126.9843,37.57601],[126.98327,37.5756],[126.98301,37.57552],[126.98308,37.57508],[126.9828,37.57499],[126.98289,37.57442],[126.9837,37.57449],[126.98382,37.57381],[126.98421,37.57322],[126.98394,37.5731],[126.98427,37.5723],[126.98438,37.57247],[126.98512,37.57231],[126.98556,37.57296],[126.9867,37.57363],[126.98669,37.57374],[126.9864,37.57373],[126.98578,37.5747],[126.98533,37.5756],[126.98457,37.57551],[126.9843,37.57601]]]},"properties":{"g":"11110","gn":"종로구","d":"12800","n":"관훈동"},"id":"LT_C_ADEMD_INFO.1584"},
{"type":"Feature","geometry":{"type":"Polygon","coordinates":[[[126.9867,37.57363],[126.98556,37.57296],[126.98512,37.57231],[126.98438,37.57247],[126.98427,37.5723],[126.98424,37.57223],[126.9845,37.57194],[126.98455,37.57151],[126.98411,37.57051],[126.98493,37.57062],[126.98495,37.57091],[126.98569,37.57074],[126.98568,37.57049],[126.98776,37.57054],[126.98747,37.57105],[126.98776,37.57157],[126.98728,37.57237],[126.98665,37.57302],[126.98695,37.57324],[126.9867,37.57363]]]},"properties":{"g":"11110","gn":"종로구","d":"13600","n":"인사동"},"id":"LT_C_ADEMD_INFO.1585"},
{"type":"Feature","geometry":{"type":"Polygon","coordinates":[[[126.98301,37.57552],[126.98265,37.57546],[126.98235,37.57518],[126.98216,37.57446],[126.98189,37.57444],[126.98187,37.57395],[126.98253,37.5738],[126.98228,37.57283],[126.98231,37.57202],[126.98317,37.57194],[126.98424,37.57223],[126.98427,37.5723],[126.98394,37.5731],[126.98421,37.57322],[126.98382,37.57381],[126.9837,37.57449],[126.98289,37.57442],[126.9828,37.57499],[126.98308,37.57508],[126.98301,37.57552]]]},"properties":{"g":"11110","gn":"종로구","d":"12900","n":"견지동"},"id":"LT_C_ADEMD_INFO.1586"},
{"type":"Feature","geometry":{"type":"Polygon","coordinates":[[[126.99346,37.58696],[126.99327,37.58732],[126.99043,37.5871],[126.98937,37.58764],[126.98873,37.58761],[126.98819,37.58732],[126.98773,37.58727],[126.98787,37.58667],[126.98779,37.5862],[126.98795,37.58556],[126.9889,37.5856],[126.98877,37.58503],[126.98904,37.5841],[126.98933,37.58368],[126.98938,37.58291],[126.98974,37.58232],[126.98943,37.58165],[126.98948,37.58092],[126.98918,37.58079],[126.98929,37.5793],[126.98927,37.57765],[126.98936,37.57713],[126.9899,37.577],[126.99032,37.5756],[126.99075,37.5742],[126.99154,37.5742],[126.99142,37.57489],[126.99104,37.57569],[126.9911,37.57611],[126.99088,37.57763],[126.99214,37.57847],[126.99279,37.57756],[126.99375,37.57696],[126.99479,37.57687],[126.99546,37.57665],[126.99566,37.5762],[126.997,37.57652],[126.99677,37.57699],[126.99713,37.57707],[126.99663,37.57877],[126.99631,37.58066],[126.99642,37.5811],[126.99752,37.58201],[126.99775,37.58217],[126.99754,37.58262],[126.99719,37.58293],[126.99636,37.58276],[126.99604,37.5835],[126.99518,37.58426],[126.99458,37.5851],[126.99393,37.58581],[126.99347,37.58694],[126.99346,37.58696]]]},"properties":{"g":"11110","gn":"종로구","d":"13000","n":"와룡동"},"id":"LT_C_ADEMD_INFO.1587"},
{"type":"Feature","geometry":{"type":"Polygon","coordinates":[[[126.98189,37.58246],[126.98182,37.58351],[126.98098,37.58368],[126.98048,37.58455],[126.98029,37.58386],[126.97925,37.58371],[126.97926,37.58343],[126.98043,37.58255],[126.98035,37.5818],[126.98007,37.58099],[126.98024,37.5809],[126.98112,37.58153],[126.98189,37.58246]]]},"properties":{"g":"11110","gn":"종로구","d":"13900","n":"팔판동"},"id":"LT_C_ADEMD_INFO.1588"},
{"type":"Feature","geometry":{"type":"Polygon","coordinates":[[[126.99279,37.57756],[126.99214,37.57847],[126.99088,37.57763],[126.9911,37.57611],[126.99104,37.57569],[126.99142,37.57489],[126.99154,37.5742],[126.99163,37.57389],[126.99171,37.57374],[126.99254,37.57385],[126.99167,37.57509],[126.99143,37.57597],[126.99171,37.57665],[126.9921,37.57708],[126.99279,37.57756]]]},"properties":{"g":"11110","gn":"종로구","d":"13100","n":"권농동"},"id":"LT_C_ADEMD_INFO.1589"},
{"type":"Feature","geometry":{"type":"Polygon","coordinates":[[[126.98927,37.57765],[126.98776,37.57751],[126.98698,37.57725],[126.98643,37.57694],[126.98628,37.57688],[126.9869,37.57513],[126.98839,37.57538],[126.98964,37.57557],[126.99032,37.5756],[126.9899,37.577],[126.98936,37.57713],[126.98927,37.57765]]]},"properties":{"g":"11110","gn":"종로구","d":"13200","n":"운니동"},"id":"LT_C_ADEMD_INFO.1590"},
{"type":"Feature","geometry":{"type":"Polygon","coordinates":[[[126.99032,37.5756],[126.98964,37.57557],[126.98839,37.57538],[126.98847,37.5745],[126.98877,37.574],[126.98943,37.57342],[126.98933,37.57286],[126.98989,37.5729],[126.99019,37.57313],[126.99101,37.57336],[126.99075,37.5742],[126.99032,37.5756]]]},"properties":{"g":"11110","gn":"종로구","d":"13300","n":"익선동"},"id":"LT_C_ADEMD_INFO.1591"},
{"type":"Feature","geometry":{"type":"Polygon","coordinates":[[[126.98669,37.57374],[126.9867,37.57363],[126.98695,37.57324],[126.98665,37.57302],[126.98728,37.57237],[126.98776,37.57157],[126.98806,37.57192],[126.98836,37.5719],[126.98916,37.57102],[126.98937,37.57063],[126.99052,37.5707],[126.99034,37.57164],[126.98979,37.57215],[126.98989,37.5729],[126.98933,37.57286],[126.98943,37.57342],[126.98877,37.574],[126.98847,37.5745],[126.98744,37.5742],[126.9877,37.57379],[126.98723,37.57361],[126.98669,37.57374]]]},"properties":{"g":"11110","gn":"종로구","d":"13700","n":"낙원동"},"id":"LT_C_ADEMD_INFO.1592"},
{"type":"Feature","geometry":{"type":"Polygon","coordinates":[[[126.98776,37.57157],[126.98747,37.57105],[126.98776,37.57054],[126.98568,37.57049],[126.98569,37.57074],[126.98495,37.57091],[126.98493,37.57062],[126.98411,37.57051],[126.98313,37.5705],[126.98311,37.57029],[126.9838,37.56985],[126.98445,37.5699],[126.98773,37.56992],[126.98771,37.56959],[126.98858,37.56964],[126.98856,37.56982],[126.98946,37.56985],[126.98937,37.57063],[126.98916,37.57102],[126.98836,37.5719],[126.98806,37.57192],[126.98776,37.57157]]]},"properties":{"g":"11110","gn":"종로구","d":"13800","n":"종로2가"},"id":"LT_C_ADEMD_INFO.1593"},
{"type":"Feature","geometry":{"type":"Polygon","coordinates":[[[126.97672,37.59791],[126.97646,37.59738],[126.97597,37.59683],[126.97554,37.59603],[126.97509,37.59583],[126.97515,37.59476],[126.97462,37.59453],[126.97359,37.59327],[126.97377,37.59297],[126.97364,37.59262],[126.97441,37.59191],[126.97468,37.59108],[126.97556,37.58968],[126.97637,37.58969],[126.97672,37.58944],[126.97704,37.58858],[126.97755,37.5885],[126.97831,37.58782],[126.9791,37.58732],[126.97918,37.58654],[126.97955,37.58597],[126.97959,37.58538],[126.97911,37.58496],[126.97925,37.58371],[126.98029,37.58386],[126.98048,37.58455],[126.98098,37.58368],[126.98182,37.58351],[126.98189,37.58246],[126.98213,37.58219],[126.98211,37.58174],[126.98268,37.58205],[126.983,37.58206],[126.98285,37.58257],[126.98286,37.5833],[126.98372,37.58391],[126.98343,37.58439],[126.98377,37.58505],[126.98486,37.58563],[126.98531,37.58612],[126.98529,37.58656],[126.98577,37.58676],[126.98604,37.58713],[126.98608,37.5876],[126.98592,37.58834],[126.98639,37.58886],[126.98711,37.58956],[126.98811,37.59004],[126.98913,37.59085],[126.98908,37.59141],[126.98852,37.59194],[126.98775,37.59226],[126.98717,37.59272],[126.9867,37.59275],[126.98627,37.59328],[126.98612,37.59378],[126.98578,37.59425],[126.98515,37.5945],[126.98432,37.59438],[126.98384,37.59444],[126.98347,37.59468],[126.98292,37.59478],[126.98248,37.5952],[126.98156,37.59532],[126.98091,37.59584],[126.98026,37.59595],[126.97979,37.59622],[126.97911,37.59639],[126.97857,37.59679],[126.97857,37.59725],[126.97795,37.59768],[126.9769,37.59772],[126.97672,37.59791]]]},"properties":{"g":"11110","gn":"종로구","d":"14000","n":"삼청동"},"id":"LT_C_ADEMD_INFO.1594"},
{"type":"Feature","geometry":{"type":"Polygon","coordinates":[[[127.01616,37.55261],[127.01598,37.55259],[127.01364,37.55044],[127.01322,37.55013],[127.01313,37.55005],[127.0134,37.54977],[127.01346,37.54972],[127.01357,37.5498],[127.01362,37.54984],[127.0139,37.55002],[127.01401,37.5501],[127.01413,37.55024],[127.01431,37.55002],[127.01458,37.54969],[127.0146,37.54966],[127.01478,37.54943],[127.0149,37.5492],[127.01487,37.5491],[127.01508,37.54866],[127.0152,37.5485],[127.01533,37.54829],[127.01535,37.54825],[127.0154,37.54825],[127.01569,37.54825],[127.0159,37.54831],[127.0163,37.54853],[127.01644,37.54858],[127.01653,37.54858],[127.01662,37.54855],[127.01692,37.54845],[127.01707,37.5484],[127.01785,37.54835],[127.01886,37.54832],[127.01918,37.54832],[127.01977,37.54831],[127.02111,37.54829],[127.02123,37.54829],[127.02138,37.54829],[127.02229,37.54826],[127.02295,37.54823],[127.02302,37.54823],[127.02347,37.54821],[127.02359,37.54819],[127.02528,37.54812],[127.02553,37.54817],[127.02561,37.54818],[127.0256,37.5492],[127.02528,37.54957],[127.02503,37.55015],[127.0233,37.55087],[127.0221,37.55107],[127.02097,37.55176],[127.01863,37.5519],[127.01786,37.55037],[127.01689,37.55122],[127.01648,37.55195],[127.01616,37.55261]]]},"properties":{"g":"11200","gn":"성동구","d":"11100","n":"금호동3가"},"id":"LT_C_ADEMD_INFO.1595"},
{"type":"Feature","geometry":{"type":"Polygon","coordinates":[[[127.01486,37.54764],[127.01487,37.5476],[127.01491,37.5476],[127.01488,37.54746],[127.01499,37.54729],[127.01515,37.54696],[127.01523,37.54681],[127.01526,37.54675],[127.01525,37.54669],[127.01524,37.54656],[127.01523,37.54648],[127.01522,37.54645],[127.01552,37.5462],[127.01564,37.54595],[127.01562,37.54591],[127.01557,37.54575],[127.01554,37.5455],[127.01555,37.5454],[127.01572,37.54538],[127.01583,37.54538],[127.01608,37.54546],[127.0162,37.54552],[127.01634,37.54556],[127.01639,37.54557],[127.01646,37.54563],[127.01711,37.54566],[127.01762,37.54552],[127.01776,37.54526],[127.01899,37.54498],[127.0202,37.54532],[127.02039,37.54504],[127.02036,37.54368],[127.02085,37.54305],[127.02163,37.5428],[127.0212,37.54214],[127.022,37.54257],[127.02293,37.54145],[127.02369,37.54146],[127.02615,37.54187],[127.02908,37.54236],[127.03145,37.54242],[127.03149,37.54242],[127.03134,37.54415],[127.03134,37.54474],[127.03128,37.54506],[127.03123,37.5452],[127.03118,37.54553],[127.03115,37.54591],[127.03118,37.54616],[127.03149,37.54625],[127.03153,37.54625],[127.03123,37.5468],[127.03118,37.54689],[127.03114,37.54692],[127.03101,37.54713],[127.03005,37.5478],[127.02969,37.54797],[127.02965,37.54835],[127.02953,37.54874],[127.02928,37.54889],[127.02852,37.54864],[127.02841,37.54863],[127.02818,37.54869],[127.02747,37.54838],[127.02709,37.54818],[127.02699,37.54815],[127.02698,37.54816],[127.02692,37.54814],[127.02686,37.54813],[127.02653,37.54812],[127.02622,37.54812],[127.02608,37.54808],[127.02605,37.54807],[127.026,37.54805],[127.0259,37.54805],[127.02569,37.54816],[127.02567,37.54817],[127.02553,37.54817],[127.02528,37.54812],[127.02359,37.54819],[127.02347,37.54821],[127.02302,37.54823],[127.02295,37.54823],[127.02229,37.54826],[127.02138,37.54829],[127.02123,37.54829],[127.02111,37.54829],[127.01977,37.54831],[127.01918,37.54832],[127.01886,37.54832],[127.01785,37.54835],[127.01707,37.5484],[127.01692,37.54845],[127.01662,37.54855],[127.01653,37.54858],[127.01644,37.54858],[127.0163,37.54853],[127.0159,37.54831],[127.01569,37.54825],[127.0154,37.54825],[127.01535,37.54825],[127.01538,37.54817],[127.01539,37.54815],[127.01523,37.54804],[127.01488,37.54773],[127.01486,37.54764]]]},"properties":{"g":"11200","gn":"성동구","d":"11200","n":"금호동4가"},"id":"LT_C_ADEMD_INFO.1597"},
{"type":"Feature","geometry":{"type":"Polygon","coordinates":[[[126.96599,37.57159],[126.96501,37.57151],[126.96482,37.5711],[126.964,37.56992],[126.96412,37.56923],[126.96454,37.56875],[126.96506,37.56897],[126.96531,37.56885],[126.96611,37.5692],[126.96658,37.56952],[126.96615,37.56989],[126.9659,37.57073],[126.9662,37.57123],[126.96599,37.57159]]]},"properties":{"g":"11110","gn":"종로구","d":"17800","n":"송월동"},"id":"LT_C_ADEMD_INFO.1598"},
{"type":"Feature","geometry":{"type":"Polygon","coordinates":[[[127.01487,37.5476],[127.01486,37.54764],[127.01488,37.54773],[127.01523,37.54804],[127.01539,37.54815],[127.01538,37.54817],[127.01535,37.54825],[127.01533,37.54829],[127.0152,37.5485],[127.01508,37.54866],[127.01487,37.5491],[127.0149,37.5492],[127.01478,37.54943],[127.0146,37.54966],[127.01458,37.54969],[127.01431,37.55002],[127.01413,37.55024],[127.01401,37.5501],[127.0139,37.55002],[127.01362,37.54984],[127.01357,37.5498],[127.01346,37.54972],[127.0134,37.54977],[127.01313,37.55005],[127.01243,37.54949],[127.01217,37.54942],[127.01159,37.54849],[127.01093,37.54818],[127.01059,37.54827],[127.01002,37.5479],[127.00968,37.54789],[127.0091,37.54705],[127.00921,37.54638],[127.00871,37.54602],[127.00815,37.54506],[127.0082,37.54498],[127.00826,37.54493],[127.00854,37.54458],[127.00892,37.54448],[127.00892,37.54446],[127.00897,37.54421],[127.00898,37.54414],[127.00899,37.54414],[127.009,37.54414],[127.00903,37.54398],[127.00902,37.54378],[127.00903,37.54274],[127.00897,37.5423],[127.00878,37.54211],[127.00876,37.542],[127.00899,37.5416],[127.00921,37.54128],[127.00928,37.54105],[127.00925,37.54057],[127.00929,37.54043],[127.00941,37.54003],[127.00976,37.53962],[127.00983,37.53945],[127.00992,37.5394],[127.00995,37.53939],[127.01072,37.53928],[127.01148,37.53901],[127.01261,37.53934],[127.01322,37.53888],[127.01387,37.53907],[127.01409,37.53881],[127.01479,37.5388],[127.01492,37.53866],[127.015,37.53854],[127.01502,37.53847],[127.01502,37.53845],[127.01501,37.53831],[127.01501,37.5383],[127.01503,37.53827],[127.0151,37.53828],[127.01523,37.53833],[127.01567,37.53827],[127.01645,37.5379],[127.01729,37.53774],[127.01753,37.53765],[127.01744,37.53399],[127.01775,37.53425],[127.02118,37.53582],[127.02464,37.53582],[127.03017,37.53584],[127.03581,37.53584],[127.03581,37.53785],[127.03549,37.53826],[127.03501,37.53887],[127.03473,37.53923],[127.0342,37.54001],[127.03329,37.54128],[127.03315,37.54145],[127.03149,37.54242],[127.03145,37.54242],[127.02908,37.54236],[127.02615,37.54187],[127.02369,37.54146],[127.02293,37.54145],[127.022,37.54257],[127.0212,37.54214],[127.02163,37.5428],[127.02085,37.54305],[127.02036,37.54368],[127.02039,37.54504],[127.0202,37.54532],[127.01899,37.54498],[127.01776,37.54526],[127.01762,37.54552],[127.01711,37.54566],[127.01646,37.54563],[127.01639,37.54557],[127.01634,37.54556],[127.0162,37.54552],[127.01608,37.54546],[127.01583,37.54538],[127.01572,37.54538],[127.01555,37.5454],[127.01554,37.5455],[127.01557,37.54575],[127.01562,37.54591],[127.01564,37.54595],[127.01552,37.5462],[127.01522,37.54645],[127.01523,37.54648],[127.01524,37.54656],[127.01525,37.54669],[127.01526,37.54675],[127.01523,37.54681],[127.01515,37.54696],[127.01499,37.54729],[127.01488,37.54746],[127.01491,37.5476],[127.01487,37.5476]]]},"properties":{"g":"11200","gn":"성동구","d":"11300","n":"옥수동"},"id":"LT_C_ADEMD_INFO.1599"},
{"type":"Feature","geometry":{"type":"Polygon","coordinates":[[[127.05084,37.54145],[127.05103,37.54205],[127.05161,37.543],[127.0517,37.54314],[127.05186,37.54339],[127.05171,37.54354],[127.05045,37.54392],[127.04959,37.54418],[127.04997,37.54535],[127.05003,37.5455],[127.05036,37.54633],[127.05078,37.54742],[127.05099,37.54792],[127.05117,37.54837],[127.05145,37.54909],[127.05199,37.55046],[127.05213,37.55084],[127.05218,37.55097],[127.05221,37.551],[127.05254,37.55092],[127.05267,37.5509],[127.05171,37.55135],[127.04983,37.55203],[127.04901,37.55255],[127.04725,37.55307],[127.04687,37.55318],[127.04636,37.55349],[127.046,37.55354],[127.04542,37.55342],[127.04372,37.55327],[127.04276,37.55312],[127.04136,37.55268],[127.04101,37.55241],[127.04099,37.55239],[127.0409,37.55231],[127.04088,37.5523],[127.04087,37.55229],[127.04084,37.55226],[127.04075,37.55218],[127.04065,37.55212],[127.03968,37.55171],[127.03956,37.55166],[127.03919,37.55145],[127.03862,37.55116],[127.03775,37.55059],[127.0373,37.55019],[127.03722,37.55012],[127.03686,37.54971],[127.03675,37.54956],[127.03632,37.54897],[127.03604,37.54864],[127.03583,37.5484],[127.03561,37.54816],[127.03526,37.54799],[127.03476,37.54786],[127.03428,37.54763],[127.0336,37.54704],[127.03347,37.5469],[127.0331,37.5465],[127.03272,37.54635],[127.03167,37.54626],[127.03153,37.54625],[127.03149,37.54625],[127.03118,37.54616],[127.03115,37.54591],[127.03118,37.54553],[127.03123,37.5452],[127.03128,37.54506],[127.03134,37.54474],[127.03134,37.54415],[127.03149,37.54242],[127.03315,37.54145],[127.03329,37.54128],[127.0342,37.54001],[127.03473,37.53923],[127.03501,37.53887],[127.03549,37.53826],[127.03581,37.53785],[127.03581,37.53584],[127.03968,37.53584],[127.04019,37.53577],[127.04601,37.53426],[127.04605,37.53424],[127.04639,37.53403],[127.04652,37.53394],[127.04816,37.53299],[127.04893,37.53254],[127.04898,37.53268],[127.0492,37.53321],[127.04943,37.53379],[127.04958,37.53416],[127.04961,37.53424],[127.0497,37.53445],[127.05022,37.53573],[127.05023,37.53581],[127.0503,37.53588],[127.05038,37.53597],[127.05041,37.53616],[127.0504,37.53624],[127.05037,37.53635],[127.05036,37.53638],[127.05039,37.5365],[127.05039,37.53653],[127.05036,37.53663],[127.05061,37.5369],[127.0507,37.53703],[127.05085,37.53736],[127.051,37.53758],[127.05117,37.53776],[127.0513,37.53789],[127.05139,37.53798],[127.05141,37.53799],[127.05142,37.538],[127.05157,37.53807],[127.05162,37.5381],[127.05168,37.53814],[127.05172,37.53817],[127.05183,37.53828],[127.05192,37.53836],[127.05193,37.53837],[127.05195,37.53843],[127.05173,37.5388],[127.05167,37.53889],[127.05162,37.539],[127.0515,37.5393],[127.05148,37.53937],[127.05141,37.53958],[127.05131,37.53987],[127.05054,37.54009],[127.05076,37.54081],[127.05076,37.54082],[127.05074,37.54084],[127.05067,37.54091],[127.05068,37.54097],[127.05077,37.54122],[127.0508,37.54134],[127.05083,37.54141],[127.05084,37.54145]]]},"properties":{"g":"11200","gn":"성동구","d":"11400","n":"성수동1가"},"id":"LT_C_ADEMD_INFO.1600"},
{"type":"Feature","geometry":{"type":"Polygon","coordinates":[[[127.05084,37.54145],[127.05083,37.54141],[127.0508,37.54134],[127.05077,37.54122],[127.05068,37.54097],[127.05067,37.54091],[127.05074,37.54084],[127.05076,37.54082],[127.05076,37.54081],[127.05054,37.54009],[127.05131,37.53987],[127.05141,37.53958],[127.05148,37.53937],[127.0515,37.5393],[127.05162,37.539],[127.05167,37.53889],[127.05173,37.5388],[127.05195,37.53843],[127.05193,37.53837],[127.05192,37.53836],[127.05183,37.53828],[127.05172,37.53817],[127.05168,37.53814],[127.05162,37.5381],[127.05157,37.53807],[127.05142,37.538],[127.05141,37.53799],[127.05139,37.53798],[127.0513,37.53789],[127.05117,37.53776],[127.051,37.53758],[127.05085,37.53736],[127.0507,37.53703],[127.05061,37.5369],[127.05036,37.53663],[127.05039,37.53653],[127.05039,37.5365],[127.05036,37.53638],[127.05037,37.53635],[127.0504,37.53624],[127.05041,37.53616],[127.05038,37.53597],[127.0503,37.53588],[127.05023,37.53581],[127.05022,37.53573],[127.0497,37.53445],[127.04961,37.53424],[127.04958,37.53416],[127.04943,37.53379],[127.0492,37.53321],[127.04898,37.53268],[127.04893,37.53254],[127.04949,37.53222],[127.05208,37.53062],[127.05513,37.52867],[127.05622,37.52832],[127.05821,37.53193],[127.06397,37.54214],[127.06746,37.54833],[127.06744,37.54833],[127.06745,37.54834],[127.06718,37.54832],[127.06586,37.54822],[127.06522,37.54816],[127.06401,37.54813],[127.06303,37.5481],[127.06293,37.5481],[127.06263,37.5481],[127.06234,37.54812],[127.0618,37.54815],[127.06132,37.54819],[127.05972,37.54841],[127.05868,37.54865],[127.05665,37.54925],[127.05367,37.55047],[127.05289,37.55065],[127.05267,37.5509],[127.05254,37.55092],[127.05221,37.551],[127.05218,37.55097],[127.05213,37.55084],[127.05199,37.55046],[127.05145,37.54909],[127.05117,37.54837],[127.05099,37.54792],[127.05078,37.54742],[127.05036,37.54633],[127.05003,37.5455],[127.04997,37.54535],[127.04959,37.54418],[127.05045,37.54392],[127.05171,37.54354],[127.05186,37.54339],[127.0517,37.54314],[127.05161,37.543],[127.05103,37.54205],[127.05084,37.54145]]]},"properties":{"g":"11200","gn":"성동구","d":"11500","n":"성수동2가"},"id":"LT_C_ADEMD_INFO.1601"},
{"type":"Feature","geometry":{"type":"Polygon","coordinates":[[[127.05055,37.55184],[127.0506,37.55176],[127.05171,37.55135],[127.05267,37.5509],[127.05289,37.55065],[127.05367,37.55047],[127.05665,37.54925],[127.05868,37.54865],[127.05972,37.54841],[127.06132,37.54819],[127.0618,37.54815],[127.06234,37.54812],[127.06263,37.5481],[127.06293,37.5481],[127.06303,37.5481],[127.06401,37.54813],[127.06522,37.54816],[127.06586,37.54822],[127.06718,37.54832],[127.06745,37.54834],[127.06747,37.54833],[127.0689,37.55086],[127.07374,37.55941],[127.07238,37.55996],[127.072,37.5601],[127.07199,37.56008],[127.07189,37.55998],[127.07174,37.55983],[127.07153,37.5596],[127.07098,37.55901],[127.07075,37.55877],[127.06803,37.55609],[127.06309,37.55685],[127.05746,37.55663],[127.0541,37.55736],[127.0532,37.55586],[127.05263,37.55482],[127.05181,37.55226],[127.05119,37.55193],[127.05055,37.55184]]]},"properties":{"g":"11200","gn":"성동구","d":"11800","n":"송정동"},"id":"LT_C_ADEMD_INFO.1602"},
{"type":"Feature","geometry":{"type":"Polygon","coordinates":[[[126.98531,37.58612],[126.98486,37.58563],[126.98377,37.58505],[126.98343,37.58439],[126.98372,37.58391],[126.98286,37.5833],[126.98285,37.58257],[126.983,37.58206],[126.98376,37.58176],[126.98406,37.58123],[126.98372,37.58108],[126.98342,37.58051],[126.98393,37.58019],[126.9839,37.57959],[126.98567,37.5796],[126.98586,37.57944],[126.98613,37.58066],[126.98606,37.5811],[126.98612,37.58222],[126.98624,37.5828],[126.98674,37.58317],[126.98673,37.58362],[126.98618,37.58397],[126.98587,37.5856],[126.98531,37.58612]]]},"properties":{"g":"11110","gn":"종로구","d":"14600","n":"가회동"},"id":"LT_C_ADEMD_INFO.1603"},
{"type":"Feature","geometry":{"type":"Polygon","coordinates":[[[126.98586,37.57944],[126.98567,37.5796],[126.9839,37.57959],[126.98382,37.57935],[126.98426,37.57901],[126.98379,37.57883],[126.98414,37.57839],[126.98461,37.57732],[126.98533,37.57739],[126.98554,37.57664],[126.98628,37.57688],[126.98643,37.57694],[126.98645,37.57854],[126.98608,37.57875],[126.98586,37.57944]]]},"properties":{"g":"11110","gn":"종로구","d":"14700","n":"재동"},"id":"LT_C_ADEMD_INFO.1604"},
{"type":"Feature","geometry":{"type":"Polygon","coordinates":[[[126.99713,37.57707],[126.99677,37.57699],[126.997,37.57652],[126.99566,37.5762],[126.99581,37.57544],[126.99621,37.57472],[126.99641,37.57389],[126.99702,37.57421],[126.99797,37.5743],[126.99866,37.57449],[126.99915,37.57502],[126.9995,37.57597],[126.99914,37.57614],[126.99881,37.57669],[126.99808,37.57656],[126.99773,37.57705],[126.99713,37.57707]]]},"properties":{"g":"11110","gn":"종로구","d":"15900","n":"원남동"},"id":"LT_C_ADEMD_INFO.1605"},
{"type":"Feature","geometry":{"type":"Polygon","coordinates":[[[126.98639,37.58886],[126.98592,37.58834],[126.98608,37.5876],[126.98604,37.58713],[126.98577,37.58676],[126.98529,37.58656],[126.98531,37.58612],[126.98587,37.5856],[126.98618,37.58397],[126.98673,37.58362],[126.98674,37.58317],[126.98624,37.5828],[126.98612,37.58222],[126.98606,37.5811],[126.98613,37.58066],[126.98586,37.57944],[126.98608,37.57875],[126.98645,37.57854],[126.98643,37.57694],[126.98698,37.57725],[126.98776,37.57751],[126.98778,37.57804],[126.9881,37.57853],[126.98811,37.5794],[126.98829,37.5797],[126.98796,37.57988],[126.9879,37.58032],[126.98832,37.58038],[126.98805,37.58143],[126.98839,37.5816],[126.98815,37.58284],[126.98767,37.58286],[126.98767,37.58377],[126.98711,37.58469],[126.98758,37.5849],[126.98752,37.58545],[126.98725,37.58668],[126.98691,37.58739],[126.9866,37.58775],[126.98639,37.58886]]]},"properties":{"g":"11110","gn":"종로구","d":"14800","n":"계동"},"id":"LT_C_ADEMD_INFO.1606"},
{"type":"Feature","geometry":{"type":"Polygon","coordinates":[[[126.98913,37.59085],[126.98811,37.59004],[126.98711,37.58956],[126.98639,37.58886],[126.9866,37.58775],[126.98691,37.58739],[126.98725,37.58668],[126.98752,37.58545],[126.98758,37.5849],[126.98711,37.58469],[126.98767,37.58377],[126.98767,37.58286],[126.98815,37.58284],[126.98839,37.5816],[126.98805,37.58143],[126.98832,37.58038],[126.9879,37.58032],[126.98796,37.57988],[126.98829,37.5797],[126.98811,37.5794],[126.9881,37.57853],[126.98778,37.57804],[126.98776,37.57751],[126.98927,37.57765],[126.98929,37.5793],[126.98918,37.58079],[126.98948,37.58092],[126.98943,37.58165],[126.98974,37.58232],[126.98938,37.58291],[126.98933,37.58368],[126.98904,37.5841],[126.98877,37.58503],[126.9889,37.5856],[126.98795,37.58556],[126.98779,37.5862],[126.98787,37.58667],[126.98773,37.58727],[126.98773,37.58809],[126.98806,37.58899],[126.98837,37.58914],[126.98865,37.58962],[126.98902,37.58962],[126.98918,37.59053],[126.98913,37.59085]]]},"properties":{"g":"11110","gn":"종로구","d":"14900","n":"원서동"},"id":"LT_C_ADEMD_INFO.1607"},
{"type":"Feature","geometry":{"type":"Polygon","coordinates":[[[127.003,37.57528],[127.00241,37.57524],[127.00137,37.57498],[127.0007,37.57478],[127.00085,37.57441],[127.00119,37.57425],[127.00225,37.57349],[127.0021,37.57306],[127.00159,37.57234],[127.00148,37.5714],[127.00284,37.57156],[127.00403,37.57149],[127.00593,37.57156],[127.00621,37.57161],[127.00584,37.572],[127.00448,37.57278],[127.00416,37.57356],[127.00338,37.57437],[127.003,37.57528]]]},"properties":{"g":"11110","gn":"종로구","d":"16200","n":"효제동"},"id":"LT_C_ADEMD_INFO.1608"},
{"type":"Feature","geometry":{"type":"Polygon","coordinates":[[[126.99566,37.5762],[126.99546,37.57665],[126.99479,37.57687],[126.99375,37.57696],[126.99279,37.57756],[126.9921,37.57708],[126.99171,37.57665],[126.99143,37.57597],[126.99167,37.57509],[126.99254,37.57385],[126.99337,37.57263],[126.99377,37.5722],[126.99409,37.57206],[126.99436,37.57122],[126.99427,37.57087],[126.99506,37.57091],[126.99591,37.57095],[126.99583,37.57205],[126.99636,37.57229],[126.99666,37.57273],[126.99641,37.57389],[126.99621,37.57472],[126.99581,37.57544],[126.99566,37.5762]]]},"properties":{"g":"11110","gn":"종로구","d":"15000","n":"훈정동"},"id":"LT_C_ADEMD_INFO.1609"},
{"type":"Feature","geometry":{"type":"Polygon","coordinates":[[[126.99154,37.5742],[126.99075,37.5742],[126.99101,37.57336],[126.99178,37.5708],[126.9929,37.57085],[126.99229,37.57203],[126.99163,37.57389],[126.99154,37.5742]]]},"properties":{"g":"11110","gn":"종로구","d":"15100","n":"묘동"},"id":"LT_C_ADEMD_INFO.1610"},
{"type":"Feature","geometry":{"type":"Polygon","coordinates":[[[127.00137,37.57498],[127.00127,37.57578],[127.00041,37.57602],[126.99994,37.5758],[126.9995,37.57597],[126.99915,37.57502],[126.99866,37.57449],[126.99797,37.5743],[126.99807,37.5737],[126.99976,37.57178],[127.00055,37.57195],[127.00076,37.57151],[127.00148,37.5714],[127.00159,37.57234],[127.0021,37.57306],[127.00225,37.57349],[127.00119,37.57425],[127.00085,37.57441],[127.0007,37.57478],[127.00137,37.57498]]]},"properties":{"g":"11110","gn":"종로구","d":"16000","n":"연지동"},"id":"LT_C_ADEMD_INFO.1611"},
{"type":"Feature","geometry":{"type":"Polygon","coordinates":[[[127.00017,37.57124],[126.99924,37.57122],[126.99782,37.57107],[126.99591,37.57095],[126.99506,37.57091],[126.99538,37.57013],[126.99755,37.5703],[126.99903,37.57035],[126.99928,37.57025],[127.00086,37.57035],[127.00031,37.5709],[127.00017,37.57124]]]},"properties":{"g":"11110","gn":"종로구","d":"16100","n":"종로4가"},"id":"LT_C_ADEMD_INFO.1612"},
{"type":"Feature","geometry":{"type":"Polygon","coordinates":[[[127.00621,37.57161],[127.00593,37.57156],[127.00403,37.57149],[127.00284,37.57156],[127.00148,37.5714],[127.00076,37.57151],[127.00055,37.57195],[126.99976,37.57178],[127.00017,37.57124],[127.00031,37.5709],[127.00086,37.57035],[127.0015,37.56972],[127.00145,37.56951],[127.00226,37.56962],[127.00535,37.56961],[127.00691,37.56964],[127.00667,37.57011],[127.00621,37.57161]]]},"properties":{"g":"11110","gn":"종로구","d":"16300","n":"종로5가"},"id":"LT_C_ADEMD_INFO.1613"},
{"type":"Feature","geometry":{"type":"Polygon","coordinates":[[[127.00448,37.57278],[127.00584,37.572],[127.00621,37.57161],[127.00667,37.57011],[127.00691,37.56964],[127.00983,37.56976],[127.01004,37.56977],[127.00967,37.57094],[127.00992,37.57127],[127.00966,37.57159],[127.0097,37.57194],[127.00882,37.57286],[127.0089,37.57367],[127.00877,37.57421],[127.00887,37.57484],[127.00849,37.57471],[127.00774,37.57418],[127.00623,37.57369],[127.00537,37.5733],[127.00448,37.57278]]]},"properties":{"g":"11110","gn":"종로구","d":"16400","n":"종로6가"},"id":"LT_C_ADEMD_INFO.1614"},
{"type":"Feature","geometry":{"type":"Polygon","coordinates":[[[127.00805,37.5792],[127.00702,37.57906],[127.00601,37.57837],[127.00496,37.57806],[127.00413,37.57805],[127.00418,37.57756],[127.00348,37.57758],[127.00228,37.57744],[127.00263,37.57712],[127.00284,37.57569],[127.00293,37.57544],[127.00422,37.57576],[127.00439,37.57589],[127.00526,37.57597],[127.00651,37.57643],[127.00741,37.57663],[127.00856,37.57674],[127.00865,37.57719],[127.00832,37.57758],[127.00836,37.57807],[127.00799,37.57865],[127.00805,37.5792]]]},"properties":{"g":"11110","gn":"종로구","d":"16500","n":"이화동"},"id":"LT_C_ADEMD_INFO.1615"},
{"type":"Feature","geometry":{"type":"Polygon","coordinates":[[[127.00171,37.58317],[127.00138,37.58364],[127.00011,37.58324],[126.99892,37.58279],[126.99843,37.583],[126.99754,37.58262],[126.99775,37.58217],[126.99752,37.58201],[126.9978,37.5818],[126.99789,37.58121],[126.99876,37.58128],[126.99986,37.58114],[127.00069,37.58139],[127.00206,37.58148],[127.00176,37.58233],[127.00171,37.58317]]]},"properties":{"g":"11110","gn":"종로구","d":"17200","n":"명륜4가"},"id":"LT_C_ADEMD_INFO.1616"},
{"type":"Feature","geometry":{"type":"Polygon","coordinates":[[[127.00206,37.58148],[127.00069,37.58139],[126.99986,37.58114],[126.99876,37.58128],[126.99789,37.58121],[126.9978,37.5818],[126.99752,37.58201],[126.99642,37.5811],[126.99631,37.58066],[126.99663,37.57877],[126.99713,37.57707],[126.99773,37.57705],[126.99808,37.57656],[126.99881,37.57669],[126.99914,37.57614],[126.9995,37.57597],[126.99994,37.5758],[127.00041,37.57602],[127.00127,37.57578],[127.00137,37.57498],[127.00241,37.57524],[127.003,37.57528],[127.00293,37.57544],[127.00284,37.57569],[127.00263,37.57712],[127.00228,37.57744],[127.00229,37.57838],[127.00214,37.57905],[127.00227,37.57944],[127.00218,37.5811],[127.00206,37.58148]]]},"properties":{"g":"11110","gn":"종로구","d":"16600","n":"연건동"},"id":"LT_C_ADEMD_INFO.1617"},
{"type":"Feature","geometry":{"type":"Polygon","coordinates":[[[126.964,37.56992],[126.96318,37.56981],[126.96291,37.56968],[126.964,37.56863],[126.96557,37.56691],[126.96601,37.56732],[126.96517,37.56829],[126.96454,37.56875],[126.96412,37.56923],[126.964,37.56992]]]},"properties":{"g":"11110","gn":"종로구","d":"17600","n":"교남동"},"id":"LT_C_ADEMD_INFO.1618"},
{"type":"Feature","geometry":{"type":"Polygon","coordinates":[[[127.00856,37.57674],[127.00741,37.57663],[127.00651,37.57643],[127.00526,37.57597],[127.00439,37.57589],[127.00422,37.57576],[127.00293,37.57544],[127.003,37.57528],[127.00338,37.57437],[127.00416,37.57356],[127.00448,37.57278],[127.00537,37.5733],[127.00623,37.57369],[127.00774,37.57418],[127.00849,37.57471],[127.00887,37.57484],[127.00842,37.57577],[127.00856,37.57674]]]},"properties":{"g":"11110","gn":"종로구","d":"16700","n":"충신동"},"id":"LT_C_ADEMD_INFO.1619"},
{"type":"Feature","geometry":{"type":"Polygon","coordinates":[[[127.00655,37.58554],[127.00585,37.58533],[127.00468,37.58577],[127.00446,37.58533],[127.00394,37.58477],[127.00393,37.58455],[127.00343,37.58411],[127.00289,37.58391],[127.00221,37.58329],[127.00171,37.58317],[127.00176,37.58233],[127.00206,37.58148],[127.00218,37.5811],[127.00227,37.57944],[127.00214,37.57905],[127.00229,37.57838],[127.00228,37.57744],[127.00348,37.57758],[127.00418,37.57756],[127.00413,37.57805],[127.00496,37.57806],[127.00601,37.57837],[127.00702,37.57906],[127.00805,37.5792],[127.00862,37.58002],[127.00864,37.58047],[127.00833,37.58106],[127.0078,37.58151],[127.00702,37.58201],[127.00675,37.58234],[127.00726,37.58312],[127.00689,37.5847],[127.0069,37.58528],[127.00655,37.58554]]]},"properties":{"g":"11110","gn":"종로구","d":"16800","n":"동숭동"},"id":"LT_C_ADEMD_INFO.1620"},
{"type":"Feature","geometry":{"type":"Polygon","coordinates":[[[127.00655,37.58554],[127.00663,37.58613],[127.00587,37.58697],[127.00512,37.58699],[127.00425,37.58718],[127.00408,37.58773],[127.00347,37.58842],[127.00328,37.58866],[127.00282,37.58877],[127.00222,37.58917],[127.00182,37.58991],[127.00147,37.59015],[127.00146,37.59055],[127.00178,37.59102],[127.00173,37.59135],[127.00144,37.59183],[127.00095,37.5923],[126.99945,37.59223],[126.99873,37.59247],[126.99806,37.59239],[126.99799,37.59152],[126.99831,37.59133],[126.99851,37.59093],[126.99831,37.59029],[126.99851,37.58988],[126.99922,37.5896],[126.99998,37.58694],[127.00031,37.58644],[127.00071,37.5848],[127.00107,37.58439],[127.00138,37.58364],[127.00171,37.58317],[127.00221,37.58329],[127.00289,37.58391],[127.00343,37.58411],[127.00393,37.58455],[127.00394,37.58477],[127.00446,37.58533],[127.00468,37.58577],[127.00585,37.58533],[127.00655,37.58554]]]},"properties":{"g":"11110","gn":"종로구","d":"16900","n":"혜화동"},"id":"LT_C_ADEMD_INFO.1621"},
{"type":"Feature","geometry":{"type":"Polygon","coordinates":[[[126.96658,37.56952],[126.96611,37.5692],[126.96531,37.56885],[126.96506,37.56897],[126.96454,37.56875],[126.96517,37.56829],[126.96601,37.56732],[126.96557,37.56691],[126.96571,37.56678],[126.9667,37.56582],[126.9691,37.56825],[126.96858,37.56835],[126.96794,37.56918],[126.96681,37.56935],[126.96658,37.56952]]]},"properties":{"g":"11110","gn":"종로구","d":"17700","n":"평동"},"id":"LT_C_ADEMD_INFO.1622"},
{"type":"Feature","geometry":{"type":"Polygon","coordinates":[[[126.99806,37.59239],[126.99744,37.59222],[126.99641,37.5921],[126.99536,37.59228],[126.99446,37.59153],[126.99477,37.59114],[126.99566,37.59077],[126.99563,37.59012],[126.99601,37.58973],[126.99627,37.58922],[126.99547,37.58838],[126.9964,37.58789],[126.99665,37.58759],[126.99649,37.58735],[126.99659,37.58664],[126.99693,37.58551],[126.99715,37.58583],[126.99774,37.58625],[126.99823,37.5864],[126.99919,37.58633],[126.99967,37.58614],[127.00031,37.58644],[126.99998,37.58694],[126.99922,37.5896],[126.99851,37.58988],[126.99831,37.59029],[126.99851,37.59093],[126.99831,37.59133],[126.99799,37.59152],[126.99806,37.59239]]]},"properties":{"g":"11110","gn":"종로구","d":"17000","n":"명륜1가"},"id":"LT_C_ADEMD_INFO.1623"},
{"type":"Feature","geometry":{"type":"Polygon","coordinates":[[[127.00031,37.58644],[126.99967,37.58614],[126.99919,37.58633],[126.99823,37.5864],[126.99774,37.58625],[126.99715,37.58583],[126.99693,37.58551],[126.99702,37.58492],[126.99694,37.58439],[126.99832,37.58328],[126.99843,37.583],[126.99892,37.58279],[127.00011,37.58324],[127.00138,37.58364],[127.00107,37.58439],[127.00071,37.5848],[127.00031,37.58644]]]},"properties":{"g":"11110","gn":"종로구","d":"17100","n":"명륜2가"},"id":"LT_C_ADEMD_INFO.1624"},
{"type":"Feature","geometry":{"type":"Polygon","coordinates":[[[126.99347,37.58694],[126.99393,37.58581],[126.99458,37.5851],[126.99518,37.58426],[126.99604,37.5835],[126.99636,37.58276],[126.99719,37.58293],[126.99754,37.58262],[126.99843,37.583],[126.99832,37.58328],[126.99694,37.58439],[126.99702,37.58492],[126.99693,37.58551],[126.99659,37.58664],[126.99649,37.58735],[126.99665,37.58759],[126.9964,37.58789],[126.99547,37.58838],[126.99627,37.58922],[126.99601,37.58973],[126.99563,37.59012],[126.99566,37.59077],[126.99477,37.59114],[126.99446,37.59153],[126.99385,37.59144],[126.99356,37.59173],[126.99247,37.59198],[126.99186,37.59186],[126.99164,37.59147],[126.99097,37.59153],[126.98987,37.59147],[126.98936,37.59128],[126.98908,37.59141],[126.98913,37.59085],[126.98918,37.59053],[126.98902,37.58962],[126.98865,37.58962],[126.98837,37.58914],[126.98806,37.58899],[126.98773,37.58809],[126.98773,37.58727],[126.98819,37.58732],[126.98873,37.58761],[126.98937,37.58764],[126.99043,37.5871],[126.99327,37.58732],[126.99346,37.58696],[126.99347,37.58694]]]},"properties":{"g":"11110","gn":"종로구","d":"17300","n":"명륜3가"},"id":"LT_C_ADEMD_INFO.1625"},
{"type":"Feature","geometry":{"type":"Polygon","coordinates":[[[127.01473,37.5823],[127.01422,37.58208],[127.01408,37.5818],[127.01285,37.58136],[127.01179,37.58157],[127.01097,37.58083],[127.01059,37.58025],[127.00864,37.58047],[127.00862,37.58002],[127.00805,37.5792],[127.00799,37.57865],[127.00836,37.57807],[127.00832,37.57758],[127.00865,37.57719],[127.00856,37.57674],[127.00842,37.57577],[127.00887,37.57484],[127.00877,37.57421],[127.0089,37.57367],[127.00882,37.57286],[127.0097,37.57194],[127.00966,37.57159],[127.00992,37.57127],[127.00967,37.57094],[127.01004,37.56977],[127.01213,37.56975],[127.01308,37.5697],[127.01526,37.56974],[127.01611,37.5698],[127.01733,37.57008],[127.01902,37.57101],[127.01835,37.57125],[127.01678,37.57112],[127.01575,37.57125],[127.01566,37.57136],[127.01569,37.57262],[127.01561,37.57324],[127.01575,37.57542],[127.01555,37.57613],[127.01546,37.57762],[127.01534,37.57797],[127.0153,37.57886],[127.01545,37.57903],[127.01535,37.5801],[127.015,37.58056],[127.01496,37.58127],[127.01473,37.5823]]]},"properties":{"g":"11110","gn":"종로구","d":"17400","n":"창신동"},"id":"LT_C_ADEMD_INFO.1626"},
{"type":"Feature","geometry":{"type":"Polygon","coordinates":[[[127.01483,37.58233],[127.01473,37.5823],[127.01496,37.58127],[127.015,37.58056],[127.01535,37.5801],[127.01545,37.57903],[127.0153,37.57886],[127.01534,37.57797],[127.01546,37.57762],[127.01555,37.57613],[127.01575,37.57542],[127.01561,37.57324],[127.01569,37.57262],[127.01566,37.57136],[127.01575,37.57125],[127.01678,37.57112],[127.01835,37.57125],[127.01902,37.57101],[127.02078,37.57172],[127.0222,37.57202],[127.02337,37.57191],[127.02314,37.57802],[127.02288,37.57783],[127.02253,37.57808],[127.02276,37.57833],[127.02179,37.57887],[127.02126,37.57882],[127.01937,37.57808],[127.01877,37.57752],[127.01811,37.57758],[127.01769,37.57811],[127.01815,37.57862],[127.01828,37.57903],[127.01797,37.57952],[127.01757,37.57974],[127.01728,37.58055],[127.01687,37.58088],[127.0167,37.58168],[127.01636,37.58194],[127.01561,37.58178],[127.01483,37.58233]]]},"properties":{"g":"11110","gn":"종로구","d":"17500","n":"숭인동"},"id":"LT_C_ADEMD_INFO.1627"},
{"type":"Feature","geometry":{"type":"Polygon","coordinates":[[[126.96599,37.57159],[126.96558,37.57201],[126.96545,37.57244],[126.9642,37.57191],[126.96372,37.57143],[126.96298,37.57165],[126.96255,37.57155],[126.96227,37.5713],[126.96254,37.57104],[126.96275,37.57044],[126.96318,37.56981],[126.964,37.56992],[126.96482,37.5711],[126.96501,37.57151],[126.96599,37.57159]]]},"properties":{"g":"11110","gn":"종로구","d":"17900","n":"홍파동"},"id":"LT_C_ADEMD_INFO.1628"},
{"type":"Feature","geometry":{"type":"Polygon","coordinates":[[[126.95982,37.57316],[126.9594,37.57305],[126.96048,37.57199],[126.96291,37.56969],[126.96291,37.56968],[126.96318,37.56981],[126.96275,37.57044],[126.96254,37.57104],[126.96227,37.5713],[126.96255,37.57155],[126.96178,37.57184],[126.96113,37.5724],[126.95982,37.57316]]]},"properties":{"g":"11110","gn":"종로구","d":"18000","n":"교북동"},"id":"LT_C_ADEMD_INFO.1629"},
{"type":"Feature","geometry":{"type":"Polygon","coordinates":[[[126.96286,37.57753],[126.96242,37.57714],[126.96207,37.57636],[126.96186,37.57475],[126.96096,37.57402],[126.96059,37.57335],[126.96002,37.57333],[126.95982,37.57316],[126.96113,37.5724],[126.96178,37.57184],[126.96255,37.57155],[126.96298,37.57165],[126.96372,37.57143],[126.9642,37.57191],[126.96545,37.57244],[126.96526,37.57278],[126.96442,37.57306],[126.96355,37.57403],[126.96358,37.57446],[126.96338,37.57551],[126.96313,37.5759],[126.96293,37.57658],[126.96308,37.57702],[126.96286,37.57753]]]},"properties":{"g":"11110","gn":"종로구","d":"18100","n":"행촌동"},"id":"LT_C_ADEMD_INFO.1630"},
{"type":"Feature","geometry":{"type":"Polygon","coordinates":[[[126.98258,37.56902],[126.98124,37.56899],[126.97987,37.56904],[126.9798,37.56857],[126.97979,37.56691],[126.98098,37.56685],[126.98189,37.56671],[126.98247,37.56673],[126.98258,37.56902]]]},"properties":{"g":"11140","gn":"중구","d":"10200","n":"다동"},"id":"LT_C_ADEMD_INFO.1631"},
{"type":"Feature","geometry":{"type":"Polygon","coordinates":[[[126.95842,37.62947],[126.95747,37.62913],[126.95673,37.62862],[126.95638,37.62822],[126.95557,37.62825],[126.9552,37.62815],[126.95403,37.62736],[126.95349,37.62737],[126.95276,37.62707],[126.95198,37.62687],[126.95158,37.62656],[126.95041,37.62642],[126.94966,37.62528],[126.949,37.62434],[126.9489,37.62325],[126.94923,37.62234],[126.9499,37.62092],[126.94984,37.61877],[126.95013,37.61764],[126.95045,37.61608],[126.9507,37.61553],[126.95056,37.61512],[126.95077,37.61386],[126.95071,37.61352],[126.95008,37.61216],[126.94981,37.61166],[126.95036,37.61062],[126.95033,37.60911],[126.95054,37.60887],[126.9506,37.60836],[126.95145,37.60802],[126.95174,37.60739],[126.95259,37.60666],[126.95271,37.60591],[126.9531,37.6055],[126.95406,37.60507],[126.95393,37.60479],[126.9547,37.60452],[126.95556,37.60365],[126.95596,37.60354],[126.95746,37.60397],[126.9578,37.60389],[126.95819,37.60353],[126.95874,37.60383],[126.95854,37.60412],[126.95861,37.60459],[126.9599,37.60488],[126.95963,37.60536],[126.95972,37.60565],[126.96015,37.60597],[126.96066,37.60673],[126.96173,37.60714],[126.96208,37.60723],[126.96249,37.60787],[126.96206,37.60816],[126.96201,37.60846],[126.96233,37.60992],[126.96254,37.61041],[126.96214,37.6107],[126.96203,37.61151],[126.96269,37.6121],[126.96259,37.61262],[126.96311,37.61351],[126.96364,37.614],[126.96409,37.61496],[126.96468,37.61586],[126.96475,37.61679],[126.96493,37.61743],[126.96481,37.61834],[126.96481,37.6192],[126.96533,37.62009],[126.96521,37.62076],[126.96533,37.62158],[126.96566,37.62217],[126.96599,37.62359],[126.96662,37.62434],[126.96816,37.62492],[126.96898,37.62564],[126.97049,37.62552],[126.97136,37.62592],[126.97273,37.62595],[126.97366,37.62643],[126.97437,37.6273],[126.97496,37.629],[126.97467,37.62981],[126.97507,37.63118],[126.97537,37.6317],[126.97445,37.63198],[126.97367,37.63203],[126.97303,37.63237],[126.97133,37.63162],[126.97058,37.63149],[126.96939,37.63102],[126.96824,37.63073],[126.9668,37.63069],[126.96605,37.63082],[126.96523,37.63077],[126.96433,37.63036],[126.96377,37.62979],[126.96144,37.62996],[126.95881,37.62959],[126.95842,37.62947]]]},"properties":{"g":"11110","gn":"종로구","d":"18200","n":"구기동"},"id":"LT_C_ADEMD_INFO.1632"},
{"type":"Feature","geometry":{"type":"Polygon","coordinates":[[[126.97496,37.629],[126.97437,37.6273],[126.97366,37.62643],[126.97273,37.62595],[126.97136,37.62592],[126.97049,37.62552],[126.96898,37.62564],[126.96816,37.62492],[126.96662,37.62434],[126.96599,37.62359],[126.96566,37.62217],[126.96533,37.62158],[126.96521,37.62076],[126.96533,37.62009],[126.96481,37.6192],[126.96481,37.61834],[126.96493,37.61743],[126.96475,37.61679],[126.96468,37.61586],[126.96409,37.61496],[126.96364,37.614],[126.96311,37.61351],[126.96259,37.61262],[126.96269,37.6121],[126.96203,37.61151],[126.96214,37.6107],[126.96254,37.61041],[126.96233,37.60992],[126.96201,37.60846],[126.96206,37.60816],[126.96249,37.60787],[126.96208,37.60723],[126.96173,37.60714],[126.96253,37.60575],[126.96311,37.60458],[126.96316,37.60405],[126.96403,37.60403],[126.96421,37.60352],[126.96472,37.60343],[126.96492,37.60279],[126.96548,37.60194],[126.96631,37.60121],[126.96748,37.60163],[126.96815,37.60134],[126.96857,37.60073],[126.96905,37.6006],[126.97107,37.60078],[126.97146,37.60103],[126.97193,37.6007],[126.97229,37.6002],[126.9728,37.59996],[126.97377,37.59981],[126.97461,37.59944],[126.97618,37.59938],[126.97721,37.59864],[126.97768,37.60023],[126.97794,37.60031],[126.9785,37.601],[126.97921,37.60104],[126.98013,37.60146],[126.98257,37.60226],[126.98285,37.60214],[126.98398,37.60321],[126.98434,37.60312],[126.98474,37.60337],[126.98576,37.60345],[126.98667,37.60402],[126.98679,37.60451],[126.98667,37.60507],[126.98676,37.60609],[126.98631,37.60651],[126.98637,37.60686],[126.98611,37.60739],[126.9867,37.60828],[126.98683,37.60887],[126.98587,37.60946],[126.98579,37.6109],[126.98565,37.61138],[126.98618,37.61298],[126.98614,37.61322],[126.98658,37.61398],[126.98541,37.61514],[126.98516,37.6155],[126.98454,37.616],[126.9844,37.61687],[126.98372,37.61777],[126.98316,37.61925],[126.98317,37.6202],[126.98365,37.62115],[126.98183,37.62432],[126.98091,37.62539],[126.9796,37.62638],[126.97987,37.62745],[126.98019,37.62793],[126.97993,37.62856],[126.97953,37.62889],[126.97842,37.62929],[126.97496,37.629]]]},"properties":{"g":"11110","gn":"종로구","d":"18300","n":"평창동"},"id":"LT_C_ADEMD_INFO.1633"},
{"type":"Feature","geometry":{"type":"Polygon","coordinates":[[[126.96548,37.60194],[126.96491,37.6018],[126.96483,37.60149],[126.96497,37.60071],[126.96548,37.60016],[126.96532,37.59911],[126.96493,37.59901],[126.96426,37.59912],[126.96299,37.599],[126.96217,37.59916],[126.96116,37.59948],[126.96041,37.59887],[126.96026,37.59813],[126.96029,37.59748],[126.95994,37.59691],[126.9592,37.59676],[126.95871,37.59637],[126.95865,37.59586],[126.95905,37.59503],[126.95903,37.59479],[126.95854,37.59418],[126.95752,37.59353],[126.95751,37.59306],[126.95781,37.59257],[126.95782,37.59146],[126.95748,37.59005],[126.95733,37.5887],[126.95746,37.58795],[126.95737,37.58708],[126.95746,37.58602],[126.95782,37.585],[126.95858,37.58572],[126.95919,37.5861],[126.9597,37.58605],[126.96034,37.5863],[126.96079,37.58633],[126.96143,37.58658],[126.96239,37.58703],[126.9624,37.58752],[126.96317,37.58786],[126.96357,37.58847],[126.9642,37.58906],[126.96411,37.58998],[126.96458,37.59097],[126.96516,37.59139],[126.96593,37.59146],[126.96632,37.59188],[126.96659,37.59297],[126.96804,37.59359],[126.96892,37.59336],[126.97011,37.59351],[126.97079,37.59388],[126.97155,37.59368],[126.97189,37.59388],[126.97261,37.59368],[126.97331,37.59323],[126.97359,37.59327],[126.97462,37.59453],[126.97515,37.59476],[126.97509,37.59583],[126.97554,37.59603],[126.97597,37.59683],[126.97646,37.59738],[126.97672,37.59791],[126.97721,37.59864],[126.97618,37.59938],[126.97461,37.59944],[126.97377,37.59981],[126.9728,37.59996],[126.97229,37.6002],[126.97193,37.6007],[126.97146,37.60103],[126.97107,37.60078],[126.96905,37.6006],[126.96857,37.60073],[126.96815,37.60134],[126.96748,37.60163],[126.96631,37.60121],[126.96548,37.60194]]]},"properties":{"g":"11110","gn":"종로구","d":"18400","n":"부암동"},"id":"LT_C_ADEMD_INFO.1634"},
{"type":"Feature","geometry":{"type":"Polygon","coordinates":[[[126.95819,37.60353],[126.9578,37.60389],[126.95746,37.60397],[126.95596,37.60354],[126.95556,37.60365],[126.9547,37.60452],[126.95393,37.60479],[126.95357,37.60448],[126.95328,37.60366],[126.95238,37.60248],[126.95255,37.60189],[126.95247,37.60162],[126.9529,37.60071],[126.95336,37.60017],[126.95338,37.59953],[126.95305,37.59907],[126.95306,37.59876],[126.95341,37.59857],[126.95384,37.59867],[126.95409,37.59906],[126.95488,37.59931],[126.95541,37.59927],[126.95634,37.59892],[126.95804,37.59816],[126.95827,37.59779],[126.9584,37.59714],[126.95871,37.59637],[126.9592,37.59676],[126.95994,37.59691],[126.96029,37.59748],[126.96026,37.59813],[126.96041,37.59887],[126.96116,37.59948],[126.96035,37.59996],[126.95979,37.60042],[126.95932,37.60107],[126.95891,37.60126],[126.95916,37.60157],[126.95835,37.60189],[126.95812,37.60266],[126.95831,37.60306],[126.95819,37.60353]]]},"properties":{"g":"11110","gn":"종로구","d":"18500","n":"홍지동"},"id":"LT_C_ADEMD_INFO.1635"},
{"type":"Feature","geometry":{"type":"Polygon","coordinates":[[[126.96173,37.60714],[126.96066,37.60673],[126.96015,37.60597],[126.95972,37.60565],[126.95963,37.60536],[126.9599,37.60488],[126.95861,37.60459],[126.95854,37.60412],[126.95874,37.60383],[126.95819,37.60353],[126.95831,37.60306],[126.95812,37.60266],[126.95835,37.60189],[126.95916,37.60157],[126.95891,37.60126],[126.95932,37.60107],[126.95979,37.60042],[126.96035,37.59996],[126.96116,37.59948],[126.96217,37.59916],[126.96299,37.599],[126.96426,37.59912],[126.96493,37.59901],[126.96532,37.59911],[126.96548,37.60016],[126.96497,37.60071],[126.96483,37.60149],[126.96491,37.6018],[126.96548,37.60194],[126.96492,37.60279],[126.96472,37.60343],[126.96421,37.60352],[126.96403,37.60403],[126.96316,37.60405],[126.96311,37.60458],[126.96253,37.60575],[126.96173,37.60714]]]},"properties":{"g":"11110","gn":"종로구","d":"18600","n":"신영동"},"id":"LT_C_ADEMD_INFO.1636"},
{"type":"Feature","geometry":{"type":"Polygon","coordinates":[[[126.9572,37.57982],[126.95568,37.57968],[126.95511,37.5793],[126.95438,37.5791],[126.95356,37.57875],[126.95467,37.57751],[126.95545,37.57654],[126.95563,37.57659],[126.95637,37.57568],[126.95834,37.5741],[126.9594,37.57305],[126.95982,37.57316],[126.96002,37.57333],[126.96059,37.57335],[126.96096,37.57402],[126.96186,37.57475],[126.96207,37.57636],[126.96242,37.57714],[126.96286,37.57753],[126.96187,37.57798],[126.96122,37.57842],[126.96111,37.57872],[126.96042,37.57926],[126.95975,37.58001],[126.95871,37.5805],[126.95819,37.58053],[126.95728,37.58014],[126.9572,37.57982]]]},"properties":{"g":"11110","gn":"종로구","d":"18700","n":"무악동"},"id":"LT_C_ADEMD_INFO.1637"},
{"type":"Feature","geometry":{"type":"Polygon","coordinates":[[[126.97987,37.56904],[126.9779,37.56921],[126.97784,37.56894],[126.97833,37.5679],[126.97872,37.56752],[126.97846,37.56724],[126.97921,37.56692],[126.97979,37.56691],[126.9798,37.56857],[126.97987,37.56904]]]},"properties":{"g":"11140","gn":"중구","d":"10100","n":"무교동"},"id":"LT_C_ADEMD_INFO.1638"},
{"type":"Feature","geometry":{"type":"Polygon","coordinates":[[[126.97619,37.56947],[126.97566,37.56938],[126.97588,37.56872],[126.97553,37.56823],[126.97569,37.56771],[126.97626,37.56731],[126.97669,37.56679],[126.97717,37.56668],[126.97725,37.56626],[126.97763,37.5658],[126.97802,37.56564],[126.97841,37.56618],[126.97921,37.56692],[126.97846,37.56724],[126.97872,37.56752],[126.97833,37.5679],[126.97784,37.56894],[126.9779,37.56921],[126.97763,37.5693],[126.97644,37.56924],[126.97619,37.56947]]]},"properties":{"g":"11140","gn":"중구","d":"10300","n":"태평로1가"},"id":"LT_C_ADEMD_INFO.1639"},
{"type":"Feature","geometry":{"type":"Polygon","coordinates":[[[126.97979,37.56691],[126.97921,37.56692],[126.97841,37.56618],[126.97802,37.56564],[126.97867,37.56546],[126.97924,37.56507],[126.97972,37.56544],[126.98022,37.56516],[126.98098,37.56528],[126.98221,37.56488],[126.98248,37.56594],[126.98308,37.56594],[126.98309,37.56616],[126.98249,37.56617],[126.98247,37.56673],[126.98189,37.56671],[126.98098,37.56685],[126.97979,37.56691]]]},"properties":{"g":"11140","gn":"중구","d":"10400","n":"을지로1가"},"id":"LT_C_ADEMD_INFO.1640"},
{"type":"Feature","geometry":{"type":"Polygon","coordinates":[[[126.98968,37.56677],[126.9884,37.56673],[126.98733,37.56679],[126.98568,37.5668],[126.98568,37.56699],[126.98444,37.56702],[126.98431,37.56671],[126.98369,37.5668],[126.9831,37.56672],[126.98309,37.56616],[126.98308,37.56594],[126.98299,37.56517],[126.98268,37.5644],[126.98435,37.56451],[126.98431,37.56485],[126.98527,37.56486],[126.9853,37.56526],[126.98653,37.56495],[126.98686,37.56537],[126.98778,37.5658],[126.98777,37.56521],[126.98861,37.56526],[126.98914,37.56525],[126.98911,37.56561],[126.98976,37.56575],[126.98981,37.56551],[126.98968,37.56677]]]},"properties":{"g":"11140","gn":"중구","d":"10500","n":"을지로2가"},"id":"LT_C_ADEMD_INFO.1641"},
{"type":"Feature","geometry":{"type":"Polygon","coordinates":[[[126.98285,37.56897],[126.98258,37.56902],[126.98247,37.56673],[126.98249,37.56617],[126.98309,37.56616],[126.9831,37.56672],[126.98316,37.56695],[126.9831,37.56752],[126.98374,37.56767],[126.98366,37.56791],[126.98314,37.56786],[126.98319,37.56891],[126.98285,37.56897]]]},"properties":{"g":"11140","gn":"중구","d":"10600","n":"남대문로1가"},"id":"LT_C_ADEMD_INFO.1642"},
{"type":"Feature","geometry":{"type":"Polygon","coordinates":[[[126.98221,37.56488],[126.98098,37.56528],[126.98022,37.56516],[126.97972,37.56544],[126.97924,37.56507],[126.97867,37.56546],[126.97773,37.56379],[126.97876,37.56381],[126.97881,37.56338],[126.97834,37.56281],[126.97876,37.56276],[126.97891,37.56304],[126.9796,37.56296],[126.98039,37.56282],[126.98093,37.56223],[126.98148,37.5631],[126.98221,37.56488]]]},"properties":{"g":"11140","gn":"중구","d":"11100","n":"소공동"},"id":"LT_C_ADEMD_INFO.1643"},
{"type":"Feature","geometry":{"type":"Polygon","coordinates":[[[127.09739,37.49691],[127.09657,37.49719],[127.09696,37.50246],[127.09729,37.50654],[127.09074,37.50753],[127.08524,37.50109],[127.08361,37.50063],[127.08271,37.50089],[127.08211,37.50036],[127.08421,37.49965],[127.09479,37.49668],[127.09586,37.4963],[127.09629,37.4963],[127.09694,37.49607],[127.09739,37.49691]]]},"properties":{"g":"11710","gn":"송파구","d":"10600","n":"삼전동"},"id":"LT_C_ADEMD_INFO.1644"},
{"type":"Feature","geometry":{"type":"Polygon","coordinates":[[[126.97783,37.56032],[126.97604,37.55992],[126.97558,37.55947],[126.97543,37.55897],[126.97596,37.5584],[126.97629,37.55751],[126.97631,37.55674],[126.97722,37.55527],[126.97795,37.55501],[126.97825,37.55518],[126.97843,37.55571],[126.97891,37.55609],[126.97962,37.55561],[126.97973,37.55636],[126.97859,37.55728],[126.9784,37.55767],[126.9784,37.55841],[126.9789,37.55879],[126.97878,37.55924],[126.97926,37.55936],[126.97917,37.56005],[126.97938,37.56112],[126.9783,37.56087],[126.97808,37.56038],[126.97783,37.56032]]]},"properties":{"g":"11140","gn":"중구","d":"11200","n":"남창동"},"id":"LT_C_ADEMD_INFO.1645"},
{"type":"Feature","geometry":{"type":"Polygon","coordinates":[[[127.12369,37.50483],[127.12464,37.50433],[127.13074,37.50027],[127.13416,37.49845],[127.13677,37.49704],[127.13937,37.49565],[127.13948,37.49578],[127.13958,37.49591],[127.13968,37.49605],[127.13978,37.49618],[127.13987,37.49632],[127.13996,37.49646],[127.14005,37.4966],[127.14013,37.49674],[127.14021,37.49689],[127.14028,37.49703],[127.14166,37.49982],[127.14333,37.50322],[127.14294,37.50359],[127.14342,37.50409],[127.1441,37.5044],[127.14342,37.50441],[127.14223,37.50488],[127.14212,37.50508],[127.14101,37.50548],[127.14081,37.50598],[127.14152,37.50671],[127.14069,37.50759],[127.14031,37.50783],[127.14031,37.50831],[127.14001,37.50852],[127.14027,37.50829],[127.13961,37.50643],[127.13936,37.50686],[127.13821,37.50728],[127.13418,37.50891],[127.13411,37.5093],[127.128,37.51181],[127.12369,37.50483]]]},"properties":{"g":"11710","gn":"송파구","d":"11200","n":"오금동"},"id":"LT_C_ADEMD_INFO.1646"},
{"type":"Feature","geometry":{"type":"Polygon","coordinates":[[[126.9796,37.56296],[126.97891,37.56304],[126.97876,37.56276],[126.97834,37.56281],[126.97881,37.56338],[126.97876,37.56381],[126.97773,37.56379],[126.97685,37.56216],[126.9769,37.5618],[126.97744,37.56184],[126.97759,37.56116],[126.97913,37.56154],[126.97962,37.56267],[126.9796,37.56296]]]},"properties":{"g":"11140","gn":"중구","d":"11300","n":"북창동"},"id":"LT_C_ADEMD_INFO.1647"},
{"type":"Feature","geometry":{"type":"Polygon","coordinates":[[[126.97802,37.56564],[126.97763,37.5658],[126.97726,37.56473],[126.97611,37.5649],[126.97611,37.5645],[126.97664,37.56415],[126.97585,37.56386],[126.97595,37.56321],[126.97579,37.56281],[126.97518,37.56278],[126.9747,37.5625],[126.97478,37.56203],[126.97409,37.56115],[126.97426,37.56092],[126.97468,37.56074],[126.976,37.5608],[126.97642,37.56191],[126.9769,37.5618],[126.97685,37.56216],[126.97773,37.56379],[126.97867,37.56546],[126.97802,37.56564]]]},"properties":{"g":"11140","gn":"중구","d":"11400","n":"태평로2가"},"id":"LT_C_ADEMD_INFO.1648"},
{"type":"Feature","geometry":{"type":"Polygon","coordinates":[[[126.98308,37.56594],[126.98248,37.56594],[126.98221,37.56488],[126.98148,37.5631],[126.98093,37.56223],[126.98125,37.56177],[126.98152,37.56206],[126.98195,37.56273],[126.98237,37.56368],[126.98268,37.5644],[126.98299,37.56517],[126.98308,37.56594]]]},"properties":{"g":"11140","gn":"중구","d":"11500","n":"남대문로2가"},"id":"LT_C_ADEMD_INFO.1649"},
{"type":"Feature","geometry":{"type":"Polygon","coordinates":[[[126.98093,37.56223],[126.98039,37.56282],[126.9796,37.56296],[126.97962,37.56267],[126.97913,37.56154],[126.97759,37.56116],[126.97783,37.56032],[126.97808,37.56038],[126.9783,37.56087],[126.97938,37.56112],[126.9804,37.56127],[126.98125,37.56177],[126.98093,37.56223]]]},"properties":{"g":"11140","gn":"중구","d":"11600","n":"남대문로3가"},"id":"LT_C_ADEMD_INFO.1650"},
{"type":"Feature","geometry":{"type":"Polygon","coordinates":[[[126.97558,37.55947],[126.97481,37.55964],[126.97387,37.55909],[126.97259,37.55854],[126.97276,37.55825],[126.97246,37.55792],[126.97162,37.55778],[126.9717,37.55738],[126.97213,37.55675],[126.97268,37.55639],[126.97345,37.55628],[126.97348,37.55512],[126.97334,37.55412],[126.97435,37.55355],[126.97583,37.55339],[126.97643,37.55309],[126.97646,37.55352],[126.97655,37.55522],[126.97726,37.55501],[126.97816,37.55438],[126.9788,37.55409],[126.97873,37.5532],[126.98035,37.55339],[126.98094,37.55385],[126.9803,37.55454],[126.97954,37.55482],[126.97839,37.55474],[126.97795,37.55501],[126.97722,37.55527],[126.97631,37.55674],[126.97629,37.55751],[126.97596,37.5584],[126.97543,37.55897],[126.97558,37.55947]]]},"properties":{"g":"11140","gn":"중구","d":"11800","n":"남대문로5가"},"id":"LT_C_ADEMD_INFO.1651"},
{"type":"Feature","geometry":{"type":"Polygon","coordinates":[[[126.96275,37.56959],[126.96182,37.5702],[126.96074,37.57006],[126.9597,37.57022],[126.95924,37.56998],[126.95723,37.56954],[126.95617,37.56878],[126.95527,37.56832],[126.95532,37.56828],[126.956,37.56814],[126.95685,37.56822],[126.95768,37.5687],[126.95813,37.56907],[126.95918,37.56931],[126.95982,37.5691],[126.96101,37.56939],[126.96174,37.56937],[126.96247,37.56924],[126.96289,37.56943],[126.96275,37.56959]]]},"properties":{"g":"11410","gn":"서대문구","d":"10700","n":"옥천동"},"id":"LT_C_ADEMD_INFO.1652"},
{"type":"Feature","geometry":{"type":"Polygon","coordinates":[[[126.97481,37.55964],[126.97454,37.55996],[126.97382,37.56002],[126.9733,37.56043],[126.9729,37.56031],[126.9723,37.55954],[126.97134,37.55871],[126.97108,37.55888],[126.97118,37.55832],[126.9717,37.55738],[126.97162,37.55778],[126.97246,37.55792],[126.97276,37.55825],[126.97259,37.55854],[126.97387,37.55909],[126.97481,37.55964]]]},"properties":{"g":"11140","gn":"중구","d":"11900","n":"봉래동1가"},"id":"LT_C_ADEMD_INFO.1653"},
{"type":"Feature","geometry":{"type":"Polygon","coordinates":[[[126.97088,37.55937],[126.96948,37.55924],[126.96948,37.558],[126.96928,37.5574],[126.96923,37.55683],[126.96919,37.55566],[126.96917,37.55488],[126.97241,37.55488],[126.97241,37.55465],[126.97334,37.55412],[126.97348,37.55512],[126.97345,37.55628],[126.97268,37.55639],[126.97213,37.55675],[126.9717,37.55738],[126.97118,37.55832],[126.97108,37.55888],[126.97088,37.55937]]]},"properties":{"g":"11140","gn":"중구","d":"12000","n":"봉래동2가"},"id":"LT_C_ADEMD_INFO.1654"},
{"type":"Feature","geometry":{"type":"Polygon","coordinates":[[[126.97938,37.56112],[126.97917,37.56005],[126.97926,37.55936],[126.97878,37.55924],[126.9789,37.55879],[126.9784,37.55841],[126.9784,37.55767],[126.97859,37.55728],[126.97973,37.55636],[126.97962,37.55561],[126.97891,37.55609],[126.97843,37.55571],[126.97825,37.55518],[126.97795,37.55501],[126.97839,37.55474],[126.97954,37.55482],[126.9803,37.55454],[126.98094,37.55385],[126.98202,37.55379],[126.98248,37.55348],[126.98331,37.55336],[126.98403,37.55304],[126.98462,37.55314],[126.98541,37.5537],[126.98519,37.5547],[126.98492,37.555],[126.98502,37.55546],[126.98479,37.55563],[126.98476,37.55608],[126.98439,37.5567],[126.98457,37.55767],[126.98418,37.55767],[126.98413,37.55703],[126.98383,37.55694],[126.98344,37.55643],[126.98254,37.55695],[126.98246,37.5584],[126.98213,37.55837],[126.98205,37.55878],[126.98145,37.5598],[126.98124,37.55996],[126.98078,37.56],[126.98048,37.56069],[126.98009,37.56069],[126.9804,37.56127],[126.97938,37.56112]]]},"properties":{"g":"11140","gn":"중구","d":"12100","n":"회현동1가"},"id":"LT_C_ADEMD_INFO.1655"},
{"type":"Feature","geometry":{"type":"Polygon","coordinates":[[[126.98339,37.5607],[126.98213,37.5606],[126.98161,37.56033],[126.98124,37.55996],[126.98145,37.5598],[126.98205,37.55878],[126.98213,37.55837],[126.98246,37.5584],[126.98254,37.55695],[126.98344,37.55643],[126.98383,37.55694],[126.98413,37.55703],[126.98418,37.55767],[126.9838,37.55857],[126.98381,37.55931],[126.98339,37.5607]]]},"properties":{"g":"11140","gn":"중구","d":"12200","n":"회현동2가"},"id":"LT_C_ADEMD_INFO.1656"},
{"type":"Feature","geometry":{"type":"Polygon","coordinates":[[[126.98473,37.5608],[126.98339,37.5607],[126.98381,37.55931],[126.98458,37.55968],[126.98454,37.56046],[126.98473,37.5608]]]},"properties":{"g":"11140","gn":"중구","d":"12300","n":"회현동3가"},"id":"LT_C_ADEMD_INFO.1657"},
{"type":"Feature","geometry":{"type":"Polygon","coordinates":[[[126.94895,37.57573],[126.94793,37.57589],[126.94721,37.57685],[126.94572,37.57736],[126.9452,37.57651],[126.94443,37.57562],[126.94402,37.57543],[126.94345,37.57457],[126.94346,37.57361],[126.94398,37.57306],[126.944,37.57216],[126.94366,37.57183],[126.94339,37.57096],[126.94422,37.57037],[126.94534,37.57009],[126.94537,37.56942],[126.9456,37.56915],[126.94611,37.56924],[126.94642,37.56838],[126.9469,37.56793],[126.94759,37.56827],[126.94835,37.56884],[126.94859,37.56924],[126.94899,37.56938],[126.95093,37.57095],[126.95103,37.57094],[126.95063,37.57216],[126.95018,37.57276],[126.95017,37.57322],[126.94985,37.57367],[126.94968,37.57418],[126.94903,37.57465],[126.94895,37.57573]]]},"properties":{"g":"11410","gn":"서대문구","d":"11500","n":"봉원동"},"id":"LT_C_ADEMD_INFO.1658"},
{"type":"Feature","geometry":{"type":"Polygon","coordinates":[[[126.98152,37.56206],[126.98125,37.56177],[126.9804,37.56127],[126.98009,37.56069],[126.98048,37.56069],[126.98078,37.56],[126.98124,37.55996],[126.98161,37.56033],[126.98213,37.5606],[126.98339,37.5607],[126.98473,37.5608],[126.98516,37.56086],[126.9849,37.56201],[126.98403,37.56188],[126.9839,37.56156],[126.98317,37.56143],[126.98286,37.56213],[126.98152,37.56206]]]},"properties":{"g":"11140","gn":"중구","d":"12400","n":"충무로1가"},"id":"LT_C_ADEMD_INFO.1659"},
{"type":"Feature","geometry":{"type":"Polygon","coordinates":[[[127.00379,37.56616],[127.0032,37.5653],[127.00297,37.56488],[127.00365,37.56469],[127.00392,37.56484],[127.00472,37.56457],[127.00469,37.56438],[127.00541,37.56392],[127.00645,37.56408],[127.00668,37.56399],[127.00736,37.56524],[127.00669,37.56577],[127.00581,37.56591],[127.00575,37.56545],[127.00435,37.56571],[127.00436,37.56601],[127.00379,37.56616]]]},"properties":{"g":"11140","gn":"중구","d":"14500","n":"광희동1가"},"id":"LT_C_ADEMD_INFO.1660"},
{"type":"Feature","geometry":{"type":"Polygon","coordinates":[[[126.99031,37.56295],[126.98928,37.56293],[126.98902,37.5627],[126.98839,37.56206],[126.9875,37.562],[126.98728,37.5623],[126.9849,37.56201],[126.98516,37.56086],[126.9856,37.56055],[126.98632,37.56081],[126.9868,37.56103],[126.98823,37.56115],[126.98969,37.56126],[126.99052,37.56118],[126.99055,37.56117],[126.99031,37.56295]]]},"properties":{"g":"11140","gn":"중구","d":"12500","n":"충무로2가"},"id":"LT_C_ADEMD_INFO.1661"},
{"type":"Feature","geometry":{"type":"Polygon","coordinates":[[[126.98653,37.56495],[126.9853,37.56526],[126.98527,37.56486],[126.98431,37.56485],[126.98435,37.56451],[126.98268,37.5644],[126.98237,37.56368],[126.98398,37.56364],[126.98584,37.56393],[126.98649,37.56425],[126.98653,37.56495]]]},"properties":{"g":"11140","gn":"중구","d":"12600","n":"명동1가"},"id":"LT_C_ADEMD_INFO.1662"},
{"type":"Feature","geometry":{"type":"Polygon","coordinates":[[[126.98649,37.56425],[126.98584,37.56393],[126.98398,37.56364],[126.98237,37.56368],[126.98195,37.56273],[126.98152,37.56206],[126.98286,37.56213],[126.98317,37.56143],[126.9839,37.56156],[126.98403,37.56188],[126.9849,37.56201],[126.98728,37.5623],[126.9875,37.562],[126.98839,37.56206],[126.98902,37.5627],[126.98864,37.56296],[126.98836,37.56346],[126.98783,37.56333],[126.98767,37.56377],[126.98702,37.56434],[126.98649,37.56425]]]},"properties":{"g":"11140","gn":"중구","d":"12700","n":"명동2가"},"id":"LT_C_ADEMD_INFO.1663"},
{"type":"Feature","geometry":{"type":"Polygon","coordinates":[[[126.98516,37.56086],[126.98473,37.5608],[126.98454,37.56046],[126.98458,37.55968],[126.98381,37.55931],[126.9838,37.55857],[126.98418,37.55767],[126.98457,37.55767],[126.98448,37.5584],[126.98513,37.55973],[126.9855,37.56018],[126.9856,37.56055],[126.98516,37.56086]]]},"properties":{"g":"11140","gn":"중구","d":"12800","n":"남산동1가"},"id":"LT_C_ADEMD_INFO.1664"},
{"type":"Feature","geometry":{"type":"Polygon","coordinates":[[[126.98632,37.56081],[126.9856,37.56055],[126.9855,37.56018],[126.98513,37.55973],[126.98448,37.5584],[126.98457,37.55767],[126.98439,37.5567],[126.98476,37.55608],[126.98466,37.55662],[126.98495,37.55719],[126.98526,37.55695],[126.98581,37.55687],[126.98588,37.55724],[126.98532,37.55787],[126.98575,37.55825],[126.98588,37.55745],[126.98682,37.55744],[126.98695,37.5579],[126.98734,37.55832],[126.98734,37.55885],[126.98675,37.55906],[126.98648,37.55959],[126.98682,37.55971],[126.98632,37.56081]]]},"properties":{"g":"11140","gn":"중구","d":"12900","n":"남산동2가"},"id":"LT_C_ADEMD_INFO.1665"},
{"type":"Feature","geometry":{"type":"Polygon","coordinates":[[[126.98823,37.56115],[126.9868,37.56103],[126.98632,37.56081],[126.98682,37.55971],[126.98648,37.55959],[126.98675,37.55906],[126.98734,37.55885],[126.98743,37.55917],[126.98805,37.55938],[126.98841,37.56026],[126.98823,37.56115]]]},"properties":{"g":"11140","gn":"중구","d":"13000","n":"남산동3가"},"id":"LT_C_ADEMD_INFO.1666"},
{"type":"Feature","geometry":{"type":"Polygon","coordinates":[[[126.99434,37.56303],[126.99353,37.56308],[126.99339,37.56264],[126.99358,37.56213],[126.99361,37.56188],[126.99516,37.5615],[126.99522,37.56133],[126.99596,37.56116],[126.9964,37.56186],[126.99744,37.56182],[126.99785,37.56201],[126.99802,37.56256],[126.99853,37.56277],[126.99848,37.5633],[126.99793,37.56303],[126.99714,37.56294],[126.99689,37.56308],[126.99679,37.5629],[126.99591,37.56302],[126.99556,37.56252],[126.9952,37.56255],[126.99494,37.56291],[126.99434,37.56303]]]},"properties":{"g":"11140","gn":"중구","d":"13200","n":"충무로4가"},"id":"LT_C_ADEMD_INFO.1667"},
{"type":"Feature","geometry":{"type":"Polygon","coordinates":[[[126.99777,37.56565],[126.99734,37.56555],[126.99676,37.56569],[126.99667,37.56544],[126.99603,37.56576],[126.99579,37.5652],[126.9954,37.565],[126.99505,37.56508],[126.99456,37.5639],[126.99465,37.56352],[126.99434,37.56303],[126.99494,37.56291],[126.9952,37.56255],[126.99556,37.56252],[126.99591,37.56302],[126.99679,37.5629],[126.99689,37.56308],[126.99759,37.56426],[126.99718,37.56454],[126.99741,37.5648],[126.99811,37.56489],[126.99818,37.56517],[126.99771,37.56545],[126.99777,37.56565]]]},"properties":{"g":"11140","gn":"중구","d":"13400","n":"인현동2가"},"id":"LT_C_ADEMD_INFO.1668"},
{"type":"Feature","geometry":{"type":"Polygon","coordinates":[[[127.01006,37.56448],[127.00957,37.56474],[127.00852,37.56479],[127.00779,37.56499],[127.00736,37.56524],[127.00668,37.56399],[127.00662,37.56378],[127.00714,37.56391],[127.0075,37.56302],[127.00779,37.56264],[127.00887,37.56304],[127.00971,37.563],[127.00996,37.56334],[127.01006,37.56448]]]},"properties":{"g":"11140","gn":"중구","d":"14600","n":"광희동2가"},"id":"LT_C_ADEMD_INFO.1669"},
{"type":"Feature","geometry":{"type":"Polygon","coordinates":[[[126.9991,37.56564],[126.99807,37.56595],[126.99777,37.56565],[126.99771,37.56545],[126.99818,37.56517],[126.99811,37.56489],[126.99741,37.5648],[126.99718,37.56454],[126.99759,37.56426],[126.99689,37.56308],[126.99714,37.56294],[126.99793,37.56303],[126.99848,37.5633],[126.99853,37.56277],[126.99855,37.56302],[126.99915,37.56311],[126.99909,37.56391],[126.99888,37.56495],[126.9991,37.56564]]]},"properties":{"g":"11140","gn":"중구","d":"13500","n":"예관동"},"id":"LT_C_ADEMD_INFO.1670"},
{"type":"Feature","geometry":{"type":"Polygon","coordinates":[[[127.0012,37.56286],[126.99896,37.56233],[126.9992,37.56214],[126.99902,37.5616],[126.99876,37.5616],[126.99843,37.56107],[126.99926,37.56086],[126.9999,37.56042],[127.0008,37.56053],[127.00094,37.56011],[127.00124,37.56003],[127.00232,37.56034],[127.00262,37.5609],[127.00235,37.56108],[127.00239,37.56147],[127.00106,37.56158],[127.0012,37.56286]]]},"properties":{"g":"11140","gn":"중구","d":"13600","n":"묵정동"},"id":"LT_C_ADEMD_INFO.1671"},
{"type":"Feature","geometry":{"type":"Polygon","coordinates":[[[126.99734,37.56154],[126.99744,37.56182],[126.9964,37.56186],[126.99596,37.56116],[126.99522,37.56133],[126.99516,37.5615],[126.99361,37.56188],[126.99363,37.56128],[126.99317,37.56096],[126.99327,37.56016],[126.99247,37.56004],[126.99295,37.55926],[126.99281,37.55846],[126.99317,37.5575],[126.99291,37.55717],[126.99313,37.55665],[126.99337,37.55666],[126.99356,37.55602],[126.99421,37.55594],[126.99477,37.55611],[126.99487,37.55529],[126.99475,37.55495],[126.99501,37.55471],[126.99472,37.55372],[126.99499,37.55366],[126.99523,37.55395],[126.99555,37.55503],[126.99569,37.55561],[126.9955,37.55604],[126.99547,37.55674],[126.99582,37.55732],[126.99601,37.55861],[126.99619,37.5591],[126.9959,37.55969],[126.99625,37.5599],[126.99676,37.55981],[126.99685,37.56011],[126.99673,37.56084],[126.99728,37.56125],[126.99734,37.56154]]]},"properties":{"g":"11140","gn":"중구","d":"13800","n":"필동2가"},"id":"LT_C_ADEMD_INFO.1672"},
{"type":"Feature","geometry":{"type":"Polygon","coordinates":[[[126.99843,37.56107],[126.99789,37.5612],[126.99734,37.56154],[126.99728,37.56125],[126.99673,37.56084],[126.99685,37.56011],[126.99676,37.55981],[126.99625,37.5599],[126.9959,37.55969],[126.99619,37.5591],[126.99601,37.55861],[126.99582,37.55732],[126.99547,37.55674],[126.9955,37.55604],[126.99569,37.55561],[126.99555,37.55503],[126.99599,37.55471],[126.99656,37.55397],[126.99669,37.55426],[126.99629,37.55506],[126.99602,37.55594],[126.9961,37.55629],[126.99657,37.5562],[126.99661,37.55673],[126.99629,37.55692],[126.99663,37.55751],[126.99723,37.55762],[126.9975,37.55795],[126.99701,37.55816],[126.99717,37.55852],[126.99819,37.55787],[126.99836,37.55824],[126.99802,37.55864],[126.99796,37.55908],[126.99822,37.55919],[126.99885,37.55879],[126.99902,37.55915],[126.9985,37.55958],[126.99831,37.55954],[126.99785,37.56007],[126.99807,37.56034],[126.99853,37.56026],[126.99926,37.56086],[126.99843,37.56107]]]},"properties":{"g":"11140","gn":"중구","d":"13900","n":"필동3가"},"id":"LT_C_ADEMD_INFO.1673"},
{"type":"Feature","geometry":{"type":"Polygon","coordinates":[[[127.00971,37.563],[127.00887,37.56304],[127.00779,37.56264],[127.0075,37.56302],[127.00714,37.56391],[127.00662,37.56378],[127.00628,37.56339],[127.00621,37.56282],[127.00645,37.56244],[127.00625,37.56202],[127.00572,37.56147],[127.00548,37.56082],[127.00542,37.55977],[127.00589,37.55973],[127.0066,37.55907],[127.00827,37.55818],[127.00855,37.55911],[127.00979,37.56031],[127.00982,37.56052],[127.00925,37.56088],[127.00938,37.5611],[127.00931,37.56199],[127.00955,37.56284],[127.00971,37.563]]]},"properties":{"g":"11140","gn":"중구","d":"14300","n":"장충동1가"},"id":"LT_C_ADEMD_INFO.1674"},
{"type":"Feature","geometry":{"type":"Polygon","coordinates":[[[127.0018,37.56301],[127.0012,37.56286],[127.00106,37.56158],[127.00239,37.56147],[127.00235,37.56108],[127.00262,37.5609],[127.00232,37.56034],[127.00124,37.56003],[127.00094,37.56011],[127.0008,37.56053],[126.9999,37.56042],[126.99926,37.56086],[126.99853,37.56026],[126.99807,37.56034],[126.99785,37.56007],[126.99831,37.55954],[126.9985,37.55958],[126.99902,37.55915],[126.99885,37.55879],[126.99822,37.55919],[126.99796,37.55908],[126.99802,37.55864],[126.99836,37.55824],[126.99819,37.55787],[126.99717,37.55852],[126.99701,37.55816],[126.9975,37.55795],[126.99723,37.55762],[126.99663,37.55751],[126.99629,37.55692],[126.99661,37.55673],[126.99657,37.5562],[126.9961,37.55629],[126.99602,37.55594],[126.99629,37.55506],[126.99669,37.55426],[126.99656,37.55397],[126.99599,37.55471],[126.99555,37.55503],[126.99523,37.55395],[126.99499,37.55366],[126.99493,37.55267],[126.99428,37.55213],[126.99384,37.55164],[126.9935,37.55101],[126.99296,37.5504],[126.99237,37.55006],[126.99296,37.54952],[126.99313,37.54908],[126.99334,37.54886],[126.99337,37.54881],[126.99401,37.54841],[126.99446,37.54749],[126.9947,37.54737],[126.99481,37.54733],[126.99507,37.54727],[126.99515,37.54725],[126.99522,37.54723],[126.99524,37.54723],[126.99636,37.54745],[126.9967,37.54782],[126.99675,37.54852],[126.99738,37.549],[126.99743,37.54916],[126.99766,37.54936],[126.99794,37.54948],[126.99832,37.5497],[127.00014,37.54982],[127.00052,37.55002],[127.00107,37.5499],[127.00168,37.55006],[127.0022,37.54971],[127.00286,37.54964],[127.00342,37.55002],[127.00421,37.55015],[127.00434,37.55021],[127.00467,37.55051],[127.00404,37.55158],[127.00438,37.5524],[127.00435,37.55281],[127.00456,37.55303],[127.00445,37.55368],[127.00556,37.55495],[127.00617,37.5555],[127.00679,37.55576],[127.00717,37.55639],[127.00791,37.5566],[127.00819,37.55699],[127.00814,37.55773],[127.00827,37.55818],[127.0066,37.55907],[127.00589,37.55973],[127.00542,37.55977],[127.00548,37.56082],[127.00572,37.56147],[127.00625,37.56202],[127.00601,37.56235],[127.0048,37.56253],[127.0025,37.56244],[127.00239,37.56314],[127.0018,37.56301]]]},"properties":{"g":"11140","gn":"중구","d":"14400","n":"장충동2가"},"id":"LT_C_ADEMD_INFO.1675"},
{"type":"Feature","geometry":{"type":"Polygon","coordinates":[[[127.00145,37.56951],[126.99796,37.56884],[126.99635,37.56866],[126.99633,37.56865],[126.99636,37.56841],[126.99689,37.56828],[126.99771,37.56788],[126.99782,37.56722],[126.99884,37.56733],[127.00019,37.56712],[127.00059,37.56718],[127.00087,37.56768],[127.00149,37.56836],[127.00145,37.56951]]]},"properties":{"g":"11140","gn":"중구","d":"15200","n":"주교동"},"id":"LT_C_ADEMD_INFO.1676"},
{"type":"Feature","geometry":{"type":"Polygon","coordinates":[[[127.00263,37.56534],[127.00238,37.56551],[127.00256,37.56338],[127.00239,37.56314],[127.0025,37.56244],[127.0048,37.56253],[127.00601,37.56235],[127.00625,37.56202],[127.00645,37.56244],[127.00621,37.56282],[127.00628,37.56339],[127.00662,37.56378],[127.00668,37.56399],[127.00645,37.56408],[127.00541,37.56392],[127.00469,37.56438],[127.00472,37.56457],[127.00392,37.56484],[127.00365,37.56469],[127.00297,37.56488],[127.00266,37.56489],[127.00263,37.56534]]]},"properties":{"g":"11140","gn":"중구","d":"14700","n":"쌍림동"},"id":"LT_C_ADEMD_INFO.1677"},
{"type":"Feature","geometry":{"type":"Polygon","coordinates":[[[126.99459,37.56851],[126.9923,37.56833],[126.99088,37.5682],[126.99087,37.56807],[126.99087,37.56736],[126.99156,37.56723],[126.99178,37.56739],[126.99402,37.5672],[126.99454,37.567],[126.99462,37.56762],[126.99459,37.56851]]]},"properties":{"g":"11140","gn":"중구","d":"15600","n":"입정동"},"id":"LT_C_ADEMD_INFO.1678"},
{"type":"Feature","geometry":{"type":"Polygon","coordinates":[[[127.00983,37.56976],[127.00691,37.56964],[127.00535,37.56961],[127.00512,37.56901],[127.0046,37.56879],[127.00446,37.56811],[127.00409,37.56668],[127.00379,37.56616],[127.00436,37.56601],[127.00435,37.56571],[127.00575,37.56545],[127.00581,37.56591],[127.00669,37.56577],[127.00736,37.56524],[127.00782,37.5661],[127.00882,37.56743],[127.00909,37.56768],[127.01033,37.56835],[127.00983,37.56976]]]},"properties":{"g":"11140","gn":"중구","d":"14800","n":"을지로6가"},"id":"LT_C_ADEMD_INFO.1679"},
{"type":"Feature","geometry":{"type":"Polygon","coordinates":[[[127.01033,37.56835],[127.00909,37.56768],[127.00882,37.56743],[127.00782,37.5661],[127.00736,37.56524],[127.00779,37.56499],[127.00852,37.56479],[127.00957,37.56474],[127.01006,37.56448],[127.01057,37.56502],[127.01075,37.56543],[127.01164,37.56619],[127.01126,37.56667],[127.01108,37.56755],[127.01083,37.56803],[127.01033,37.56835]]]},"properties":{"g":"11140","gn":"중구","d":"14900","n":"을지로7가"},"id":"LT_C_ADEMD_INFO.1680"},
{"type":"Feature","geometry":{"type":"Polygon","coordinates":[[[127.00059,37.56718],[127.00019,37.56712],[126.99884,37.56733],[126.99782,37.56722],[126.99568,37.56692],[126.99509,37.56675],[126.99478,37.56609],[126.99603,37.56576],[126.99667,37.56544],[126.99676,37.56569],[126.99734,37.56555],[126.99777,37.56565],[126.99807,37.56595],[126.9991,37.56564],[126.99987,37.56578],[127.00007,37.56641],[127.00059,37.56718]]]},"properties":{"g":"11140","gn":"중구","d":"15000","n":"을지로4가"},"id":"LT_C_ADEMD_INFO.1681"},
{"type":"Feature","geometry":{"type":"Polygon","coordinates":[[[127.00446,37.56811],[127.00384,37.56834],[127.00342,37.56817],[127.0025,37.5675],[127.00189,37.56766],[127.00164,37.56746],[127.00087,37.56768],[127.00059,37.56718],[127.00007,37.56641],[126.99987,37.56578],[127.00157,37.56588],[127.0016,37.56547],[127.00238,37.56551],[127.00263,37.56534],[127.0032,37.5653],[127.00379,37.56616],[127.00409,37.56668],[127.00446,37.56811]]]},"properties":{"g":"11140","gn":"중구","d":"15100","n":"을지로5가"},"id":"LT_C_ADEMD_INFO.1682"},
{"type":"Feature","geometry":{"type":"Polygon","coordinates":[[[127.00535,37.56961],[127.00226,37.56962],[127.00145,37.56951],[127.00149,37.56836],[127.00087,37.56768],[127.00164,37.56746],[127.00189,37.56766],[127.0025,37.5675],[127.00342,37.56817],[127.00384,37.56834],[127.00446,37.56811],[127.0046,37.56879],[127.00512,37.56901],[127.00535,37.56961]]]},"properties":{"g":"11140","gn":"중구","d":"15300","n":"방산동"},"id":"LT_C_ADEMD_INFO.1683"},
{"type":"Feature","geometry":{"type":"MultiPolygon","coordinates":[[[[127.00297,37.56488],[127.0032,37.5653],[127.00263,37.56534],[127.00266,37.56489],[127.00297,37.56488]]],[[[127.00238,37.56551],[127.0016,37.56547],[127.00157,37.56588],[126.99987,37.56578],[126.9991,37.56564],[126.99888,37.56495],[126.99909,37.56391],[127.00171,37.56409],[127.0018,37.56301],[127.00239,37.56314],[127.00256,37.56338],[127.00238,37.56551]]]]},"properties":{"g":"11140","gn":"중구","d":"15400","n":"오장동"},"id":"LT_C_ADEMD_INFO.1684"},
{"type":"Feature","geometry":{"type":"Polygon","coordinates":[[[126.99454,37.567],[126.99402,37.5672],[126.99178,37.56739],[126.99156,37.56723],[126.99087,37.56736],[126.99087,37.56807],[126.99085,37.56683],[126.98968,37.56677],[126.98981,37.56551],[126.99098,37.56538],[126.99218,37.56512],[126.99278,37.56516],[126.99272,37.56559],[126.99331,37.56552],[126.99399,37.56594],[126.99454,37.56562],[126.99478,37.56609],[126.99509,37.56675],[126.99448,37.56657],[126.99454,37.567]]]},"properties":{"g":"11140","gn":"중구","d":"15500","n":"을지로3가"},"id":"LT_C_ADEMD_INFO.1685"},
{"type":"Feature","geometry":{"type":"Polygon","coordinates":[[[126.99633,37.56865],[126.99459,37.56851],[126.99462,37.56762],[126.99454,37.567],[126.99448,37.56657],[126.99509,37.56675],[126.99568,37.56692],[126.99782,37.56722],[126.99771,37.56788],[126.99689,37.56828],[126.99636,37.56841],[126.99633,37.56865]]]},"properties":{"g":"11140","gn":"중구","d":"15700","n":"산림동"},"id":"LT_C_ADEMD_INFO.1686"},
{"type":"Feature","geometry":{"type":"Polygon","coordinates":[[[126.99399,37.56594],[126.99331,37.56552],[126.99272,37.56559],[126.99278,37.56516],[126.99218,37.56512],[126.99098,37.56538],[126.99061,37.5645],[126.99072,37.56408],[126.99115,37.56408],[126.99125,37.5633],[126.99233,37.56315],[126.99278,37.56341],[126.99309,37.56339],[126.99348,37.56398],[126.99303,37.56431],[126.99342,37.56445],[126.99335,37.56504],[126.99388,37.5651],[126.994,37.56535],[126.99366,37.56559],[126.99399,37.56594]]]},"properties":{"g":"11140","gn":"중구","d":"15900","n":"초동"},"id":"LT_C_ADEMD_INFO.1687"},
{"type":"Feature","geometry":{"type":"Polygon","coordinates":[[[127.01648,37.59267],[127.01575,37.59245],[127.0143,37.59226],[127.01315,37.59178],[127.01378,37.59126],[127.01457,37.59125],[127.01589,37.59087],[127.01666,37.59035],[127.01695,37.59044],[127.01648,37.59267]]]},"properties":{"g":"11290","gn":"성북구","d":"10800","n":"동소문동5가"},"id":"LT_C_ADEMD_INFO.1688"},
{"type":"Feature","geometry":{"type":"Polygon","coordinates":[[[126.99603,37.56576],[126.99478,37.56609],[126.99454,37.56562],[126.99399,37.56594],[126.99366,37.56559],[126.994,37.56535],[126.99388,37.5651],[126.99335,37.56504],[126.99342,37.56445],[126.99303,37.56431],[126.99348,37.56398],[126.99309,37.56339],[126.99353,37.56308],[126.99434,37.56303],[126.99465,37.56352],[126.99456,37.5639],[126.99505,37.56508],[126.9954,37.565],[126.99579,37.5652],[126.99603,37.56576]]]},"properties":{"g":"11140","gn":"중구","d":"16000","n":"인현동1가"},"id":"LT_C_ADEMD_INFO.1689"},
{"type":"Feature","geometry":{"type":"Polygon","coordinates":[[[126.99098,37.56538],[126.98981,37.56551],[126.98976,37.56575],[126.98911,37.56561],[126.98914,37.56525],[126.98861,37.56526],[126.98851,37.56441],[126.98876,37.56389],[126.98878,37.56334],[126.98928,37.56293],[126.99031,37.56295],[126.99029,37.56318],[126.99125,37.5633],[126.99115,37.56408],[126.99072,37.56408],[126.99061,37.5645],[126.99098,37.56538]]]},"properties":{"g":"11140","gn":"중구","d":"16100","n":"저동2가"},"id":"LT_C_ADEMD_INFO.1690"},
{"type":"Feature","geometry":{"type":"Polygon","coordinates":[[[127.01004,37.56977],[127.00983,37.56976],[127.01033,37.56835],[127.01083,37.56803],[127.01108,37.56755],[127.01126,37.56667],[127.01164,37.56619],[127.01075,37.56543],[127.01057,37.56502],[127.01006,37.56448],[127.00996,37.56334],[127.00971,37.563],[127.00955,37.56284],[127.00931,37.56199],[127.00938,37.5611],[127.00925,37.56088],[127.00982,37.56052],[127.00979,37.56031],[127.00855,37.55911],[127.00827,37.55818],[127.00814,37.55773],[127.00819,37.55699],[127.00791,37.5566],[127.00717,37.55639],[127.00679,37.55576],[127.00617,37.5555],[127.00556,37.55495],[127.00445,37.55368],[127.00456,37.55303],[127.00435,37.55281],[127.00438,37.5524],[127.00404,37.55158],[127.00467,37.55051],[127.00434,37.55021],[127.00456,37.54985],[127.00469,37.54869],[127.00496,37.54843],[127.00613,37.54819],[127.00533,37.54735],[127.00543,37.54706],[127.00502,37.54617],[127.00726,37.54386],[127.00837,37.54403],[127.00899,37.54413],[127.00898,37.54414],[127.00897,37.54421],[127.00892,37.54448],[127.00889,37.54448],[127.00854,37.54458],[127.00826,37.54493],[127.0082,37.54498],[127.00815,37.54506],[127.00819,37.54513],[127.00863,37.54587],[127.00871,37.54602],[127.00921,37.54638],[127.0091,37.54705],[127.00968,37.54789],[127.01002,37.5479],[127.01059,37.54827],[127.01093,37.54818],[127.0116,37.54849],[127.01217,37.54942],[127.01243,37.54949],[127.01257,37.54959],[127.01293,37.54989],[127.01313,37.55005],[127.01322,37.55013],[127.01364,37.55044],[127.01598,37.55259],[127.01616,37.55261],[127.01634,37.55306],[127.01699,37.55366],[127.01686,37.55447],[127.01724,37.55497],[127.01734,37.55586],[127.01804,37.55685],[127.01865,37.55709],[127.01879,37.55722],[127.01901,37.55724],[127.01941,37.55744],[127.01964,37.55729],[127.01968,37.55726],[127.01958,37.5575],[127.0209,37.55783],[127.02192,37.55748],[127.02252,37.55778],[127.02255,37.55783],[127.02289,37.55783],[127.02292,37.55786],[127.02292,37.55833],[127.02288,37.55868],[127.02287,37.55884],[127.02285,37.55898],[127.02241,37.55904],[127.02243,37.55906],[127.02275,37.55933],[127.02279,37.55937],[127.02322,37.56],[127.02335,37.56066],[127.02395,37.56136],[127.02455,37.56188],[127.02595,37.56263],[127.02651,37.56337],[127.0268,37.5642],[127.02667,37.5645],[127.02673,37.56477],[127.02666,37.56479],[127.0267,37.56485],[127.02676,37.56493],[127.02679,37.56504],[127.02674,37.56504],[127.0264,37.56506],[127.02614,37.56507],[127.02358,37.56518],[127.02358,37.5652],[127.02358,37.56527],[127.02358,37.56558],[127.02357,37.5657],[127.02357,37.56579],[127.02344,37.56579],[127.0234,37.5658],[127.02334,37.5655],[127.02343,37.56516],[127.02201,37.56546],[127.0205,37.56567],[127.0189,37.56565],[127.01809,37.56557],[127.01623,37.56536],[127.01606,37.56442],[127.01586,37.56382],[127.01545,37.56309],[127.01428,37.56399],[127.01441,37.56447],[127.0147,37.56452],[127.0148,37.56507],[127.01418,37.56513],[127.01389,37.56671],[127.01572,37.56693],[127.01581,37.56705],[127.01564,37.56921],[127.01535,37.56919],[127.01526,37.56974],[127.01308,37.5697],[127.01213,37.56975],[127.01004,37.56977]]]},"properties":{"g":"11140","gn":"중구","d":"16200","n":"신당동"},"id":"LT_C_ADEMD_INFO.1691"},
{"type":"Feature","geometry":{"type":"Polygon","coordinates":[[[127.02339,37.57191],[127.02337,37.57191],[127.0222,37.57202],[127.02078,37.57172],[127.01902,37.57101],[127.01733,37.57008],[127.01769,37.57017],[127.01809,37.56557],[127.0189,37.56565],[127.0205,37.56567],[127.02201,37.56546],[127.02343,37.56516],[127.02334,37.5655],[127.0234,37.5658],[127.02344,37.56579],[127.02357,37.56579],[127.02356,37.56599],[127.02356,37.56624],[127.02356,37.56663],[127.02354,37.56668],[127.0235,37.56792],[127.02348,37.56898],[127.02343,37.5705],[127.02341,37.57121],[127.0234,37.57154],[127.0234,37.57175],[127.02339,37.5719],[127.02339,37.57191]]]},"properties":{"g":"11140","gn":"중구","d":"16500","n":"황학동"},"id":"LT_C_ADEMD_INFO.1692"},
{"type":"Feature","geometry":{"type":"Polygon","coordinates":[[[126.97611,37.5649],[126.97426,37.56479],[126.97369,37.56518],[126.9728,37.56498],[126.97292,37.56455],[126.97295,37.56337],[126.97239,37.56316],[126.97124,37.5629],[126.97186,37.56197],[126.97261,37.56127],[126.97314,37.56065],[126.97315,37.56105],[126.97353,37.56122],[126.97426,37.56092],[126.97409,37.56115],[126.97478,37.56203],[126.9747,37.5625],[126.97518,37.56278],[126.97579,37.56281],[126.97595,37.56321],[126.97585,37.56386],[126.97664,37.56415],[126.97611,37.5645],[126.97611,37.5649]]]},"properties":{"g":"11140","gn":"중구","d":"16600","n":"서소문동"},"id":"LT_C_ADEMD_INFO.1693"},
{"type":"Feature","geometry":{"type":"Polygon","coordinates":[[[126.97566,37.56938],[126.97471,37.5692],[126.97418,37.56934],[126.9732,37.56932],[126.97259,37.56906],[126.97255,37.56847],[126.97166,37.56841],[126.97151,37.56871],[126.97104,37.56878],[126.96951,37.56816],[126.96927,37.56813],[126.96894,37.56764],[126.9692,37.56692],[126.96921,37.56624],[126.96945,37.56593],[126.96996,37.56567],[126.97023,37.5653],[126.97117,37.56519],[126.97164,37.56393],[126.97156,37.56351],[126.97124,37.56319],[126.97124,37.5629],[126.97239,37.56316],[126.97295,37.56337],[126.97292,37.56455],[126.9728,37.56498],[126.97369,37.56518],[126.97426,37.56479],[126.97611,37.5649],[126.97726,37.56473],[126.97763,37.5658],[126.97725,37.56626],[126.97717,37.56668],[126.97669,37.56679],[126.97626,37.56731],[126.97569,37.56771],[126.97553,37.56823],[126.97588,37.56872],[126.97566,37.56938]]]},"properties":{"g":"11140","gn":"중구","d":"16700","n":"정동"},"id":"LT_C_ADEMD_INFO.1694"},
{"type":"Feature","geometry":{"type":"Polygon","coordinates":[[[126.96945,37.56593],[126.96828,37.56551],[126.96849,37.56516],[126.96876,37.56429],[126.96884,37.56312],[126.96949,37.56324],[126.96997,37.56208],[126.97016,37.56169],[126.97063,37.56005],[126.97088,37.55937],[126.97108,37.55888],[126.97134,37.55871],[126.9723,37.55954],[126.9729,37.56031],[126.9733,37.56043],[126.97314,37.56065],[126.97261,37.56127],[126.97186,37.56197],[126.97124,37.5629],[126.97124,37.56319],[126.97156,37.56351],[126.97164,37.56393],[126.97117,37.56519],[126.97023,37.5653],[126.96996,37.56567],[126.96945,37.56593]]]},"properties":{"g":"11140","gn":"중구","d":"16800","n":"순화동"},"id":"LT_C_ADEMD_INFO.1695"},
{"type":"Feature","geometry":{"type":"Polygon","coordinates":[[[126.96923,37.55683],[126.96839,37.55728],[126.96782,37.55704],[126.96765,37.55724],[126.96711,37.55699],[126.96641,37.55706],[126.96598,37.55731],[126.96474,37.55667],[126.96546,37.55626],[126.96574,37.55594],[126.96649,37.55576],[126.96649,37.55545],[126.96684,37.55471],[126.96662,37.55443],[126.96702,37.55455],[126.96919,37.55566],[126.96923,37.55683]]]},"properties":{"g":"11140","gn":"중구","d":"17300","n":"만리동1가"},"id":"LT_C_ADEMD_INFO.1696"},
{"type":"Feature","geometry":{"type":"Polygon","coordinates":[[[126.96474,37.55667],[126.96342,37.55696],[126.96272,37.55597],[126.96248,37.55591],[126.96178,37.55498],[126.96231,37.55277],[126.96234,37.55155],[126.96338,37.55226],[126.96463,37.55337],[126.96571,37.55415],[126.96662,37.55443],[126.96684,37.55471],[126.96649,37.55545],[126.96649,37.55576],[126.96574,37.55594],[126.96546,37.55626],[126.96474,37.55667]]]},"properties":{"g":"11140","gn":"중구","d":"17400","n":"만리동2가"},"id":"LT_C_ADEMD_INFO.1697"},
{"type":"Feature","geometry":{"type":"Polygon","coordinates":[[[126.97646,37.55352],[126.97654,37.55261],[126.97645,37.55234],[126.97574,37.55226],[126.97528,37.55193],[126.97506,37.55148],[126.97512,37.55113],[126.97544,37.55104],[126.97532,37.55029],[126.97503,37.55003],[126.97514,37.54977],[126.97451,37.54958],[126.97433,37.54892],[126.97398,37.54876],[126.97376,37.54873],[126.97325,37.54788],[126.97388,37.5475],[126.9743,37.5475],[126.97462,37.54703],[126.97505,37.54699],[126.9746,37.54649],[126.97494,37.54639],[126.97508,37.54558],[126.97533,37.54555],[126.97837,37.54596],[126.98222,37.54641],[126.98354,37.54652],[126.98541,37.54742],[126.9861,37.54786],[126.98686,37.54775],[126.98718,37.54809],[126.98759,37.54886],[126.98734,37.54939],[126.98729,37.55004],[126.98759,37.55057],[126.98747,37.55114],[126.98773,37.55145],[126.98705,37.55229],[126.9866,37.55258],[126.98611,37.55334],[126.98541,37.5537],[126.98462,37.55314],[126.98403,37.55304],[126.98331,37.55336],[126.98248,37.55348],[126.98202,37.55379],[126.98094,37.55385],[126.98035,37.55339],[126.97873,37.5532],[126.9788,37.55409],[126.97816,37.55438],[126.97726,37.55501],[126.97655,37.55522],[126.97646,37.55352]]]},"properties":{"g":"11170","gn":"용산구","d":"10100","n":"후암동"},"id":"LT_C_ADEMD_INFO.1698"},
{"type":"Feature","geometry":{"type":"Polygon","coordinates":[[[126.97837,37.54596],[126.97903,37.54444],[126.97919,37.54362],[126.97902,37.54243],[126.97951,37.54138],[126.9804,37.53913],[126.9804,37.53785],[126.9806,37.53482],[126.98599,37.53504],[126.9873,37.53459],[126.98718,37.53483],[126.98707,37.5362],[126.98667,37.53799],[126.98687,37.53824],[126.98682,37.53865],[126.98758,37.54086],[126.98843,37.54317],[126.98894,37.5437],[126.98897,37.54371],[126.98899,37.54373],[126.98904,37.54376],[126.98911,37.54381],[126.9892,37.54386],[126.98922,37.54388],[126.98949,37.54405],[126.98952,37.54414],[126.98963,37.5445],[126.98968,37.54468],[126.9898,37.54505],[126.98987,37.54505],[126.99028,37.54656],[126.99093,37.54716],[126.99156,37.54789],[126.9928,37.54851],[126.99296,37.54862],[126.99321,37.54879],[126.99331,37.54885],[126.99332,37.54887],[126.99313,37.54908],[126.99296,37.54952],[126.99237,37.55006],[126.99166,37.55027],[126.991,37.55077],[126.99071,37.55112],[126.99024,37.55128],[126.98948,37.55132],[126.98866,37.55155],[126.98773,37.55145],[126.98747,37.55114],[126.98759,37.55057],[126.98729,37.55004],[126.98734,37.54939],[126.98759,37.54886],[126.98718,37.54809],[126.98686,37.54775],[126.9861,37.54786],[126.98541,37.54742],[126.98354,37.54652],[126.98222,37.54641],[126.97837,37.54596]]]},"properties":{"g":"11170","gn":"용산구","d":"10200","n":"용산동2가"},"id":"LT_C_ADEMD_INFO.1699"},
{"type":"Feature","geometry":{"type":"Polygon","coordinates":[[[126.9806,37.53482],[126.98061,37.53475],[126.98034,37.53327],[126.98026,37.53219],[126.98015,37.52952],[126.98007,37.52618],[126.9816,37.52617],[126.98336,37.52661],[126.98583,37.52714],[126.98755,37.52715],[126.98859,37.52705],[126.98963,37.52717],[126.99153,37.52718],[126.99166,37.52718],[126.99138,37.52965],[126.9915,37.52973],[126.98965,37.5323],[126.9882,37.53425],[126.9873,37.53459],[126.98599,37.53504],[126.9806,37.53482]]]},"properties":{"g":"11170","gn":"용산구","d":"10300","n":"용산동4가"},"id":"LT_C_ADEMD_INFO.1700"},
{"type":"Feature","geometry":{"type":"Polygon","coordinates":[[[127.02441,37.57919],[127.0233,37.57843],[127.02314,37.57802],[127.02337,37.57191],[127.02339,37.57191],[127.0234,37.57191],[127.02343,37.5719],[127.02344,37.5719],[127.02417,37.57144],[127.02459,37.57105],[127.02521,37.57085],[127.02574,37.57091],[127.02616,37.57125],[127.02728,37.57091],[127.02768,37.57041],[127.0277,37.57063],[127.02771,37.57074],[127.02772,37.57084],[127.02779,37.57155],[127.02784,37.57209],[127.02795,37.57321],[127.02801,37.57398],[127.02768,37.57681],[127.0279,37.57687],[127.02781,37.57754],[127.02758,37.57824],[127.02725,37.57856],[127.02672,37.57847],[127.02578,37.5789],[127.02443,37.57919],[127.02441,37.57919]]]},"properties":{"g":"11230","gn":"동대문구","d":"10100","n":"신설동"},"id":"LT_C_ADEMD_INFO.1701"},
{"type":"Feature","geometry":{"type":"Polygon","coordinates":[[[126.97398,37.54876],[126.97393,37.54904],[126.9728,37.54991],[126.97186,37.54982],[126.97178,37.54947],[126.97075,37.54866],[126.97086,37.54829],[126.97086,37.54659],[126.97091,37.54647],[126.97097,37.54631],[126.97099,37.54423],[126.97111,37.54273],[126.97106,37.54185],[126.97089,37.54057],[126.97108,37.53996],[126.97331,37.54038],[126.9733,37.5404],[126.97209,37.54511],[126.97344,37.54529],[126.97533,37.54555],[126.97508,37.54558],[126.97494,37.54639],[126.9746,37.54649],[126.97505,37.54699],[126.97462,37.54703],[126.9743,37.5475],[126.97388,37.5475],[126.97325,37.54788],[126.97376,37.54873],[126.97398,37.54876]]]},"properties":{"g":"11170","gn":"용산구","d":"10400","n":"갈월동"},"id":"LT_C_ADEMD_INFO.1702"},
{"type":"Feature","geometry":{"type":"Polygon","coordinates":[[[126.9733,37.5404],[126.97466,37.54067],[126.97344,37.54529],[126.97209,37.54511],[126.9733,37.5404]]]},"properties":{"g":"11170","gn":"용산구","d":"10500","n":"남영동"},"id":"LT_C_ADEMD_INFO.1703"},
{"type":"Feature","geometry":{"type":"Polygon","coordinates":[[[127.06942,37.59533],[127.06924,37.59533],[127.06873,37.59534],[127.06859,37.59532],[127.06781,37.59445],[127.06737,37.59487],[127.06546,37.59534],[127.06498,37.59527],[127.06446,37.59476],[127.06374,37.59476],[127.06307,37.5951],[127.06169,37.59313],[127.06148,37.5932],[127.06146,37.59321],[127.06101,37.59264],[127.06065,37.59305],[127.06062,37.59301],[127.06033,37.59288],[127.05939,37.59308],[127.05877,37.59283],[127.05826,37.59249],[127.05768,37.59251],[127.05711,37.59154],[127.05667,37.59132],[127.05589,37.59016],[127.05594,37.58993],[127.0542,37.58857],[127.05337,37.58771],[127.05373,37.58725],[127.05394,37.58741],[127.05423,37.5876],[127.05428,37.58763],[127.05443,37.58771],[127.05468,37.5878],[127.05475,37.58771],[127.05478,37.58767],[127.05481,37.58765],[127.0548,37.58755],[127.05479,37.58748],[127.05478,37.58745],[127.05488,37.58692],[127.05497,37.58682],[127.05503,37.58676],[127.05503,37.58662],[127.05518,37.58607],[127.05521,37.58594],[127.05536,37.58593],[127.05537,37.58583],[127.05538,37.58579],[127.05538,37.58575],[127.05539,37.58572],[127.0554,37.58564],[127.05538,37.58559],[127.05537,37.58555],[127.05531,37.5854],[127.0553,37.58538],[127.05528,37.58534],[127.05525,37.58527],[127.05524,37.58526],[127.05523,37.58522],[127.05521,37.58518],[127.05515,37.58505],[127.05513,37.58503],[127.05513,37.58502],[127.05508,37.58496],[127.05478,37.58461],[127.05477,37.5846],[127.05474,37.58455],[127.05474,37.58454],[127.05474,37.58449],[127.05475,37.58449],[127.05475,37.58444],[127.05475,37.5844],[127.05475,37.58436],[127.0548,37.58429],[127.05485,37.58426],[127.05567,37.58388],[127.05569,37.58387],[127.05631,37.58344],[127.05653,37.5834],[127.05718,37.58352],[127.05719,37.58353],[127.05732,37.58434],[127.0577,37.58455],[127.0583,37.5849],[127.05833,37.58491],[127.05836,37.58493],[127.0586,37.58502],[127.05905,37.58515],[127.05953,37.58483],[127.05958,37.58481],[127.0599,37.58467],[127.06051,37.58513],[127.06057,37.58514],[127.06064,37.58517],[127.06088,37.58528],[127.06096,37.58531],[127.06117,37.5854],[127.06131,37.58546],[127.06137,37.58548],[127.06146,37.58551],[127.06207,37.58549],[127.06215,37.58538],[127.06302,37.58529],[127.06442,37.58465],[127.06433,37.58441],[127.06432,37.58426],[127.06433,37.58421],[127.0644,37.58346],[127.06424,37.58309],[127.06408,37.58284],[127.06401,37.58169],[127.06412,37.58168],[127.06467,37.58161],[127.06528,37.58171],[127.066,37.58214],[127.06727,37.58212],[127.06729,37.58211],[127.0674,37.58217],[127.06788,37.58251],[127.06823,37.58278],[127.06831,37.58284],[127.06852,37.58284],[127.06853,37.58284],[127.06856,37.58284],[127.06877,37.58256],[127.06873,37.58227],[127.06872,37.58224],[127.06883,37.58222],[127.06908,37.58217],[127.06944,37.58209],[127.06984,37.58202],[127.07119,37.58178],[127.07499,37.58102],[127.07523,37.581],[127.07525,37.581],[127.07483,37.58179],[127.07287,37.58416],[127.07216,37.58496],[127.07264,37.58651],[127.07236,37.58683],[127.07135,37.58853],[127.07104,37.58896],[127.0706,37.58915],[127.0703,37.58954],[127.07023,37.58996],[127.0706,37.59096],[127.07069,37.59136],[127.07072,37.59148],[127.07072,37.59189],[127.07057,37.59245],[127.07054,37.59254],[127.07053,37.5926],[127.07045,37.59289],[127.07044,37.59291],[127.07027,37.59334],[127.06943,37.59512],[127.06942,37.59533]]]},"properties":{"g":"11230","gn":"동대문구","d":"10900","n":"휘경동"},"id":"LT_C_ADEMD_INFO.1704"},
{"type":"Feature","geometry":{"type":"Polygon","coordinates":[[[127.06942,37.59533],[127.06945,37.5955],[127.06949,37.59724],[127.06984,37.59773],[127.07079,37.59862],[127.07115,37.5988],[127.07117,37.59881],[127.07151,37.5991],[127.07249,37.60024],[127.0728,37.60084],[127.07287,37.60133],[127.07241,37.60288],[127.07153,37.60464],[127.07138,37.6054],[127.07108,37.60732],[127.07108,37.60736],[127.07106,37.60762],[127.07106,37.60763],[127.07087,37.6076],[127.07069,37.60757],[127.07067,37.60756],[127.07057,37.60747],[127.07038,37.60704],[127.07037,37.60704],[127.07036,37.60704],[127.07026,37.60703],[127.07012,37.60726],[127.06977,37.60726],[127.06846,37.6066],[127.06789,37.60656],[127.06681,37.60611],[127.06621,37.60559],[127.06552,37.60548],[127.06498,37.60583],[127.06369,37.60525],[127.0631,37.60525],[127.06247,37.60518],[127.06231,37.60516],[127.06225,37.60514],[127.0622,37.60512],[127.06219,37.60513],[127.06218,37.60512],[127.06216,37.60507],[127.06216,37.60506],[127.06218,37.60494],[127.06196,37.60489],[127.06149,37.60447],[127.06144,37.60424],[127.06076,37.60348],[127.06071,37.60353],[127.06043,37.60341],[127.06039,37.60339],[127.06018,37.60317],[127.0601,37.60305],[127.05992,37.60228],[127.06005,37.60207],[127.06019,37.60173],[127.06018,37.6017],[127.06012,37.60162],[127.06011,37.60162],[127.06009,37.6016],[127.05999,37.60156],[127.05966,37.60152],[127.05951,37.60141],[127.05934,37.60135],[127.05931,37.60133],[127.05923,37.60126],[127.05918,37.60108],[127.05918,37.60107],[127.05916,37.60106],[127.0586,37.60109],[127.05845,37.60109],[127.05745,37.6012],[127.05721,37.60151],[127.05628,37.60134],[127.0554,37.60102],[127.0554,37.60103],[127.05513,37.60128],[127.05509,37.60132],[127.05508,37.60134],[127.05481,37.60112],[127.05444,37.6008],[127.05424,37.60065],[127.05382,37.60061],[127.05362,37.60048],[127.05281,37.60031],[127.05258,37.60026],[127.0521,37.60015],[127.05208,37.60015],[127.05203,37.60013],[127.05263,37.59945],[127.05334,37.59927],[127.05343,37.59794],[127.05386,37.59696],[127.05384,37.59663],[127.0545,37.59603],[127.05476,37.59561],[127.05445,37.59427],[127.05483,37.59385],[127.05568,37.59354],[127.05602,37.59285],[127.05623,37.5919],[127.0558,37.59116],[127.05711,37.59154],[127.05768,37.59251],[127.05826,37.59249],[127.05877,37.59283],[127.05939,37.59308],[127.06033,37.59288],[127.06062,37.59301],[127.06065,37.59305],[127.06101,37.59264],[127.06146,37.59321],[127.06148,37.5932],[127.06169,37.59313],[127.06307,37.5951],[127.06374,37.59476],[127.06446,37.59476],[127.06498,37.59527],[127.06546,37.59534],[127.06737,37.59487],[127.06781,37.59445],[127.06859,37.59532],[127.06873,37.59534],[127.06924,37.59533],[127.06942,37.59533]]]},"properties":{"g":"11230","gn":"동대문구","d":"11000","n":"이문동"},"id":"LT_C_ADEMD_INFO.1705"},
{"type":"Feature","geometry":{"type":"Polygon","coordinates":[[[127.0932,37.59271],[127.09321,37.59272],[127.09316,37.59314],[127.09313,37.59341],[127.0932,37.59415],[127.08011,37.59133],[127.08015,37.59219],[127.07911,37.59204],[127.07864,37.59296],[127.07193,37.59121],[127.0719,37.59138],[127.07112,37.59147],[127.07091,37.59148],[127.07072,37.59148],[127.07023,37.58996],[127.0703,37.58954],[127.0706,37.58915],[127.07104,37.58896],[127.07135,37.58853],[127.07236,37.58683],[127.07264,37.58651],[127.07216,37.58496],[127.07287,37.58416],[127.07483,37.58179],[127.07525,37.581],[127.07581,37.58094],[127.07624,37.58015],[127.07646,37.57934],[127.07723,37.57351],[127.07723,37.57292],[127.07823,37.57189],[127.08333,37.57137],[127.08617,37.57083],[127.08818,37.57085],[127.0884,37.57018],[127.09049,37.5697],[127.09051,37.5697],[127.09268,37.57025],[127.09339,37.5705],[127.0948,37.57076],[127.09561,37.57062],[127.0959,37.57139],[127.09634,37.57134],[127.09741,37.57192],[127.09832,37.57234],[127.09858,37.57263],[127.09947,37.57275],[127.10073,37.57359],[127.10089,37.57376],[127.1009,37.57439],[127.10125,37.57517],[127.10114,37.57607],[127.10173,37.57697],[127.10196,37.57755],[127.10303,37.57891],[127.10289,37.57991],[127.10344,37.5806],[127.10599,37.58194],[127.10724,37.58231],[127.10781,37.58288],[127.10851,37.58327],[127.10897,37.58338],[127.10938,37.58409],[127.10938,37.58456],[127.10973,37.58524],[127.10999,37.58602],[127.11015,37.58743],[127.10993,37.58787],[127.10947,37.58797],[127.10922,37.58799],[127.10878,37.58812],[127.10832,37.58832],[127.10727,37.58812],[127.1062,37.58811],[127.10588,37.58812],[127.10538,37.58836],[127.10443,37.58874],[127.1026,37.58923],[127.10227,37.5893],[127.10216,37.58923],[127.1021,37.58912],[127.10209,37.58911],[127.10205,37.58904],[127.10177,37.58911],[127.09988,37.58976],[127.09971,37.58981],[127.09897,37.59007],[127.098,37.5904],[127.09744,37.5906],[127.09442,37.58991],[127.09364,37.58974],[127.09338,37.59229],[127.09324,37.59229],[127.09324,37.59237],[127.09322,37.59261],[127.0932,37.59267],[127.0932,37.59271]]]},"properties":{"g":"11260","gn":"중랑구","d":"10100","n":"면목동"},"id":"LT_C_ADEMD_INFO.1706"},
{"type":"Feature","geometry":{"type":"Polygon","coordinates":[[[127.08947,37.60865],[127.08912,37.6091],[127.0879,37.60874],[127.0875,37.6087],[127.08744,37.6087],[127.08741,37.6087],[127.08734,37.60847],[127.08718,37.60832],[127.0874,37.60766],[127.08742,37.60634],[127.08719,37.6059],[127.08704,37.60462],[127.08675,37.60443],[127.08614,37.60295],[127.08552,37.60252],[127.08649,37.60202],[127.08694,37.60196],[127.08654,37.60125],[127.08661,37.60089],[127.0862,37.60076],[127.08617,37.60015],[127.08561,37.59989],[127.08511,37.59947],[127.08442,37.59862],[127.08274,37.59876],[127.08284,37.59833],[127.08328,37.59765],[127.08316,37.59657],[127.08107,37.59612],[127.08116,37.59587],[127.08031,37.59567],[127.08028,37.595],[127.07158,37.59278],[127.07112,37.59275],[127.07079,37.59267],[127.07053,37.5926],[127.07057,37.59245],[127.07072,37.59189],[127.07072,37.59148],[127.07091,37.59148],[127.07112,37.59147],[127.0719,37.59138],[127.07193,37.59121],[127.07864,37.59296],[127.07911,37.59204],[127.08015,37.59219],[127.08011,37.59133],[127.0932,37.59415],[127.09319,37.59426],[127.09313,37.59487],[127.09311,37.59506],[127.09308,37.59537],[127.09286,37.59754],[127.09279,37.59817],[127.09516,37.59872],[127.0953,37.59908],[127.09543,37.59944],[127.0955,37.59964],[127.09571,37.6002],[127.09579,37.60041],[127.09586,37.6006],[127.09588,37.60067],[127.09577,37.60061],[127.09568,37.60058],[127.0953,37.60042],[127.09522,37.60114],[127.09515,37.60124],[127.09513,37.60128],[127.09511,37.60158],[127.09511,37.60164],[127.09511,37.60169],[127.09496,37.60192],[127.09489,37.60195],[127.09489,37.60203],[127.09487,37.60222],[127.09487,37.60238],[127.09485,37.60239],[127.09483,37.6024],[127.09479,37.6024],[127.09468,37.60239],[127.09461,37.60239],[127.09417,37.60236],[127.09412,37.60236],[127.0941,37.60243],[127.0938,37.60284],[127.09395,37.60356],[127.09395,37.60361],[127.09404,37.60395],[127.09409,37.60422],[127.09406,37.60459],[127.0939,37.60498],[127.09381,37.60493],[127.0937,37.605],[127.09265,37.6059],[127.09191,37.60661],[127.09145,37.6069],[127.09123,37.60723],[127.09082,37.60732],[127.09053,37.60763],[127.09052,37.60786],[127.09029,37.60802],[127.08988,37.6083],[127.08947,37.60865]]]},"properties":{"g":"11260","gn":"중랑구","d":"10200","n":"상봉동"},"id":"LT_C_ADEMD_INFO.1707"},
{"type":"Feature","geometry":{"type":"Polygon","coordinates":[[[126.97837,37.54596],[126.97533,37.54555],[126.97344,37.54529],[126.97466,37.54067],[126.9733,37.5404],[126.97331,37.54038],[126.97403,37.53764],[126.97487,37.53759],[126.97504,37.53511],[126.97576,37.53457],[126.98061,37.53475],[126.9806,37.53482],[126.9804,37.53785],[126.9804,37.53913],[126.97951,37.54138],[126.97902,37.54243],[126.97919,37.54362],[126.97903,37.54444],[126.97837,37.54596]]]},"properties":{"g":"11170","gn":"용산구","d":"10600","n":"용산동1가"},"id":"LT_C_ADEMD_INFO.1708"},
{"type":"Feature","geometry":{"type":"Polygon","coordinates":[[[127.00634,37.58856],[127.0052,37.5895],[127.00456,37.59004],[127.00388,37.59093],[127.00287,37.59108],[127.00181,37.59134],[127.00183,37.59113],[127.00169,37.59071],[127.00177,37.59011],[127.00228,37.58922],[127.00291,37.58879],[127.00333,37.5887],[127.00347,37.58842],[127.00408,37.58773],[127.00622,37.58851],[127.00634,37.58856]]]},"properties":{"g":"11290","gn":"성북구","d":"10200","n":"성북동1가"},"id":"LT_C_ADEMD_INFO.1709"},
{"type":"Feature","geometry":{"type":"Polygon","coordinates":[[[127.02564,37.59632],[127.02543,37.59659],[127.02573,37.59681],[127.02614,37.59791],[127.02624,37.59917],[127.02667,37.59944],[127.02687,37.59977],[127.02676,37.60026],[127.027,37.60072],[127.02751,37.60083],[127.02769,37.60119],[127.02827,37.60169],[127.02914,37.60212],[127.02922,37.60273],[127.02987,37.60314],[127.02994,37.60374],[127.03044,37.60411],[127.0291,37.60452],[127.02709,37.60451],[127.02606,37.60396],[127.02581,37.60363],[127.02507,37.60273],[127.02434,37.60234],[127.02265,37.60203],[127.02197,37.60206],[127.02198,37.60157],[127.02149,37.60121],[127.02161,37.60054],[127.02127,37.60009],[127.02068,37.60015],[127.02025,37.5994],[127.01988,37.59916],[127.01928,37.59901],[127.01895,37.59867],[127.01858,37.5986],[127.01831,37.59907],[127.01781,37.59926],[127.01717,37.59881],[127.01669,37.5991],[127.01616,37.59965],[127.01497,37.60027],[127.01435,37.60026],[127.0139,37.6001],[127.01374,37.60058],[127.01407,37.60086],[127.01311,37.60175],[127.01248,37.60177],[127.01204,37.60125],[127.01137,37.6011],[127.01124,37.60023],[127.01138,37.59952],[127.01136,37.59874],[127.01107,37.59839],[127.01069,37.59842],[127.00956,37.5991],[127.00911,37.59913],[127.0085,37.59884],[127.00794,37.5989],[127.00704,37.59865],[127.00676,37.59872],[127.00623,37.59845],[127.00586,37.59809],[127.0059,37.59762],[127.00519,37.59738],[127.00555,37.59709],[127.00581,37.59655],[127.00619,37.59626],[127.00719,37.59654],[127.00777,37.59604],[127.00832,37.59417],[127.00812,37.59372],[127.00833,37.59312],[127.00823,37.59275],[127.00766,37.59249],[127.00735,37.59218],[127.00712,37.59158],[127.00668,37.59086],[127.00722,37.59123],[127.00748,37.59157],[127.00802,37.59171],[127.00958,37.59208],[127.01117,37.59372],[127.01152,37.59388],[127.01154,37.59389],[127.01378,37.59488],[127.01266,37.59669],[127.01359,37.59827],[127.01443,37.59835],[127.01488,37.5984],[127.01508,37.59797],[127.01535,37.59799],[127.01594,37.5968],[127.0171,37.59715],[127.01752,37.5969],[127.01822,37.59692],[127.01813,37.5965],[127.0191,37.59663],[127.0192,37.59713],[127.02012,37.59758],[127.02059,37.59741],[127.02078,37.59691],[127.02147,37.59707],[127.022,37.59688],[127.02134,37.59138],[127.02272,37.59087],[127.0226,37.58984],[127.02294,37.59003],[127.02407,37.5904],[127.02379,37.59072],[127.02377,37.59077],[127.02369,37.59144],[127.0239,37.59184],[127.0236,37.59233],[127.02383,37.59249],[127.0244,37.59333],[127.02438,37.59349],[127.02554,37.59479],[127.02522,37.59543],[127.02527,37.59599],[127.02564,37.59632]]]},"properties":{"g":"11290","gn":"성북구","d":"10300","n":"돈암동"},"id":"LT_C_ADEMD_INFO.1710"},
{"type":"Feature","geometry":{"type":"Polygon","coordinates":[[[126.96917,37.55488],[126.96912,37.55266],[126.96943,37.55211],[126.97036,37.55155],[126.97067,37.55082],[126.97019,37.55014],[126.97014,37.54961],[126.97012,37.54909],[126.9705,37.54908],[126.97075,37.54866],[126.97178,37.54947],[126.97186,37.54982],[126.9728,37.54991],[126.97393,37.54904],[126.97398,37.54876],[126.97433,37.54892],[126.97451,37.54958],[126.97514,37.54977],[126.97503,37.55003],[126.97532,37.55029],[126.97544,37.55104],[126.97512,37.55113],[126.97506,37.55148],[126.97528,37.55193],[126.97574,37.55226],[126.97645,37.55234],[126.97654,37.55261],[126.97646,37.55352],[126.97643,37.55309],[126.97583,37.55339],[126.97435,37.55355],[126.97334,37.55412],[126.97241,37.55465],[126.97241,37.55488],[126.96917,37.55488]]]},"properties":{"g":"11170","gn":"용산구","d":"10700","n":"동자동"},"id":"LT_C_ADEMD_INFO.1711"},
{"type":"Feature","geometry":{"type":"Polygon","coordinates":[[[127.00802,37.59171],[127.00748,37.59157],[127.00722,37.59123],[127.00668,37.59086],[127.00558,37.59007],[127.00574,37.58991],[127.0052,37.5895],[127.00634,37.58856],[127.00928,37.58984],[127.00802,37.59171]]]},"properties":{"g":"11290","gn":"성북구","d":"10400","n":"동소문동1가"},"id":"LT_C_ADEMD_INFO.1712"},
{"type":"Feature","geometry":{"type":"Polygon","coordinates":[[[126.96919,37.55566],[126.96702,37.55455],[126.96662,37.55443],[126.96571,37.55415],[126.96463,37.55337],[126.96338,37.55226],[126.96234,37.55155],[126.96235,37.55151],[126.96305,37.55083],[126.96355,37.54995],[126.9639,37.54976],[126.96414,37.54954],[126.96505,37.55006],[126.96561,37.55082],[126.96618,37.55139],[126.96668,37.55126],[126.96733,37.55066],[126.96808,37.55038],[126.96817,37.55019],[126.9693,37.54992],[126.96957,37.5496],[126.97014,37.54961],[126.97019,37.55014],[126.97067,37.55082],[126.97036,37.55155],[126.96943,37.55211],[126.96912,37.55266],[126.96917,37.55488],[126.96919,37.55566]]]},"properties":{"g":"11170","gn":"용산구","d":"10800","n":"서계동"},"id":"LT_C_ADEMD_INFO.1713"},
{"type":"Feature","geometry":{"type":"Polygon","coordinates":[[[127.00941,37.5899],[127.00928,37.58984],[127.00634,37.58856],[127.00622,37.58851],[127.0075,37.58778],[127.00801,37.58774],[127.00867,37.5881],[127.01001,37.589],[127.00941,37.5899]]]},"properties":{"g":"11290","gn":"성북구","d":"10500","n":"동소문동2가"},"id":"LT_C_ADEMD_INFO.1714"},
{"type":"Feature","geometry":{"type":"Polygon","coordinates":[[[127.01378,37.59126],[127.01315,37.59178],[127.00989,37.59011],[127.00941,37.5899],[127.01001,37.589],[127.01094,37.58967],[127.01188,37.59059],[127.01274,37.59104],[127.01378,37.59126]]]},"properties":{"g":"11290","gn":"성북구","d":"10600","n":"동소문동3가"},"id":"LT_C_ADEMD_INFO.1715"},
{"type":"Feature","geometry":{"type":"Polygon","coordinates":[[[126.97014,37.54961],[126.96957,37.5496],[126.9693,37.54992],[126.96817,37.55019],[126.96808,37.55038],[126.96733,37.55066],[126.96668,37.55126],[126.96618,37.55139],[126.96561,37.55082],[126.96505,37.55006],[126.96414,37.54954],[126.9639,37.54976],[126.96371,37.54925],[126.96373,37.54879],[126.96344,37.54867],[126.96382,37.54825],[126.96579,37.54805],[126.9663,37.54771],[126.96626,37.54737],[126.96678,37.54727],[126.96723,37.54681],[126.96771,37.54707],[126.96852,37.54707],[126.96919,37.54685],[126.97044,37.54686],[126.97091,37.54647],[126.97086,37.54659],[126.97086,37.54829],[126.97075,37.54866],[126.9705,37.54908],[126.97012,37.54909],[126.97014,37.54961]]]},"properties":{"g":"11170","gn":"용산구","d":"10900","n":"청파동1가"},"id":"LT_C_ADEMD_INFO.1716"},
{"type":"Feature","geometry":{"type":"Polygon","coordinates":[[[126.96344,37.54867],[126.96334,37.54864],[126.96339,37.54839],[126.96338,37.54687],[126.96254,37.54584],[126.96226,37.54487],[126.96237,37.5445],[126.96206,37.54387],[126.96291,37.5438],[126.96341,37.54395],[126.96401,37.54456],[126.96513,37.54515],[126.96598,37.54486],[126.96644,37.54482],[126.96746,37.54491],[126.96854,37.54438],[126.96925,37.54461],[126.9699,37.54498],[126.97065,37.5451],[126.97071,37.54467],[126.97099,37.54423],[126.97097,37.54631],[126.97091,37.54647],[126.97044,37.54686],[126.96919,37.54685],[126.96852,37.54707],[126.96771,37.54707],[126.96723,37.54681],[126.96678,37.54727],[126.96626,37.54737],[126.9663,37.54771],[126.96579,37.54805],[126.96382,37.54825],[126.96344,37.54867]]]},"properties":{"g":"11170","gn":"용산구","d":"11000","n":"청파동2가"},"id":"LT_C_ADEMD_INFO.1717"},
{"type":"Feature","geometry":{"type":"Polygon","coordinates":[[[126.97099,37.54423],[126.97071,37.54467],[126.97065,37.5451],[126.9699,37.54498],[126.96925,37.54461],[126.96854,37.54438],[126.96746,37.54491],[126.96644,37.54482],[126.96598,37.54486],[126.96513,37.54515],[126.96401,37.54456],[126.96341,37.54395],[126.96291,37.5438],[126.96206,37.54387],[126.96217,37.54184],[126.96335,37.54248],[126.9646,37.54261],[126.96489,37.5415],[126.96516,37.54164],[126.96671,37.54161],[126.96814,37.54145],[126.96839,37.54158],[126.96846,37.54216],[126.97056,37.54152],[126.97106,37.54185],[126.97111,37.54273],[126.97099,37.54423]],[[126.96291,37.54317],[126.96313,37.54355],[126.96426,37.54367],[126.96396,37.54293],[126.96295,37.54259],[126.96291,37.54317]]]},"properties":{"g":"11170","gn":"용산구","d":"11100","n":"청파동3가"},"id":"LT_C_ADEMD_INFO.1718"},
{"type":"Feature","geometry":{"type":"Polygon","coordinates":[[[126.97106,37.54185],[126.97056,37.54152],[126.96846,37.54216],[126.96839,37.54158],[126.96814,37.54145],[126.96671,37.54161],[126.96516,37.54164],[126.96489,37.5415],[126.96477,37.54095],[126.9642,37.54009],[126.96415,37.53953],[126.96434,37.5388],[126.96402,37.5385],[126.96557,37.53814],[126.96689,37.53764],[126.967,37.53797],[126.96827,37.5382],[126.96938,37.53871],[126.97016,37.53933],[126.97078,37.54026],[126.97089,37.54057],[126.97106,37.54185]]]},"properties":{"g":"11170","gn":"용산구","d":"11200","n":"원효로1가"},"id":"LT_C_ADEMD_INFO.1719"},
{"type":"Feature","geometry":{"type":"Polygon","coordinates":[[[127.01315,37.59178],[127.01312,37.59191],[127.01181,37.5935],[127.01185,37.59352],[127.01163,37.59377],[127.01158,37.59384],[127.01154,37.59389],[127.01152,37.59388],[127.01117,37.59372],[127.00958,37.59208],[127.00802,37.59171],[127.00928,37.58984],[127.00941,37.5899],[127.00989,37.59011],[127.01315,37.59178]]]},"properties":{"g":"11290","gn":"성북구","d":"10700","n":"동소문동4가"},"id":"LT_C_ADEMD_INFO.1720"},
{"type":"Feature","geometry":{"type":"Polygon","coordinates":[[[127.072,37.5601],[127.07105,37.56047],[127.07086,37.56058],[127.05876,37.56231],[127.05659,37.56394],[127.05632,37.56417],[127.05472,37.56533],[127.04795,37.57038],[127.04341,37.57234],[127.0432,37.57242],[127.04256,37.5727],[127.04252,37.57272],[127.04246,37.57274],[127.04192,37.57296],[127.0419,37.57297],[127.03818,37.57302],[127.03816,37.57284],[127.03813,37.57227],[127.03814,37.57227],[127.03823,37.57227],[127.03841,37.57227],[127.0386,37.57227],[127.03876,37.57227],[127.03944,37.57219],[127.04041,37.57207],[127.042,37.57167],[127.04416,37.57072],[127.04556,37.56995],[127.0462,37.56932],[127.04855,37.56488],[127.04933,37.56372],[127.05101,37.56285],[127.05123,37.56244],[127.05118,37.56199],[127.05051,37.56137],[127.0501,37.56086],[127.0504,37.56021],[127.05148,37.55969],[127.05178,37.55916],[127.05165,37.55874],[127.05128,37.55852],[127.05155,37.55806],[127.05196,37.55793],[127.05202,37.55746],[127.05145,37.55696],[127.05153,37.55648],[127.05149,37.5557],[127.0506,37.55488],[127.05024,37.55428],[127.05,37.55356],[127.04901,37.55255],[127.04983,37.55203],[127.05055,37.55184],[127.05119,37.55193],[127.05181,37.55226],[127.05263,37.55482],[127.0532,37.55586],[127.0541,37.55736],[127.05746,37.55663],[127.06309,37.55685],[127.06803,37.55609],[127.07075,37.55877],[127.07098,37.55901],[127.07153,37.5596],[127.07174,37.55983],[127.07189,37.55998],[127.07199,37.56008],[127.072,37.5601]]]},"properties":{"g":"11200","gn":"성동구","d":"12200","n":"용답동"},"id":"LT_C_ADEMD_INFO.1721"},
{"type":"Feature","geometry":{"type":"Polygon","coordinates":[[[127.10217,37.55928],[127.10186,37.55949],[127.10128,37.56047],[127.10112,37.56105],[127.1012,37.56158],[127.10167,37.56263],[127.10162,37.56329],[127.10184,37.56382],[127.10223,37.56431],[127.10225,37.5649],[127.10272,37.56706],[127.10321,37.56882],[127.10346,37.57005],[127.10385,37.57049],[127.10423,37.57139],[127.10313,37.57228],[127.10224,37.57216],[127.10166,37.5724],[127.10094,37.57336],[127.10089,37.57376],[127.10073,37.57359],[127.09947,37.57275],[127.09858,37.57263],[127.09832,37.57234],[127.09741,37.57192],[127.09634,37.57134],[127.0959,37.57139],[127.09561,37.57062],[127.0948,37.57076],[127.09339,37.5705],[127.09268,37.57025],[127.09051,37.5697],[127.09049,37.5697],[127.0884,37.57018],[127.08818,37.57085],[127.08617,37.57083],[127.08333,37.57137],[127.07823,37.57189],[127.07688,37.56793],[127.07409,37.56459],[127.07272,37.56082],[127.07249,37.56021],[127.07239,37.55998],[127.07239,37.55996],[127.07238,37.55996],[127.07373,37.55941],[127.07948,37.55717],[127.0875,37.55404],[127.08849,37.55347],[127.08899,37.55301],[127.08948,37.55235],[127.09092,37.55278],[127.09338,37.55498],[127.09362,37.55536],[127.09442,37.5557],[127.095,37.55626],[127.0972,37.55699],[127.09746,37.55726],[127.09841,37.55796],[127.09939,37.55842],[127.10033,37.55854],[127.10147,37.55895],[127.10217,37.55928]]]},"properties":{"g":"11215","gn":"광진구","d":"10100","n":"중곡동"},"id":"LT_C_ADEMD_INFO.1722"},
{"type":"Feature","geometry":{"type":"Polygon","coordinates":[[[127.08948,37.55235],[127.08899,37.55301],[127.08849,37.55347],[127.0875,37.55404],[127.07948,37.55717],[127.07777,37.55405],[127.0761,37.55062],[127.07624,37.55035],[127.07602,37.54999],[127.07501,37.54916],[127.07499,37.54864],[127.07475,37.5481],[127.07427,37.54775],[127.07449,37.54706],[127.07499,37.54702],[127.07706,37.54592],[127.07774,37.54573],[127.07993,37.5453],[127.08156,37.54538],[127.08154,37.54522],[127.08284,37.54522],[127.08506,37.54508],[127.08545,37.54591],[127.08592,37.5463],[127.08595,37.54659],[127.08566,37.54705],[127.08578,37.5476],[127.08542,37.54859],[127.08562,37.54889],[127.08647,37.54949],[127.08761,37.54938],[127.08803,37.55036],[127.08941,37.55162],[127.08924,37.55224],[127.08948,37.55235]]]},"properties":{"g":"11215","gn":"광진구","d":"10200","n":"능동"},"id":"LT_C_ADEMD_INFO.1723"},
{"type":"Feature","geometry":{"type":"Polygon","coordinates":[[[127.08154,37.54522],[127.08154,37.54502],[127.08007,37.545],[127.08,37.54425],[127.07955,37.54383],[127.07949,37.54323],[127.08146,37.54316],[127.08144,37.54204],[127.08204,37.54182],[127.08239,37.54148],[127.08366,37.54118],[127.08317,37.54002],[127.08357,37.5365],[127.08878,37.53782],[127.0894,37.53786],[127.08946,37.53755],[127.08924,37.53642],[127.08935,37.53581],[127.0897,37.53509],[127.09007,37.534],[127.09012,37.5334],[127.0911,37.53369],[127.09114,37.53326],[127.09153,37.53328],[127.09172,37.53257],[127.09191,37.53071],[127.09271,37.53061],[127.09128,37.52792],[127.10203,37.53645],[127.09596,37.54106],[127.09569,37.54121],[127.09414,37.54278],[127.09314,37.54371],[127.09353,37.54406],[127.09431,37.54429],[127.09546,37.54478],[127.0959,37.54536],[127.09665,37.54561],[127.09672,37.54597],[127.09788,37.54701],[127.09843,37.54699],[127.09848,37.54742],[127.09816,37.54762],[127.09766,37.54825],[127.09771,37.54933],[127.09799,37.54947],[127.09819,37.55004],[127.09791,37.55029],[127.09896,37.55134],[127.09869,37.55196],[127.1004,37.55316],[127.10143,37.55339],[127.10211,37.55309],[127.10264,37.55351],[127.10299,37.55358],[127.1037,37.55462],[127.10456,37.55503],[127.10493,37.55642],[127.10428,37.55756],[127.10391,37.5578],[127.10285,37.55871],[127.10271,37.55902],[127.10217,37.55928],[127.10147,37.55895],[127.10033,37.55854],[127.09939,37.55842],[127.09841,37.55796],[127.09746,37.55726],[127.0972,37.55699],[127.095,37.55626],[127.09442,37.5557],[127.09362,37.55536],[127.09338,37.55498],[127.09092,37.55278],[127.08948,37.55235],[127.08924,37.55224],[127.08941,37.55162],[127.08803,37.55036],[127.08761,37.54938],[127.08647,37.54949],[127.08562,37.54889],[127.08542,37.54859],[127.08578,37.5476],[127.08566,37.54705],[127.08595,37.54659],[127.08592,37.5463],[127.08545,37.54591],[127.08506,37.54508],[127.08284,37.54522],[127.08154,37.54522]]]},"properties":{"g":"11215","gn":"광진구","d":"10300","n":"구의동"},"id":"LT_C_ADEMD_INFO.1724"},
{"type":"Feature","geometry":{"type":"Polygon","coordinates":[[[127.11525,37.55676],[127.11331,37.55683],[127.11357,37.55796],[127.11386,37.55843],[127.1123,37.559],[127.11142,37.55852],[127.11035,37.55825],[127.10953,37.55855],[127.10854,37.55825],[127.10752,37.55761],[127.10714,37.55711],[127.1064,37.55646],[127.1054,37.55634],[127.10493,37.55642],[127.10456,37.55503],[127.1037,37.55462],[127.10299,37.55358],[127.10264,37.55351],[127.10211,37.55309],[127.10143,37.55339],[127.1004,37.55316],[127.09869,37.55196],[127.09896,37.55134],[127.09791,37.55029],[127.09819,37.55004],[127.09799,37.54947],[127.09771,37.54933],[127.09766,37.54825],[127.09816,37.54762],[127.09848,37.54742],[127.09843,37.54699],[127.09788,37.54701],[127.09672,37.54597],[127.09665,37.54561],[127.0959,37.54536],[127.09546,37.54478],[127.09431,37.54429],[127.09353,37.54406],[127.09314,37.54371],[127.09414,37.54278],[127.09569,37.54121],[127.09596,37.54106],[127.10203,37.53645],[127.10828,37.54141],[127.10845,37.54204],[127.10914,37.54317],[127.11021,37.54502],[127.11147,37.54694],[127.11153,37.55038],[127.11155,37.55051],[127.1141,37.55409],[127.11426,37.55437],[127.11525,37.55676]]]},"properties":{"g":"11215","gn":"광진구","d":"10400","n":"광장동"},"id":"LT_C_ADEMD_INFO.1725"},
{"type":"Feature","geometry":{"type":"Polygon","coordinates":[[[127.07794,37.53901],[127.07702,37.53893],[127.07678,37.5392],[127.07567,37.53926],[127.07523,37.53938],[127.07509,37.53878],[127.0742,37.53883],[127.07308,37.53911],[127.07294,37.53914],[127.07194,37.53948],[127.07151,37.53962],[127.06955,37.54029],[127.06943,37.54033],[127.06617,37.54144],[127.06585,37.54155],[127.064,37.54217],[127.06402,37.54223],[127.05821,37.53193],[127.05622,37.52832],[127.06016,37.52709],[127.06546,37.52507],[127.06646,37.52496],[127.0675,37.52458],[127.06866,37.52387],[127.07206,37.52342],[127.07432,37.52287],[127.07695,37.52252],[127.07998,37.52295],[127.0811,37.52341],[127.08563,37.52476],[127.09014,37.52701],[127.09128,37.52792],[127.09271,37.53061],[127.09191,37.53071],[127.09172,37.53257],[127.09153,37.53328],[127.09114,37.53326],[127.0911,37.53369],[127.09012,37.5334],[127.09007,37.534],[127.0897,37.53509],[127.08935,37.53581],[127.08924,37.53642],[127.08946,37.53755],[127.0894,37.53786],[127.08878,37.53782],[127.08357,37.5365],[127.08317,37.54002],[127.08366,37.54118],[127.08239,37.54148],[127.08297,37.54133],[127.08243,37.54008],[127.08095,37.54044],[127.08103,37.53982],[127.0808,37.53892],[127.08038,37.53914],[127.0798,37.53872],[127.07815,37.53901],[127.07794,37.53901]]]},"properties":{"g":"11215","gn":"광진구","d":"10500","n":"자양동"},"id":"LT_C_ADEMD_INFO.1726"},
{"type":"Feature","geometry":{"type":"Polygon","coordinates":[[[127.08239,37.54148],[127.08204,37.54182],[127.08144,37.54204],[127.08146,37.54316],[127.07949,37.54323],[127.07955,37.54383],[127.08,37.54425],[127.08007,37.545],[127.08154,37.54502],[127.08154,37.54522],[127.08156,37.54538],[127.07993,37.5453],[127.07774,37.54573],[127.07706,37.54592],[127.07499,37.54702],[127.07449,37.54706],[127.07384,37.54719],[127.07203,37.54772],[127.07044,37.54803],[127.06812,37.54831],[127.06747,37.54833],[127.06402,37.54223],[127.064,37.54217],[127.06585,37.54155],[127.06617,37.54144],[127.06943,37.54033],[127.06955,37.54029],[127.07151,37.53962],[127.07194,37.53948],[127.07294,37.53914],[127.07308,37.53911],[127.0742,37.53883],[127.07509,37.53878],[127.07523,37.53938],[127.07567,37.53926],[127.07678,37.5392],[127.07702,37.53893],[127.07794,37.53901],[127.07815,37.53901],[127.0798,37.53872],[127.08038,37.53914],[127.0808,37.53892],[127.08103,37.53982],[127.08095,37.54044],[127.08243,37.54008],[127.08297,37.54133],[127.08239,37.54148]]]},"properties":{"g":"11215","gn":"광진구","d":"10700","n":"화양동"},"id":"LT_C_ADEMD_INFO.1727"},
{"type":"Feature","geometry":{"type":"Polygon","coordinates":[[[127.07449,37.54706],[127.07427,37.54775],[127.07475,37.5481],[127.07499,37.54864],[127.07501,37.54916],[127.07602,37.54999],[127.07624,37.55035],[127.0761,37.55062],[127.07777,37.55405],[127.07948,37.55717],[127.07373,37.55941],[127.0689,37.55086],[127.06747,37.54833],[127.06812,37.54831],[127.07044,37.54803],[127.07203,37.54772],[127.07384,37.54719],[127.07449,37.54706]]]},"properties":{"g":"11215","gn":"광진구","d":"10900","n":"군자동"},"id":"LT_C_ADEMD_INFO.1728"},
{"type":"Feature","geometry":{"type":"Polygon","coordinates":[[[127.02642,37.58055],[127.02443,37.57919],[127.02578,37.5789],[127.02672,37.57847],[127.02725,37.57856],[127.02758,37.57824],[127.02781,37.57754],[127.0279,37.57687],[127.02768,37.57681],[127.02801,37.57398],[127.02795,37.57321],[127.02784,37.57209],[127.02779,37.57155],[127.02772,37.57084],[127.02771,37.57074],[127.0277,37.57063],[127.02768,37.57041],[127.02802,37.57033],[127.02878,37.57014],[127.03029,37.56981],[127.03127,37.5698],[127.03157,37.56986],[127.03202,37.57003],[127.03217,37.57009],[127.03235,37.57015],[127.03236,37.57016],[127.03257,37.57024],[127.03306,37.57051],[127.03418,37.57139],[127.03564,37.572],[127.03705,37.57226],[127.03744,37.57226],[127.03813,37.57227],[127.03813,37.5723],[127.03814,37.57241],[127.03814,37.5725],[127.03816,37.57284],[127.03818,37.57302],[127.0419,37.57297],[127.04256,37.5727],[127.04259,37.57276],[127.04268,37.57296],[127.04287,37.57331],[127.04314,37.57381],[127.04319,37.57388],[127.04331,37.57408],[127.04344,37.57427],[127.04358,37.57446],[127.04374,37.57468],[127.04383,37.57479],[127.04398,37.575],[127.04413,37.57518],[127.04436,37.57546],[127.04452,37.57567],[127.04477,37.57598],[127.04503,37.57629],[127.04527,37.57658],[127.04494,37.57676],[127.04528,37.5772],[127.04446,37.57759],[127.04335,37.57826],[127.04253,37.57929],[127.0425,37.57933],[127.04004,37.57853],[127.03857,37.57817],[127.03446,37.57814],[127.03386,37.57835],[127.03282,37.57833],[127.03279,37.57882],[127.03239,37.57944],[127.03161,37.58138],[127.02989,37.58124],[127.02964,37.58139],[127.02954,37.58268],[127.02642,37.58055]]]},"properties":{"g":"11230","gn":"동대문구","d":"10200","n":"용두동"},"id":"LT_C_ADEMD_INFO.1729"},
{"type":"Feature","geometry":{"type":"Polygon","coordinates":[[[127.04026,37.5906],[127.04054,37.59108],[127.04054,37.59142],[127.0388,37.59141],[127.03868,37.59124],[127.03623,37.59119],[127.03633,37.59014],[127.03554,37.58893],[127.03388,37.58752],[127.03332,37.58672],[127.03284,37.58632],[127.03207,37.58586],[127.0323,37.58567],[127.03164,37.58536],[127.03095,37.58425],[127.02954,37.58268],[127.02964,37.58139],[127.02989,37.58124],[127.03161,37.58138],[127.03239,37.57944],[127.03279,37.57882],[127.03282,37.57833],[127.03386,37.57835],[127.03446,37.57814],[127.03857,37.57817],[127.04004,37.57853],[127.0425,37.57933],[127.04274,37.57941],[127.04275,37.57941],[127.04286,37.57944],[127.0434,37.57961],[127.04354,37.57966],[127.04347,37.57979],[127.04346,37.57981],[127.04324,37.58026],[127.04286,37.58102],[127.04285,37.58123],[127.04285,37.58125],[127.04285,37.58133],[127.04306,37.58134],[127.04324,37.58134],[127.04411,37.58137],[127.04397,37.58179],[127.04357,37.58301],[127.04328,37.58395],[127.04237,37.58671],[127.04038,37.58665],[127.04049,37.58755],[127.03987,37.58851],[127.04043,37.58958],[127.0411,37.59036],[127.04087,37.59058],[127.04035,37.59057],[127.04026,37.5906]]]},"properties":{"g":"11230","gn":"동대문구","d":"10300","n":"제기동"},"id":"LT_C_ADEMD_INFO.1730"},
{"type":"Feature","geometry":{"type":"Polygon","coordinates":[[[127.05529,37.57438],[127.05457,37.57521],[127.05528,37.57566],[127.05618,37.57559],[127.05715,37.5754],[127.0575,37.5754],[127.05772,37.57533],[127.05793,37.57529],[127.05793,37.57525],[127.058,37.57525],[127.05819,37.57546],[127.05821,37.57548],[127.05839,37.57547],[127.05852,37.57542],[127.05869,37.57529],[127.0594,37.57543],[127.06048,37.57544],[127.06143,37.5759],[127.06301,37.5762],[127.06404,37.57629],[127.06419,37.5763],[127.06432,37.57644],[127.06438,37.57649],[127.06439,37.5765],[127.06472,37.57655],[127.06511,37.5764],[127.06559,37.57645],[127.06602,37.57632],[127.06615,37.57641],[127.06637,37.57636],[127.06639,37.57635],[127.06641,37.57635],[127.06652,37.57644],[127.0666,37.57652],[127.06663,37.57654],[127.06663,37.57655],[127.06662,37.5766],[127.06686,37.57661],[127.06706,37.57662],[127.06707,37.57662],[127.0671,37.57662],[127.06708,37.57668],[127.06744,37.57828],[127.06783,37.57909],[127.06842,37.57985],[127.06854,37.58024],[127.06853,37.58093],[127.06858,37.58176],[127.06861,37.58226],[127.06872,37.58224],[127.06873,37.58227],[127.06877,37.58256],[127.06856,37.58284],[127.06853,37.58284],[127.06852,37.58284],[127.06831,37.58284],[127.06823,37.58278],[127.06788,37.58251],[127.0674,37.58217],[127.06729,37.58211],[127.06727,37.58212],[127.066,37.58214],[127.06528,37.58171],[127.06467,37.58161],[127.06412,37.58168],[127.06401,37.58169],[127.06408,37.58284],[127.06424,37.58309],[127.0644,37.58346],[127.06433,37.58421],[127.06432,37.58426],[127.06433,37.58441],[127.06442,37.58465],[127.06302,37.58529],[127.06215,37.58538],[127.06207,37.58549],[127.06146,37.58551],[127.06137,37.58548],[127.06131,37.58546],[127.06117,37.5854],[127.06096,37.58531],[127.06088,37.58528],[127.06064,37.58517],[127.06057,37.58514],[127.06051,37.58513],[127.0599,37.58467],[127.05958,37.58481],[127.05953,37.58483],[127.05905,37.58515],[127.0586,37.58502],[127.05836,37.58493],[127.05833,37.58491],[127.0583,37.5849],[127.0577,37.58455],[127.05732,37.58434],[127.05719,37.58353],[127.05718,37.58352],[127.05653,37.5834],[127.05631,37.58344],[127.05569,37.58387],[127.05567,37.58388],[127.05485,37.58426],[127.0548,37.58429],[127.05475,37.58436],[127.05475,37.5844],[127.05475,37.58444],[127.05475,37.58449],[127.05474,37.58449],[127.05474,37.58454],[127.05474,37.58455],[127.05477,37.5846],[127.05478,37.58461],[127.05508,37.58496],[127.05513,37.58502],[127.05513,37.58503],[127.05515,37.58505],[127.05521,37.58518],[127.05523,37.58522],[127.05524,37.58526],[127.05525,37.58527],[127.05528,37.58534],[127.0553,37.58538],[127.05531,37.5854],[127.05537,37.58555],[127.05538,37.58559],[127.0554,37.58564],[127.05539,37.58572],[127.05538,37.58575],[127.05538,37.58579],[127.05537,37.58583],[127.05536,37.58593],[127.05521,37.58594],[127.05518,37.58607],[127.05503,37.58662],[127.05503,37.58676],[127.05497,37.58682],[127.05488,37.58692],[127.05478,37.58745],[127.05479,37.58748],[127.0548,37.58755],[127.05481,37.58765],[127.05478,37.58767],[127.05475,37.58771],[127.05468,37.5878],[127.05443,37.58771],[127.05428,37.58763],[127.05423,37.5876],[127.05394,37.58741],[127.05373,37.58725],[127.05337,37.58771],[127.05334,37.5878],[127.05319,37.58763],[127.05307,37.58749],[127.05231,37.58657],[127.05196,37.58615],[127.05178,37.58603],[127.05051,37.58448],[127.04998,37.58394],[127.04793,37.58232],[127.04763,37.58208],[127.04666,37.58131],[127.04639,37.58109],[127.04629,37.58101],[127.04603,37.58081],[127.04601,37.5808],[127.04598,37.58077],[127.04595,37.58074],[127.04593,37.58073],[127.04571,37.58056],[127.04562,37.58049],[127.04558,37.58046],[127.04555,37.58043],[127.04546,37.58037],[127.04542,37.58034],[127.04531,37.58026],[127.04524,37.5802],[127.04521,37.58018],[127.0451,37.58015],[127.04507,37.58014],[127.04493,37.58009],[127.04488,37.58008],[127.04481,37.58006],[127.04479,37.58005],[127.04476,37.58004],[127.04473,37.58003],[127.0447,37.58002],[127.0446,37.57999],[127.04454,37.57997],[127.04442,37.57993],[127.04439,37.57992],[127.04406,37.57982],[127.04403,37.57981],[127.04389,37.57977],[127.04382,37.57974],[127.04381,37.57974],[127.04354,37.57966],[127.0434,37.57961],[127.0425,37.57933],[127.04253,37.57929],[127.04335,37.57826],[127.04446,37.57759],[127.04528,37.5772],[127.04494,37.57676],[127.04527,37.57658],[127.04554,37.57656],[127.04559,37.57639],[127.04502,37.57551],[127.04512,37.57478],[127.04561,37.57395],[127.04588,37.57373],[127.04712,37.57279],[127.04716,37.57276],[127.04717,37.57276],[127.04721,37.57281],[127.04794,37.57367],[127.04811,37.57388],[127.0489,37.57481],[127.04895,37.57486],[127.04916,37.5751],[127.04921,37.57515],[127.05011,37.5747],[127.05211,37.57356],[127.05275,37.57409],[127.0535,37.57393],[127.05387,37.57393],[127.05444,37.574],[127.05529,37.57438]]]},"properties":{"g":"11230","gn":"동대문구","d":"10400","n":"전농동"},"id":"LT_C_ADEMD_INFO.1731"},
{"type":"Feature","geometry":{"type":"Polygon","coordinates":[[[127.05715,37.5754],[127.05618,37.57559],[127.05528,37.57566],[127.05457,37.57521],[127.05529,37.57438],[127.05444,37.574],[127.05387,37.57393],[127.0535,37.57393],[127.05275,37.57409],[127.05211,37.57356],[127.05011,37.5747],[127.05007,37.57466],[127.04971,37.57487],[127.04943,37.57503],[127.04934,37.57508],[127.04921,37.57515],[127.0489,37.57481],[127.04811,37.57388],[127.04794,37.57367],[127.04721,37.57281],[127.04717,37.57276],[127.04716,37.57276],[127.04712,37.57279],[127.04588,37.57373],[127.04561,37.57395],[127.04512,37.57478],[127.04502,37.57551],[127.04559,37.57639],[127.04527,37.57658],[127.04503,37.57629],[127.04477,37.57598],[127.04452,37.57567],[127.04436,37.57546],[127.04413,37.57518],[127.04398,37.575],[127.04383,37.57479],[127.04374,37.57468],[127.04358,37.57446],[127.04344,37.57427],[127.04331,37.57408],[127.04319,37.57388],[127.04314,37.57381],[127.04287,37.57331],[127.04268,37.57296],[127.04259,37.57276],[127.04256,37.5727],[127.04795,37.57038],[127.05472,37.56533],[127.05632,37.56417],[127.05659,37.56394],[127.05669,37.56418],[127.05709,37.56388],[127.0571,37.56387],[127.05776,37.56338],[127.05804,37.56318],[127.05834,37.56352],[127.05844,37.56361],[127.05882,37.56396],[127.05918,37.56424],[127.05941,37.56441],[127.05949,37.56448],[127.05975,37.56466],[127.05992,37.56477],[127.06011,37.56489],[127.06051,37.56514],[127.06083,37.56532],[127.06103,37.56543],[127.06135,37.56561],[127.06136,37.56565],[127.06171,37.5661],[127.06196,37.56642],[127.06236,37.56667],[127.06239,37.56667],[127.0625,37.56678],[127.06245,37.56682],[127.06238,37.56688],[127.06244,37.56696],[127.06256,37.56712],[127.06266,37.56724],[127.06271,37.56731],[127.06287,37.56752],[127.06301,37.56773],[127.06306,37.56781],[127.06325,37.56802],[127.06328,37.56808],[127.06335,37.5682],[127.06338,37.56824],[127.06366,37.56861],[127.06367,37.56864],[127.06368,37.56867],[127.06368,37.56878],[127.06385,37.56905],[127.06393,37.56918],[127.06399,37.56928],[127.06402,37.56935],[127.06404,37.56937],[127.06423,37.56971],[127.06434,37.5699],[127.06521,37.57092],[127.06585,37.57198],[127.06617,37.5726],[127.06642,37.57307],[127.06648,37.57311],[127.06658,37.57318],[127.06675,37.57329],[127.06679,37.57331],[127.0668,37.57334],[127.06684,37.57343],[127.06699,37.57374],[127.06699,37.57382],[127.06694,37.57398],[127.06706,37.57428],[127.06712,37.57443],[127.06719,37.5746],[127.06724,37.57471],[127.06725,37.57474],[127.06729,37.57487],[127.06733,37.57496],[127.06736,37.57506],[127.06749,37.57525],[127.06761,37.57565],[127.06764,37.57582],[127.06757,37.57596],[127.06748,37.57614],[127.06746,37.57616],[127.06736,37.57628],[127.06725,37.57641],[127.06722,37.57645],[127.0672,37.57648],[127.0671,37.57662],[127.06707,37.57662],[127.06706,37.57662],[127.06686,37.57661],[127.06662,37.5766],[127.06663,37.57655],[127.06663,37.57654],[127.0666,37.57652],[127.06652,37.57644],[127.06641,37.57635],[127.06602,37.57632],[127.06559,37.57645],[127.06511,37.5764],[127.06472,37.57655],[127.06439,37.5765],[127.06438,37.57649],[127.06432,37.57644],[127.06419,37.5763],[127.06301,37.5762],[127.06143,37.5759],[127.06048,37.57544],[127.0594,37.57543],[127.05869,37.57529],[127.05852,37.57542],[127.05839,37.57547],[127.05821,37.57548],[127.05819,37.57546],[127.058,37.57525],[127.05793,37.57525],[127.05793,37.57529],[127.05772,37.57533],[127.0575,37.5754],[127.05715,37.5754]]]},"properties":{"g":"11230","gn":"동대문구","d":"10500","n":"답십리동"},"id":"LT_C_ADEMD_INFO.1732"},
{"type":"Feature","geometry":{"type":"Polygon","coordinates":[[[127.07525,37.581],[127.07523,37.581],[127.07499,37.58102],[127.07119,37.58178],[127.06984,37.58202],[127.06944,37.58209],[127.06908,37.58217],[127.06883,37.58222],[127.06881,37.58222],[127.06872,37.58224],[127.0687,37.58224],[127.06864,37.58226],[127.06861,37.58226],[127.06858,37.58176],[127.06853,37.58093],[127.06854,37.58024],[127.06842,37.57985],[127.06783,37.57909],[127.06744,37.57828],[127.06719,37.57737],[127.06708,37.57668],[127.0671,37.57663],[127.0671,37.57662],[127.0672,37.57648],[127.06722,37.57645],[127.06725,37.57641],[127.06736,37.57628],[127.06746,37.57616],[127.06748,37.57614],[127.06757,37.57596],[127.06764,37.57582],[127.06761,37.57565],[127.06749,37.57525],[127.06736,37.57506],[127.06733,37.57496],[127.06729,37.57487],[127.06725,37.57474],[127.06724,37.57471],[127.06719,37.5746],[127.06712,37.57443],[127.06706,37.57428],[127.06694,37.57398],[127.06699,37.57382],[127.06699,37.57374],[127.06684,37.57343],[127.0668,37.57334],[127.06679,37.57331],[127.06675,37.57329],[127.06658,37.57318],[127.06648,37.57311],[127.06642,37.57307],[127.06617,37.5726],[127.06585,37.57198],[127.06521,37.57092],[127.06434,37.5699],[127.06423,37.56971],[127.06404,37.56937],[127.06402,37.56935],[127.06399,37.56928],[127.06393,37.56918],[127.06385,37.56905],[127.06368,37.56878],[127.06368,37.56867],[127.06367,37.56864],[127.06366,37.56861],[127.06338,37.56824],[127.06335,37.5682],[127.06328,37.56808],[127.06325,37.56802],[127.06306,37.56781],[127.06301,37.56773],[127.06287,37.56752],[127.06271,37.56731],[127.06266,37.56724],[127.06256,37.56712],[127.06244,37.56696],[127.06238,37.56688],[127.06245,37.56682],[127.0625,37.56678],[127.06239,37.56667],[127.06236,37.56667],[127.06196,37.56642],[127.06171,37.5661],[127.06136,37.56565],[127.06135,37.56561],[127.06103,37.56543],[127.06083,37.56532],[127.06051,37.56514],[127.06011,37.56489],[127.05992,37.56477],[127.05975,37.56466],[127.05949,37.56448],[127.05941,37.56441],[127.05918,37.56424],[127.05882,37.56396],[127.05844,37.56361],[127.05834,37.56352],[127.05804,37.56318],[127.05776,37.56338],[127.0571,37.56387],[127.05709,37.56388],[127.05669,37.56418],[127.05659,37.56394],[127.05876,37.56231],[127.07086,37.56058],[127.07105,37.56047],[127.07196,37.56012],[127.072,37.5601],[127.07226,37.56001],[127.07238,37.55996],[127.07239,37.55996],[127.07239,37.55998],[127.07249,37.56021],[127.07272,37.56082],[127.07409,37.56459],[127.07688,37.56793],[127.07823,37.57189],[127.07723,37.57292],[127.07723,37.57351],[127.07646,37.57934],[127.07624,37.58015],[127.07581,37.58094],[127.07525,37.581]]]},"properties":{"g":"11230","gn":"동대문구","d":"10600","n":"장안동"},"id":"LT_C_ADEMD_INFO.1733"},
{"type":"Feature","geometry":{"type":"Polygon","coordinates":[[[127.04769,37.58959],[127.04774,37.59016],[127.04778,37.59021],[127.04786,37.5903],[127.04787,37.5903],[127.04788,37.59031],[127.04816,37.59077],[127.04787,37.59115],[127.04725,37.59131],[127.04721,37.5916],[127.04753,37.59215],[127.04738,37.59241],[127.04756,37.59291],[127.04782,37.59315],[127.04758,37.59385],[127.04719,37.59409],[127.04738,37.59439],[127.04748,37.59516],[127.04769,37.59541],[127.04769,37.59589],[127.04742,37.59608],[127.04731,37.59615],[127.0473,37.59615],[127.04677,37.59604],[127.04619,37.59619],[127.04551,37.59661],[127.04478,37.59636],[127.04412,37.59639],[127.04371,37.59626],[127.04303,37.59696],[127.04269,37.59673],[127.04231,37.59662],[127.04186,37.59645],[127.04184,37.59646],[127.04156,37.59585],[127.04141,37.59553],[127.04139,37.59549],[127.04135,37.59549],[127.04133,37.59549],[127.04117,37.59549],[127.04112,37.59554],[127.0411,37.59555],[127.04109,37.59556],[127.04108,37.59556],[127.04107,37.59555],[127.04076,37.59529],[127.04064,37.59541],[127.04016,37.59457],[127.0388,37.59141],[127.04054,37.59142],[127.04054,37.59108],[127.04026,37.5906],[127.04035,37.59057],[127.04087,37.59058],[127.0411,37.59036],[127.04043,37.58958],[127.03987,37.58851],[127.04049,37.58755],[127.04038,37.58665],[127.04237,37.58671],[127.04328,37.58395],[127.04411,37.58137],[127.04324,37.58134],[127.04306,37.58134],[127.04285,37.58133],[127.04285,37.58125],[127.04285,37.58123],[127.04286,37.58102],[127.04324,37.58026],[127.04346,37.57981],[127.04347,37.57979],[127.04354,37.57966],[127.04381,37.57974],[127.04382,37.57974],[127.04389,37.57977],[127.04403,37.57981],[127.04406,37.57982],[127.04439,37.57992],[127.04442,37.57993],[127.04454,37.57997],[127.0446,37.57999],[127.0447,37.58002],[127.04473,37.58003],[127.04476,37.58004],[127.04479,37.58005],[127.04481,37.58006],[127.04488,37.58008],[127.04493,37.58009],[127.04507,37.58014],[127.0451,37.58015],[127.04521,37.58018],[127.04524,37.5802],[127.04531,37.58026],[127.04542,37.58034],[127.04546,37.58037],[127.04555,37.58043],[127.04558,37.58046],[127.04562,37.58049],[127.04571,37.58056],[127.04593,37.58073],[127.04595,37.58074],[127.04598,37.58077],[127.04601,37.5808],[127.04603,37.58081],[127.04629,37.58101],[127.04639,37.58109],[127.04666,37.58131],[127.04763,37.58208],[127.04793,37.58232],[127.04998,37.58394],[127.05051,37.58448],[127.05178,37.58603],[127.05196,37.58615],[127.05231,37.58657],[127.05307,37.58749],[127.05319,37.58763],[127.05334,37.5878],[127.05273,37.588],[127.05209,37.5886],[127.05206,37.58865],[127.05187,37.58889],[127.05138,37.58899],[127.05104,37.58925],[127.05022,37.58908],[127.04988,37.58936],[127.04892,37.58915],[127.04859,37.58882],[127.04756,37.5886],[127.04713,37.58877],[127.04725,37.58926],[127.04749,37.58944],[127.04767,37.58957],[127.04769,37.58958],[127.04769,37.58959]]]},"properties":{"g":"11230","gn":"동대문구","d":"10700","n":"청량리동"},"id":"LT_C_ADEMD_INFO.1734"},
{"type":"Feature","geometry":{"type":"Polygon","coordinates":[[[127.04774,37.59016],[127.04769,37.58959],[127.04769,37.58958],[127.04767,37.58957],[127.04749,37.58944],[127.04725,37.58926],[127.04713,37.58877],[127.04756,37.5886],[127.04859,37.58882],[127.04892,37.58915],[127.04988,37.58936],[127.05022,37.58908],[127.05104,37.58925],[127.05138,37.58899],[127.05187,37.58889],[127.05206,37.58865],[127.05209,37.5886],[127.05273,37.588],[127.05334,37.5878],[127.05337,37.58771],[127.0542,37.58857],[127.05594,37.58993],[127.05589,37.59016],[127.05667,37.59132],[127.05711,37.59154],[127.0558,37.59116],[127.05623,37.5919],[127.05602,37.59285],[127.05568,37.59354],[127.05483,37.59385],[127.05445,37.59427],[127.05476,37.59561],[127.0545,37.59603],[127.05384,37.59663],[127.05386,37.59696],[127.05343,37.59794],[127.05334,37.59927],[127.05263,37.59945],[127.05203,37.60013],[127.05208,37.60015],[127.0518,37.60049],[127.05171,37.60075],[127.05133,37.60109],[127.05128,37.60111],[127.0512,37.60116],[127.05102,37.6011],[127.0504,37.60058],[127.05044,37.60011],[127.04992,37.59981],[127.04975,37.59976],[127.0494,37.59915],[127.04913,37.59874],[127.04906,37.59813],[127.04883,37.59787],[127.04868,37.5978],[127.04866,37.59779],[127.04833,37.59745],[127.04795,37.59726],[127.04792,37.59697],[127.04791,37.59694],[127.04782,37.59676],[127.04781,37.59675],[127.04746,37.59651],[127.04743,37.59647],[127.04734,37.59618],[127.04731,37.59615],[127.04742,37.59608],[127.04769,37.59589],[127.04769,37.59541],[127.04748,37.59516],[127.04738,37.59439],[127.04719,37.59409],[127.04758,37.59385],[127.04782,37.59315],[127.04756,37.59291],[127.04738,37.59241],[127.04753,37.59215],[127.04721,37.5916],[127.04725,37.59131],[127.04787,37.59115],[127.04816,37.59077],[127.04788,37.59031],[127.04787,37.5903],[127.04786,37.5903],[127.04778,37.59021],[127.04774,37.59016]]]},"properties":{"g":"11230","gn":"동대문구","d":"10800","n":"회기동"},"id":"LT_C_ADEMD_INFO.1735"},
{"type":"Feature","geometry":{"type":"Polygon","coordinates":[[[127.07053,37.5926],[127.07079,37.59267],[127.07112,37.59275],[127.07158,37.59278],[127.08028,37.595],[127.08031,37.59567],[127.08116,37.59587],[127.08107,37.59612],[127.08316,37.59657],[127.08328,37.59765],[127.08284,37.59833],[127.08274,37.59876],[127.08442,37.59862],[127.08511,37.59947],[127.08561,37.59989],[127.08617,37.60015],[127.0862,37.60076],[127.08661,37.60089],[127.08654,37.60125],[127.08694,37.60196],[127.08649,37.60202],[127.08552,37.60252],[127.08614,37.60295],[127.08675,37.60443],[127.08704,37.60462],[127.08719,37.6059],[127.08742,37.60634],[127.0874,37.60766],[127.08718,37.60832],[127.08511,37.60801],[127.08333,37.60664],[127.08171,37.60679],[127.08049,37.60558],[127.07376,37.60477],[127.07315,37.6074],[127.07291,37.60767],[127.07213,37.60743],[127.07156,37.60748],[127.07155,37.60756],[127.07122,37.6076],[127.07106,37.60762],[127.07108,37.60736],[127.07108,37.60732],[127.07138,37.6054],[127.07153,37.60464],[127.07241,37.60288],[127.07287,37.60133],[127.0728,37.60084],[127.07249,37.60024],[127.07151,37.5991],[127.07117,37.59881],[127.07115,37.5988],[127.07079,37.59862],[127.06984,37.59773],[127.06949,37.59724],[127.06945,37.5955],[127.06942,37.59533],[127.06943,37.59521],[127.06943,37.59512],[127.07027,37.59334],[127.07044,37.59291],[127.07053,37.5926]]]},"properties":{"g":"11260","gn":"중랑구","d":"10300","n":"중화동"},"id":"LT_C_ADEMD_INFO.1736"},
{"type":"Feature","geometry":{"type":"Polygon","coordinates":[[[127.08963,37.61943],[127.08946,37.61965],[127.08902,37.61997],[127.08888,37.62012],[127.08871,37.62024],[127.08851,37.62008],[127.08845,37.62002],[127.08835,37.61992],[127.0883,37.6199],[127.08823,37.61988],[127.08795,37.61993],[127.08735,37.62015],[127.08607,37.62029],[127.08494,37.6201],[127.08379,37.61978],[127.08279,37.6194],[127.08143,37.61919],[127.08131,37.61914],[127.08092,37.61885],[127.08065,37.61857],[127.08044,37.61848],[127.08007,37.61842],[127.08008,37.61862],[127.07911,37.61839],[127.07553,37.61716],[127.075,37.61713],[127.07457,37.617],[127.07448,37.61704],[127.0743,37.61698],[127.07424,37.61694],[127.07421,37.61692],[127.07416,37.61683],[127.07318,37.61666],[127.07139,37.6164],[127.07128,37.61636],[127.07118,37.61631],[127.07117,37.61631],[127.07109,37.61621],[127.0711,37.61604],[127.07112,37.61595],[127.07104,37.61588],[127.07098,37.61583],[127.07019,37.61545],[127.07016,37.6154],[127.07106,37.61475],[127.07145,37.61418],[127.07173,37.61351],[127.07166,37.61241],[127.07136,37.61024],[127.07126,37.60992],[127.07118,37.60881],[127.0711,37.60847],[127.07106,37.60763],[127.07106,37.60762],[127.07122,37.6076],[127.07155,37.60756],[127.07156,37.60748],[127.07213,37.60743],[127.07291,37.60767],[127.07315,37.6074],[127.07376,37.60477],[127.08049,37.60558],[127.08171,37.60679],[127.08333,37.60664],[127.08511,37.60801],[127.08718,37.60832],[127.08734,37.60847],[127.08741,37.6087],[127.08744,37.6087],[127.08718,37.60872],[127.08699,37.60927],[127.08697,37.60936],[127.08692,37.60943],[127.08686,37.60952],[127.0867,37.60972],[127.08648,37.60991],[127.08586,37.60978],[127.08546,37.6098],[127.08532,37.61011],[127.0848,37.61169],[127.08541,37.61261],[127.0857,37.61329],[127.0861,37.61341],[127.0863,37.61419],[127.08633,37.61435],[127.08625,37.6148],[127.08679,37.61486],[127.08687,37.61487],[127.0869,37.61487],[127.08692,37.61488],[127.08695,37.6149],[127.08696,37.6149],[127.08729,37.61492],[127.0874,37.61493],[127.08754,37.61495],[127.08777,37.61499],[127.08805,37.61498],[127.08818,37.615],[127.08834,37.61506],[127.08853,37.61506],[127.08877,37.61504],[127.08959,37.61621],[127.09051,37.61752],[127.0904,37.61755],[127.09007,37.6177],[127.08915,37.61814],[127.08921,37.61823],[127.08928,37.61832],[127.08933,37.61845],[127.08932,37.61848],[127.08929,37.61852],[127.08927,37.61858],[127.08923,37.61872],[127.08922,37.61882],[127.08963,37.61943]]]},"properties":{"g":"11260","gn":"중랑구","d":"10400","n":"묵동"},"id":"LT_C_ADEMD_INFO.1737"},
{"type":"Feature","geometry":{"type":"Polygon","coordinates":[[[127.1167,37.60885],[127.1136,37.60992],[127.11254,37.61037],[127.11232,37.61097],[127.1118,37.61128],[127.10987,37.61221],[127.10903,37.612],[127.10849,37.61176],[127.10805,37.61201],[127.10748,37.61194],[127.10665,37.61211],[127.10584,37.61238],[127.10492,37.61316],[127.10416,37.61331],[127.10306,37.61303],[127.10259,37.61313],[127.1012,37.61324],[127.101,37.61027],[127.1014,37.60968],[127.10233,37.60956],[127.10292,37.60931],[127.1034,37.60964],[127.10367,37.60944],[127.10383,37.60871],[127.1037,37.60771],[127.10373,37.6068],[127.10339,37.60651],[127.10334,37.60601],[127.1026,37.60497],[127.10272,37.60484],[127.10212,37.60429],[127.10224,37.6037],[127.10105,37.60279],[127.10056,37.60259],[127.10045,37.60054],[127.09543,37.59944],[127.0953,37.59908],[127.09516,37.59872],[127.09279,37.59817],[127.09286,37.59754],[127.09308,37.59537],[127.09311,37.59506],[127.09313,37.59487],[127.09319,37.59426],[127.0932,37.59415],[127.09313,37.59341],[127.09316,37.59314],[127.09321,37.59272],[127.0932,37.59271],[127.0932,37.59267],[127.09322,37.59261],[127.09324,37.59237],[127.09324,37.59229],[127.09338,37.59229],[127.09364,37.58974],[127.09442,37.58991],[127.09744,37.5906],[127.098,37.5904],[127.09897,37.59007],[127.09971,37.58981],[127.09988,37.58976],[127.10177,37.58911],[127.10205,37.58904],[127.10209,37.58911],[127.1021,37.58912],[127.10216,37.58923],[127.10227,37.5893],[127.1026,37.58923],[127.10443,37.58874],[127.10538,37.58836],[127.10588,37.58812],[127.1062,37.58811],[127.10727,37.58812],[127.10832,37.58832],[127.10878,37.58812],[127.10922,37.58799],[127.10947,37.58797],[127.10993,37.58787],[127.11015,37.58743],[127.11043,37.58807],[127.11068,37.58916],[127.11334,37.59326],[127.11367,37.59336],[127.11541,37.59353],[127.11666,37.59402],[127.11688,37.5955],[127.11573,37.59731],[127.11447,37.59905],[127.11406,37.59952],[127.1141,37.60013],[127.11496,37.60077],[127.11558,37.60172],[127.11572,37.60211],[127.11687,37.60305],[127.11738,37.60394],[127.11805,37.6046],[127.1181,37.60544],[127.118,37.60589],[127.11806,37.60659],[127.11848,37.60761],[127.11803,37.60817],[127.11726,37.60865],[127.1167,37.60885]]]},"properties":{"g":"11260","gn":"중랑구","d":"10500","n":"망우동"},"id":"LT_C_ADEMD_INFO.1738"},
{"type":"Feature","geometry":{"type":"Polygon","coordinates":[[[127.09543,37.59944],[127.10045,37.60054],[127.10056,37.60259],[127.10105,37.60279],[127.10224,37.6037],[127.10212,37.60429],[127.10272,37.60484],[127.1026,37.60497],[127.10334,37.60601],[127.10339,37.60651],[127.10373,37.6068],[127.1037,37.60771],[127.10383,37.60871],[127.10367,37.60944],[127.1034,37.60964],[127.10292,37.60931],[127.10233,37.60956],[127.1014,37.60968],[127.101,37.61027],[127.1012,37.61324],[127.10259,37.61313],[127.10306,37.61303],[127.10416,37.61331],[127.10492,37.61316],[127.10584,37.61238],[127.10665,37.61211],[127.10748,37.61194],[127.10805,37.61201],[127.10849,37.61176],[127.10903,37.612],[127.10987,37.61221],[127.1118,37.61128],[127.11232,37.61097],[127.11254,37.61037],[127.1136,37.60992],[127.1167,37.60885],[127.11688,37.60951],[127.11676,37.61013],[127.11688,37.61055],[127.11721,37.61102],[127.11748,37.61177],[127.11724,37.61263],[127.11706,37.61414],[127.11668,37.61467],[127.1168,37.61495],[127.11667,37.61602],[127.11726,37.61673],[127.11701,37.61737],[127.11715,37.61789],[127.11587,37.61858],[127.1162,37.61893],[127.11571,37.61963],[127.11502,37.61954],[127.11351,37.62004],[127.11214,37.62031],[127.11052,37.62105],[127.11002,37.6207],[127.10913,37.62051],[127.10709,37.62047],[127.10644,37.62056],[127.10556,37.62016],[127.10484,37.62006],[127.10405,37.62004],[127.1038,37.62024],[127.10319,37.62015],[127.10235,37.62008],[127.10169,37.62002],[127.1017,37.62001],[127.1017,37.62],[127.10179,37.61968],[127.10167,37.61947],[127.10117,37.61947],[127.10087,37.6194],[127.1008,37.61949],[127.09966,37.61991],[127.09882,37.62039],[127.09849,37.6202],[127.09758,37.61988],[127.09754,37.61987],[127.09737,37.61981],[127.09735,37.61981],[127.09732,37.61979],[127.09728,37.61978],[127.09718,37.61974],[127.09711,37.61972],[127.09686,37.61963],[127.09684,37.61962],[127.09667,37.61957],[127.09666,37.61956],[127.09665,37.61956],[127.09664,37.61954],[127.09662,37.61943],[127.09646,37.61928],[127.09644,37.61926],[127.0964,37.61922],[127.09621,37.61903],[127.0962,37.61902],[127.09557,37.61917],[127.09493,37.61903],[127.09475,37.61901],[127.0945,37.619],[127.09445,37.619],[127.09365,37.61807],[127.09321,37.61802],[127.09233,37.61835],[127.09157,37.61887],[127.09057,37.61929],[127.08975,37.61954],[127.08963,37.61943],[127.08922,37.61882],[127.08923,37.61872],[127.08927,37.61858],[127.08929,37.61852],[127.08932,37.61848],[127.08933,37.61845],[127.08928,37.61832],[127.08921,37.61823],[127.08915,37.61814],[127.09007,37.6177],[127.0904,37.61755],[127.09051,37.61752],[127.08959,37.61621],[127.08877,37.61504],[127.08853,37.61506],[127.08834,37.61506],[127.08818,37.615],[127.08805,37.61498],[127.08777,37.61499],[127.08754,37.61495],[127.0874,37.61493],[127.08729,37.61492],[127.08696,37.6149],[127.08695,37.6149],[127.08692,37.61488],[127.0869,37.61487],[127.08687,37.61487],[127.08679,37.61486],[127.08625,37.6148],[127.08633,37.61435],[127.0863,37.61419],[127.0861,37.61341],[127.0857,37.61329],[127.08541,37.61261],[127.0848,37.61169],[127.08532,37.61011],[127.08546,37.6098],[127.08586,37.60978],[127.08648,37.60991],[127.0867,37.60972],[127.08686,37.60952],[127.08692,37.60943],[127.08697,37.60936],[127.08699,37.60927],[127.08718,37.60872],[127.08744,37.6087],[127.0875,37.6087],[127.0879,37.60874],[127.08912,37.6091],[127.08947,37.60865],[127.08988,37.6083],[127.09029,37.60802],[127.09052,37.60786],[127.09053,37.60763],[127.09082,37.60732],[127.09123,37.60723],[127.09145,37.6069],[127.09191,37.60661],[127.09265,37.6059],[127.0937,37.605],[127.09381,37.60493],[127.0939,37.60498],[127.09406,37.60459],[127.09409,37.60422],[127.09404,37.60395],[127.09395,37.60361],[127.09395,37.60356],[127.0938,37.60284],[127.0941,37.60243],[127.09412,37.60236],[127.09417,37.60236],[127.09461,37.60239],[127.09468,37.60239],[127.09479,37.6024],[127.09483,37.6024],[127.09485,37.60239],[127.09487,37.60238],[127.09487,37.60222],[127.09489,37.60203],[127.09489,37.60195],[127.09496,37.60192],[127.09511,37.60169],[127.09511,37.60164],[127.09511,37.60158],[127.09513,37.60128],[127.09515,37.60124],[127.09522,37.60114],[127.0953,37.60042],[127.09568,37.60058],[127.09577,37.60061],[127.09588,37.60067],[127.09586,37.6006],[127.09579,37.60041],[127.09571,37.6002],[127.0955,37.59964],[127.09543,37.59944]]]},"properties":{"g":"11260","gn":"중랑구","d":"10600","n":"신내동"},"id":"LT_C_ADEMD_INFO.1739"},
{"type":"Feature","geometry":{"type":"Polygon","coordinates":[[[126.97721,37.59864],[126.97672,37.59791],[126.9769,37.59772],[126.97795,37.59768],[126.97857,37.59725],[126.97857,37.59679],[126.97911,37.59639],[126.97979,37.59622],[126.98026,37.59595],[126.98091,37.59584],[126.98156,37.59532],[126.98248,37.5952],[126.98292,37.59478],[126.98347,37.59468],[126.98384,37.59444],[126.98432,37.59438],[126.98515,37.5945],[126.98578,37.59425],[126.98612,37.59378],[126.98627,37.59328],[126.9867,37.59275],[126.98717,37.59272],[126.98775,37.59226],[126.98852,37.59194],[126.98908,37.59141],[126.98936,37.59128],[126.98987,37.59147],[126.99097,37.59153],[126.99164,37.59147],[126.99186,37.59186],[126.99247,37.59198],[126.99356,37.59173],[126.99385,37.59144],[126.99446,37.59153],[126.99536,37.59228],[126.99641,37.5921],[126.99744,37.59222],[126.99806,37.59239],[126.99873,37.59247],[126.99945,37.59223],[127.00095,37.5923],[127.00144,37.59183],[127.00173,37.59135],[127.00178,37.59102],[127.00146,37.59055],[127.00147,37.59015],[127.00182,37.58991],[127.00222,37.58917],[127.00282,37.58877],[127.00328,37.58866],[127.00347,37.58842],[127.00333,37.5887],[127.00291,37.58879],[127.00228,37.58922],[127.00177,37.59011],[127.00169,37.59071],[127.00183,37.59113],[127.00181,37.59134],[127.00287,37.59108],[127.00388,37.59093],[127.00456,37.59004],[127.0052,37.5895],[127.00574,37.58991],[127.00558,37.59007],[127.00668,37.59086],[127.00712,37.59158],[127.00735,37.59218],[127.00766,37.59249],[127.00823,37.59275],[127.00833,37.59312],[127.00812,37.59372],[127.00832,37.59417],[127.00777,37.59604],[127.00719,37.59654],[127.00619,37.59626],[127.00581,37.59655],[127.00555,37.59709],[127.0047,37.59719],[127.00415,37.59768],[127.00349,37.59804],[127.00339,37.59858],[127.00292,37.59891],[127.00275,37.59926],[127.00219,37.59951],[127.00207,37.60005],[127.00142,37.6006],[127.00108,37.60139],[127.0003,37.60145],[126.99995,37.60165],[126.99928,37.60143],[126.99875,37.60138],[126.99773,37.60209],[126.99689,37.60217],[126.99599,37.60236],[126.99555,37.60271],[126.99471,37.60248],[126.99419,37.60276],[126.99401,37.60314],[126.99345,37.60322],[126.99308,37.60361],[126.99141,37.60375],[126.99085,37.60405],[126.9892,37.60387],[126.98868,37.60402],[126.98759,37.60399],[126.98718,37.60388],[126.98667,37.60402],[126.98576,37.60345],[126.98474,37.60337],[126.98434,37.60312],[126.98398,37.60321],[126.98285,37.60214],[126.98257,37.60226],[126.98013,37.60146],[126.97921,37.60104],[126.9785,37.601],[126.97794,37.60031],[126.97768,37.60023],[126.97721,37.59864]]]},"properties":{"g":"11290","gn":"성북구","d":"10100","n":"성북동"},"id":"LT_C_ADEMD_INFO.1740"},
{"type":"Feature","geometry":{"type":"Polygon","coordinates":[[[127.01616,37.59425],[127.0159,37.59547],[127.01486,37.59518],[127.01503,37.59447],[127.01483,37.59427],[127.01413,37.59449],[127.01378,37.59488],[127.01154,37.59389],[127.01158,37.59384],[127.01163,37.59377],[127.01185,37.59352],[127.01181,37.5935],[127.01312,37.59191],[127.01315,37.59178],[127.0143,37.59226],[127.01575,37.59245],[127.01648,37.59267],[127.01616,37.59425]]]},"properties":{"g":"11290","gn":"성북구","d":"10900","n":"동소문동6가"},"id":"LT_C_ADEMD_INFO.1741"},
{"type":"Feature","geometry":{"type":"Polygon","coordinates":[[[127.0159,37.59547],[127.01537,37.59647],[127.01454,37.59777],[127.01443,37.59835],[127.01359,37.59827],[127.01266,37.59669],[127.01378,37.59488],[127.01413,37.59449],[127.01483,37.59427],[127.01503,37.59447],[127.01486,37.59518],[127.0159,37.59547]]]},"properties":{"g":"11290","gn":"성북구","d":"11000","n":"동소문동7가"},"id":"LT_C_ADEMD_INFO.1742"},
{"type":"Feature","geometry":{"type":"Polygon","coordinates":[[[127.01097,37.58083],[127.00987,37.58075],[127.00945,37.58136],[127.00908,37.58303],[127.00874,37.58336],[127.00933,37.58354],[127.00944,37.58448],[127.00987,37.58592],[127.00985,37.58632],[127.00867,37.5881],[127.00801,37.58774],[127.0075,37.58778],[127.00622,37.58851],[127.00408,37.58773],[127.00425,37.58718],[127.00512,37.58699],[127.00587,37.58697],[127.00663,37.58613],[127.00655,37.58554],[127.0069,37.58528],[127.00689,37.5847],[127.00726,37.58312],[127.00675,37.58234],[127.00702,37.58201],[127.0078,37.58151],[127.00833,37.58106],[127.00864,37.58047],[127.01059,37.58025],[127.01097,37.58083]]]},"properties":{"g":"11290","gn":"성북구","d":"11100","n":"삼선동1가"},"id":"LT_C_ADEMD_INFO.1743"},
{"type":"Feature","geometry":{"type":"Polygon","coordinates":[[[127.01318,37.58924],[127.01042,37.58836],[127.01084,37.58651],[127.01098,37.58614],[127.01148,37.58583],[127.01153,37.58462],[127.0118,37.58443],[127.01447,37.58442],[127.01467,37.58448],[127.01559,37.58517],[127.01553,37.58552],[127.01579,37.58593],[127.0164,37.58648],[127.01635,37.58677],[127.01532,37.58704],[127.01494,37.58703],[127.01442,37.58674],[127.01318,37.58924]]]},"properties":{"g":"11290","gn":"성북구","d":"11300","n":"삼선동3가"},"id":"LT_C_ADEMD_INFO.1744"},
{"type":"Feature","geometry":{"type":"Polygon","coordinates":[[[127.01042,37.58836],[127.01001,37.589],[127.00867,37.5881],[127.00985,37.58632],[127.00987,37.58592],[127.00944,37.58448],[127.00933,37.58354],[127.00874,37.58336],[127.00908,37.58303],[127.00945,37.58136],[127.00987,37.58075],[127.01097,37.58083],[127.01179,37.58157],[127.01285,37.58136],[127.01408,37.5818],[127.01422,37.58208],[127.01473,37.5823],[127.01483,37.58233],[127.01507,37.58256],[127.01465,37.58298],[127.01483,37.58363],[127.01467,37.58448],[127.01447,37.58442],[127.0118,37.58443],[127.01153,37.58462],[127.01148,37.58583],[127.01098,37.58614],[127.01084,37.58651],[127.01042,37.58836]]]},"properties":{"g":"11290","gn":"성북구","d":"11200","n":"삼선동2가"},"id":"LT_C_ADEMD_INFO.1745"},
{"type":"Feature","geometry":{"type":"Polygon","coordinates":[[[127.02379,37.59072],[127.02456,37.59032],[127.02438,37.58995],[127.02502,37.58926],[127.02513,37.58897],[127.02572,37.58857],[127.0259,37.58819],[127.02547,37.58746],[127.02524,37.58645],[127.02483,37.58627],[127.02444,37.58599],[127.02434,37.58549],[127.02381,37.58514],[127.02377,37.58475],[127.02399,37.58433],[127.02413,37.58347],[127.02464,37.58267],[127.02535,37.58259],[127.02604,37.58189],[127.02638,37.58143],[127.02605,37.5809],[127.02642,37.58055],[127.02954,37.58268],[127.03095,37.58425],[127.03164,37.58536],[127.0323,37.58567],[127.03207,37.58586],[127.03284,37.58632],[127.03332,37.58672],[127.03388,37.58752],[127.03554,37.58893],[127.0347,37.58934],[127.03472,37.59002],[127.03448,37.59069],[127.03412,37.59074],[127.03334,37.59043],[127.03276,37.59062],[127.03183,37.59059],[127.03168,37.59141],[127.03036,37.59204],[127.03018,37.59267],[127.02997,37.59282],[127.02979,37.5937],[127.03001,37.59429],[127.0295,37.59458],[127.02911,37.59439],[127.02775,37.59449],[127.02726,37.59551],[127.02674,37.59597],[127.02621,37.59622],[127.02564,37.59632],[127.02527,37.59599],[127.02522,37.59543],[127.02554,37.59479],[127.02438,37.59349],[127.0244,37.59333],[127.02383,37.59249],[127.0236,37.59233],[127.0239,37.59184],[127.02369,37.59144],[127.02377,37.59077],[127.02379,37.59072]]]},"properties":{"g":"11290","gn":"성북구","d":"12500","n":"안암동5가"},"id":"LT_C_ADEMD_INFO.1746"},
{"type":"Feature","geometry":{"type":"Polygon","coordinates":[[[127.0213,37.5847],[127.01995,37.58429],[127.01999,37.5842],[127.02167,37.5811],[127.02192,37.5811],[127.02278,37.58139],[127.02276,37.58143],[127.02187,37.58313],[127.0213,37.5847]]]},"properties":{"g":"11290","gn":"성북구","d":"12600","n":"보문동4가"},"id":"LT_C_ADEMD_INFO.1747"},
{"type":"Feature","geometry":{"type":"Polygon","coordinates":[[[127.01836,37.58374],[127.01777,37.58329],[127.01737,37.58313],[127.01736,37.58249],[127.01751,37.58207],[127.0167,37.58168],[127.01687,37.58088],[127.01728,37.58055],[127.01757,37.57974],[127.01797,37.57952],[127.01828,37.57903],[127.01815,37.57862],[127.01769,37.57811],[127.01811,37.57758],[127.01877,37.57752],[127.01937,37.57808],[127.02126,37.57882],[127.02179,37.57887],[127.02137,37.57936],[127.02121,37.5799],[127.02071,37.57971],[127.0202,37.58051],[127.01993,37.58096],[127.019,37.5829],[127.01836,37.58374]]]},"properties":{"g":"11290","gn":"성북구","d":"12800","n":"보문동6가"},"id":"LT_C_ADEMD_INFO.1748"},
{"type":"Feature","geometry":{"type":"Polygon","coordinates":[[[127.02278,37.58139],[127.02192,37.5811],[127.0202,37.58051],[127.02071,37.57971],[127.02121,37.5799],[127.02137,37.57936],[127.02179,37.57887],[127.02276,37.57833],[127.02253,37.57808],[127.02288,37.57783],[127.02314,37.57802],[127.0233,37.57843],[127.02441,37.57919],[127.02379,37.57956],[127.02278,37.58139]]]},"properties":{"g":"11290","gn":"성북구","d":"12900","n":"보문동7가"},"id":"LT_C_ADEMD_INFO.1749"},
{"type":"Feature","geometry":{"type":"Polygon","coordinates":[[[127.0206,37.58671],[127.0202,37.58752],[127.01989,37.58785],[127.01879,37.5887],[127.01788,37.58795],[127.01826,37.58743],[127.01968,37.58479],[127.01995,37.58429],[127.0213,37.5847],[127.02127,37.58479],[127.0206,37.58671]]]},"properties":{"g":"11290","gn":"성북구","d":"13000","n":"보문동1가"},"id":"LT_C_ADEMD_INFO.1750"},
{"type":"Feature","geometry":{"type":"Polygon","coordinates":[[[127.01836,37.58374],[127.01982,37.58424],[127.01968,37.58479],[127.01826,37.58743],[127.01788,37.58795],[127.01662,37.58698],[127.01836,37.58374]]]},"properties":{"g":"11290","gn":"성북구","d":"13100","n":"보문동2가"},"id":"LT_C_ADEMD_INFO.1757"},
{"type":"Feature","geometry":{"type":"Polygon","coordinates":[[[127.03044,37.60411],[127.02994,37.60374],[127.02987,37.60314],[127.02922,37.60273],[127.02914,37.60212],[127.02827,37.60169],[127.02769,37.60119],[127.02751,37.60083],[127.027,37.60072],[127.02676,37.60026],[127.02687,37.59977],[127.02667,37.59944],[127.02624,37.59917],[127.02614,37.59791],[127.02573,37.59681],[127.02543,37.59659],[127.02564,37.59632],[127.02621,37.59622],[127.02674,37.59597],[127.02726,37.59551],[127.02775,37.59449],[127.02911,37.59439],[127.0295,37.59458],[127.03001,37.59429],[127.02979,37.5937],[127.02997,37.59282],[127.03018,37.59267],[127.03036,37.59204],[127.03168,37.59141],[127.03183,37.59059],[127.03276,37.59062],[127.03334,37.59043],[127.03412,37.59074],[127.03448,37.59069],[127.03472,37.59002],[127.0347,37.58934],[127.03554,37.58893],[127.03633,37.59014],[127.03623,37.59119],[127.03868,37.59124],[127.0388,37.59141],[127.04016,37.59457],[127.04064,37.59541],[127.04076,37.59529],[127.04107,37.59555],[127.04108,37.59556],[127.04069,37.59601],[127.04101,37.5967],[127.04055,37.59734],[127.04088,37.59781],[127.04088,37.60042],[127.04041,37.60119],[127.03951,37.6018],[127.03885,37.6024],[127.03476,37.6028],[127.03355,37.60297],[127.03257,37.6032],[127.03124,37.60369],[127.03044,37.60411]]]},"properties":{"g":"11290","gn":"성북구","d":"13500","n":"종암동"},"id":"LT_C_ADEMD_INFO.1758"},
{"type":"Feature","geometry":{"type":"Polygon","coordinates":[[[127.03811,37.61242],[127.03768,37.61256],[127.03754,37.61267],[127.03736,37.61284],[127.03732,37.61281],[127.03731,37.6128],[127.0373,37.61279],[127.03728,37.61278],[127.03727,37.61277],[127.03708,37.61264],[127.03677,37.61242],[127.03641,37.61238],[127.03618,37.61236],[127.0361,37.61234],[127.03609,37.61234],[127.03611,37.61243],[127.03599,37.61223],[127.03596,37.61218],[127.03583,37.61202],[127.03529,37.61174],[127.03352,37.61078],[127.03297,37.61049],[127.03277,37.61033],[127.03196,37.60989],[127.03176,37.6098],[127.03165,37.60975],[127.03139,37.6096],[127.03025,37.60898],[127.0294,37.60792],[127.02773,37.60634],[127.02609,37.60494],[127.02536,37.60442],[127.02581,37.60363],[127.02606,37.60396],[127.02709,37.60451],[127.0291,37.60452],[127.03044,37.60411],[127.03124,37.60369],[127.03257,37.6032],[127.03355,37.60297],[127.03476,37.6028],[127.03885,37.6024],[127.03951,37.6018],[127.04041,37.60119],[127.04088,37.60042],[127.04088,37.59781],[127.04055,37.59734],[127.04101,37.5967],[127.04069,37.59601],[127.04108,37.59556],[127.04109,37.59556],[127.0411,37.59555],[127.04112,37.59554],[127.04117,37.59549],[127.04133,37.59549],[127.04135,37.59549],[127.04139,37.59549],[127.04139,37.59551],[127.04141,37.59553],[127.04156,37.59585],[127.04184,37.59646],[127.04186,37.59645],[127.04231,37.59662],[127.04269,37.59673],[127.04303,37.59696],[127.04371,37.59626],[127.04412,37.59639],[127.04478,37.59636],[127.04551,37.59661],[127.04619,37.59619],[127.04677,37.59604],[127.0473,37.59615],[127.04731,37.59615],[127.04734,37.59618],[127.04743,37.59647],[127.04746,37.59651],[127.04781,37.59675],[127.04782,37.59676],[127.04791,37.59694],[127.04792,37.59697],[127.04795,37.59726],[127.04833,37.59745],[127.04866,37.59779],[127.04883,37.59787],[127.04885,37.59788],[127.04906,37.59813],[127.04913,37.59874],[127.04975,37.59976],[127.04992,37.59981],[127.05044,37.60011],[127.05038,37.60045],[127.05037,37.60045],[127.04921,37.60073],[127.04821,37.60142],[127.04799,37.60256],[127.048,37.60333],[127.04864,37.60412],[127.04802,37.60488],[127.04801,37.60529],[127.04723,37.60554],[127.04609,37.60535],[127.04425,37.60533],[127.04348,37.60477],[127.04291,37.60522],[127.04295,37.60551],[127.04227,37.60705],[127.04238,37.6076],[127.04291,37.60944],[127.0434,37.61001],[127.04353,37.61094],[127.04353,37.61104],[127.04354,37.61124],[127.04313,37.61123],[127.04306,37.61122],[127.04238,37.61139],[127.04196,37.61148],[127.04096,37.61093],[127.04058,37.6118],[127.04024,37.61205],[127.03943,37.61177],[127.03877,37.61191],[127.03824,37.61229],[127.03811,37.61242]]]},"properties":{"g":"11290","gn":"성북구","d":"13600","n":"하월곡동"},"id":"LT_C_ADEMD_INFO.1759"},
{"type":"Feature","geometry":{"type":"Polygon","coordinates":[[[127.04353,37.61094],[127.0434,37.61001],[127.04291,37.60944],[127.04238,37.6076],[127.04227,37.60705],[127.04295,37.60551],[127.04291,37.60522],[127.04348,37.60477],[127.04425,37.60533],[127.04609,37.60535],[127.04723,37.60554],[127.04801,37.60529],[127.04802,37.60488],[127.04864,37.60412],[127.048,37.60333],[127.04799,37.60256],[127.04821,37.60142],[127.04921,37.60073],[127.05037,37.60045],[127.0504,37.60058],[127.05102,37.6011],[127.0512,37.60116],[127.05128,37.60111],[127.0514,37.60115],[127.05169,37.60138],[127.05235,37.60221],[127.05277,37.60251],[127.05238,37.60326],[127.05251,37.60371],[127.05233,37.60403],[127.05243,37.60441],[127.05217,37.605],[127.05147,37.60558],[127.05089,37.60624],[127.05061,37.60678],[127.05077,37.6073],[127.05124,37.6078],[127.05138,37.60791],[127.05158,37.60807],[127.05173,37.60826],[127.05175,37.60829],[127.05196,37.60849],[127.05226,37.60872],[127.0523,37.60878],[127.05242,37.60896],[127.05248,37.60905],[127.05241,37.60911],[127.05216,37.60935],[127.05194,37.60957],[127.05171,37.6098],[127.05167,37.60984],[127.05158,37.60994],[127.05152,37.61],[127.05148,37.61004],[127.05136,37.60992],[127.05116,37.6097],[127.05106,37.60955],[127.05095,37.60945],[127.05083,37.60933],[127.05058,37.6092],[127.0504,37.60916],[127.05026,37.60915],[127.05017,37.60908],[127.05013,37.60892],[127.0501,37.60881],[127.05008,37.60872],[127.05,37.60852],[127.04997,37.6085],[127.04998,37.60852],[127.05,37.60855],[127.04995,37.60853],[127.04992,37.60851],[127.0496,37.60846],[127.04954,37.60845],[127.04952,37.60844],[127.04948,37.60844],[127.04946,37.60844],[127.04937,37.60844],[127.04929,37.60844],[127.04925,37.60844],[127.04922,37.60845],[127.0492,37.60845],[127.04905,37.60837],[127.04889,37.60825],[127.04872,37.60813],[127.04869,37.6081],[127.04845,37.60793],[127.04835,37.60789],[127.04832,37.60789],[127.04816,37.60787],[127.04801,37.60785],[127.04784,37.60783],[127.04775,37.60785],[127.04762,37.60788],[127.04761,37.60788],[127.04746,37.60787],[127.04734,37.60789],[127.0473,37.6079],[127.04727,37.60799],[127.04719,37.60806],[127.04714,37.6081],[127.04709,37.60815],[127.04699,37.60824],[127.04696,37.60825],[127.04676,37.60833],[127.04673,37.60834],[127.04659,37.60842],[127.04654,37.60845],[127.04645,37.60852],[127.04637,37.60858],[127.04628,37.60876],[127.04625,37.60882],[127.04621,37.60892],[127.04609,37.60924],[127.04608,37.60926],[127.04606,37.60939],[127.04609,37.60961],[127.04612,37.60966],[127.04622,37.60987],[127.04623,37.61004],[127.0462,37.61017],[127.04635,37.61061],[127.04635,37.61076],[127.04635,37.6109],[127.04637,37.61099],[127.04641,37.61126],[127.04638,37.61162],[127.04634,37.61164],[127.0462,37.61163],[127.0456,37.61145],[127.04526,37.61138],[127.04512,37.61136],[127.04496,37.61128],[127.04458,37.61106],[127.04432,37.61091],[127.04385,37.6108],[127.04371,37.61086],[127.04353,37.61094]]]},"properties":{"g":"11290","gn":"성북구","d":"13700","n":"상월곡동"},"id":"LT_C_ADEMD_INFO.1760"},
{"type":"Feature","geometry":{"type":"Polygon","coordinates":[[[127.06067,37.61566],[127.05949,37.6163],[127.05935,37.61637],[127.05899,37.61657],[127.05887,37.61664],[127.05886,37.61665],[127.05847,37.6169],[127.05844,37.61692],[127.05833,37.61698],[127.05808,37.61712],[127.05752,37.61742],[127.05716,37.61773],[127.05705,37.61785],[127.05621,37.61867],[127.05613,37.61874],[127.05556,37.61917],[127.05515,37.61938],[127.05508,37.61942],[127.05441,37.6198],[127.05419,37.61999],[127.0541,37.62007],[127.05407,37.6201],[127.05368,37.62052],[127.05243,37.62184],[127.05207,37.62216],[127.05211,37.62224],[127.0512,37.62305],[127.05059,37.62347],[127.04974,37.62427],[127.04971,37.62425],[127.04924,37.62399],[127.04866,37.62365],[127.04853,37.62358],[127.04791,37.62322],[127.04744,37.62295],[127.04704,37.62271],[127.04656,37.62235],[127.04649,37.62229],[127.04646,37.62226],[127.0463,37.6221],[127.0461,37.62189],[127.04592,37.62166],[127.04571,37.62136],[127.0457,37.62135],[127.04559,37.62115],[127.04555,37.62107],[127.04537,37.62073],[127.04522,37.62047],[127.04505,37.62014],[127.04503,37.6201],[127.0449,37.61986],[127.04482,37.61972],[127.0446,37.61936],[127.04445,37.61919],[127.0441,37.61881],[127.04402,37.61873],[127.04367,37.61845],[127.04359,37.61839],[127.04353,37.61835],[127.04335,37.61822],[127.04321,37.61812],[127.04258,37.61767],[127.04242,37.61756],[127.0424,37.61754],[127.04234,37.6175],[127.04212,37.61735],[127.04144,37.61688],[127.04139,37.61684],[127.04138,37.61684],[127.04135,37.61681],[127.04117,37.61669],[127.04085,37.61645],[127.04063,37.61625],[127.04041,37.61611],[127.04003,37.61618],[127.04,37.61572],[127.03999,37.61569],[127.0397,37.61522],[127.03959,37.61511],[127.03859,37.61421],[127.0383,37.61409],[127.03815,37.61394],[127.03809,37.61392],[127.03785,37.61363],[127.03778,37.61347],[127.0375,37.61295],[127.03743,37.6129],[127.03736,37.61284],[127.03754,37.61267],[127.03768,37.61256],[127.03811,37.61242],[127.03824,37.61229],[127.03877,37.61191],[127.03943,37.61177],[127.04024,37.61205],[127.04058,37.6118],[127.04096,37.61093],[127.04196,37.61148],[127.04238,37.61139],[127.04306,37.61122],[127.04313,37.61123],[127.04354,37.61124],[127.04353,37.61104],[127.04371,37.61086],[127.04385,37.6108],[127.04432,37.61091],[127.04458,37.61106],[127.04496,37.61128],[127.04512,37.61136],[127.04526,37.61138],[127.0456,37.61145],[127.0462,37.61163],[127.04634,37.61164],[127.04638,37.61162],[127.04641,37.61126],[127.04637,37.61099],[127.04635,37.6109],[127.04635,37.61076],[127.04635,37.61061],[127.0462,37.61017],[127.04623,37.61004],[127.04622,37.60987],[127.04612,37.60966],[127.04609,37.60961],[127.04606,37.60939],[127.04608,37.60926],[127.04609,37.60924],[127.04621,37.60892],[127.04625,37.60882],[127.04628,37.60876],[127.04637,37.60858],[127.04645,37.60852],[127.04654,37.60845],[127.04659,37.60842],[127.04673,37.60834],[127.04676,37.60833],[127.04696,37.60825],[127.04699,37.60824],[127.04709,37.60815],[127.04714,37.6081],[127.04719,37.60806],[127.04727,37.60799],[127.0473,37.6079],[127.04734,37.60789],[127.04746,37.60787],[127.04761,37.60788],[127.04762,37.60788],[127.04775,37.60785],[127.04784,37.60783],[127.04801,37.60785],[127.04816,37.60787],[127.04832,37.60789],[127.04835,37.60789],[127.04845,37.60793],[127.04869,37.6081],[127.04872,37.60813],[127.04889,37.60825],[127.04905,37.60837],[127.0492,37.60845],[127.04922,37.60845],[127.04925,37.60844],[127.04929,37.60844],[127.04937,37.60844],[127.04946,37.60844],[127.04948,37.60844],[127.04952,37.60844],[127.04954,37.60845],[127.0496,37.60846],[127.04992,37.60851],[127.04995,37.60853],[127.05,37.60855],[127.04998,37.60852],[127.04997,37.6085],[127.05,37.60852],[127.05008,37.60872],[127.0501,37.60881],[127.05013,37.60892],[127.05017,37.60908],[127.05026,37.60915],[127.0504,37.60916],[127.05058,37.6092],[127.05083,37.60933],[127.05095,37.60945],[127.05106,37.60955],[127.05116,37.6097],[127.05136,37.60992],[127.05148,37.61004],[127.05152,37.61],[127.05158,37.60994],[127.05167,37.60984],[127.05171,37.6098],[127.05194,37.60957],[127.05216,37.60935],[127.05241,37.60911],[127.05248,37.60905],[127.05242,37.60896],[127.0523,37.60878],[127.05226,37.60872],[127.05196,37.60849],[127.05175,37.60829],[127.05173,37.60826],[127.05158,37.60807],[127.05138,37.60791],[127.05131,37.60784],[127.05175,37.60808],[127.05227,37.60835],[127.05247,37.60846],[127.05264,37.60855],[127.05314,37.60881],[127.05337,37.60893],[127.05411,37.60931],[127.05435,37.60943],[127.05469,37.60961],[127.0552,37.60988],[127.0554,37.60997],[127.05588,37.61023],[127.05591,37.61024],[127.05606,37.61032],[127.05617,37.61038],[127.0562,37.6104],[127.05631,37.61045],[127.05665,37.61063],[127.05671,37.61066],[127.05707,37.61085],[127.05709,37.61086],[127.0571,37.61087],[127.0573,37.61097],[127.05733,37.61099],[127.05735,37.611],[127.05737,37.61101],[127.05741,37.61103],[127.05763,37.61114],[127.05769,37.61117],[127.05801,37.61134],[127.05827,37.61147],[127.05854,37.61162],[127.05874,37.61172],[127.05877,37.61174],[127.0593,37.61202],[127.05972,37.61225],[127.05981,37.6123],[127.05994,37.61237],[127.05998,37.61239],[127.06,37.61241],[127.06004,37.61243],[127.06018,37.61251],[127.06074,37.61283],[127.06098,37.61298],[127.06104,37.61301],[127.06109,37.61304],[127.06113,37.61307],[127.06137,37.61321],[127.06165,37.61337],[127.06191,37.61346],[127.06162,37.6134],[127.06184,37.61352],[127.06232,37.61379],[127.06238,37.61382],[127.06327,37.61426],[127.06308,37.6143],[127.06238,37.61437],[127.06203,37.61443],[127.06176,37.61449],[127.06147,37.61463],[127.06111,37.61492],[127.06109,37.61494],[127.06098,37.6151],[127.06094,37.61515],[127.06093,37.61517],[127.06089,37.61523],[127.06088,37.61525],[127.06085,37.6153],[127.0608,37.6154],[127.06067,37.61566]]]},"properties":{"g":"11290","gn":"성북구","d":"13800","n":"장위동"},"id":"LT_C_ADEMD_INFO.1761"},
{"type":"Feature","geometry":{"type":"Polygon","coordinates":[[[127.07106,37.60763],[127.0711,37.60847],[127.07118,37.60881],[127.07126,37.60992],[127.07136,37.61024],[127.07166,37.61241],[127.07173,37.61351],[127.07145,37.61418],[127.07106,37.61475],[127.07016,37.6154],[127.06966,37.61573],[127.06816,37.61545],[127.06486,37.61477],[127.06328,37.61427],[127.06327,37.61426],[127.06238,37.61382],[127.06232,37.61379],[127.06184,37.61352],[127.06162,37.6134],[127.06191,37.61346],[127.06165,37.61337],[127.06137,37.61321],[127.06113,37.61307],[127.06109,37.61304],[127.06104,37.61301],[127.06098,37.61298],[127.06074,37.61283],[127.06018,37.61251],[127.06004,37.61243],[127.06,37.61241],[127.05998,37.61239],[127.05994,37.61237],[127.05981,37.6123],[127.05972,37.61225],[127.0593,37.61202],[127.05877,37.61174],[127.05874,37.61172],[127.05854,37.61162],[127.05827,37.61147],[127.05801,37.61134],[127.05769,37.61117],[127.05763,37.61114],[127.05741,37.61103],[127.05737,37.61101],[127.05735,37.611],[127.05733,37.61099],[127.0573,37.61097],[127.0571,37.61087],[127.05709,37.61086],[127.05707,37.61085],[127.05671,37.61066],[127.05665,37.61063],[127.05631,37.61045],[127.0562,37.6104],[127.05617,37.61038],[127.05606,37.61032],[127.05591,37.61024],[127.05588,37.61023],[127.0554,37.60997],[127.0552,37.60988],[127.05469,37.60961],[127.05435,37.60943],[127.05411,37.60931],[127.05337,37.60893],[127.05314,37.60881],[127.05264,37.60855],[127.05247,37.60846],[127.05227,37.60835],[127.05175,37.60808],[127.05131,37.60784],[127.05124,37.6078],[127.05077,37.6073],[127.05061,37.60678],[127.05089,37.60624],[127.05147,37.60558],[127.05217,37.605],[127.05243,37.60441],[127.05233,37.60403],[127.05251,37.60371],[127.05238,37.60326],[127.05277,37.60251],[127.05235,37.60221],[127.05169,37.60138],[127.0514,37.60115],[127.05128,37.60111],[127.05171,37.60075],[127.0518,37.60049],[127.05208,37.60015],[127.0521,37.60015],[127.05258,37.60026],[127.05281,37.60031],[127.05362,37.60048],[127.05424,37.60065],[127.05444,37.6008],[127.05481,37.60112],[127.05508,37.60134],[127.05509,37.60132],[127.05513,37.60128],[127.0554,37.60103],[127.0554,37.60102],[127.05628,37.60134],[127.05721,37.60151],[127.05745,37.6012],[127.05845,37.60109],[127.05916,37.60106],[127.05918,37.60108],[127.05922,37.60123],[127.05923,37.60126],[127.05931,37.60133],[127.05934,37.60135],[127.05951,37.60141],[127.05966,37.60152],[127.05999,37.60156],[127.06009,37.6016],[127.06012,37.60162],[127.06016,37.60168],[127.06018,37.6017],[127.06019,37.60173],[127.06005,37.60207],[127.05992,37.60228],[127.0601,37.60305],[127.06018,37.60317],[127.06039,37.60339],[127.06043,37.60341],[127.06076,37.60348],[127.06144,37.60424],[127.06149,37.60447],[127.06219,37.60513],[127.06219,37.60512],[127.0622,37.60512],[127.06225,37.60514],[127.06231,37.60516],[127.06247,37.60518],[127.0631,37.60525],[127.06369,37.60525],[127.06498,37.60583],[127.06552,37.60548],[127.06621,37.60559],[127.06681,37.60611],[127.06789,37.60656],[127.06846,37.6066],[127.06977,37.60726],[127.07012,37.60726],[127.07026,37.60703],[127.07036,37.60704],[127.07037,37.60704],[127.07038,37.60704],[127.07039,37.60718],[127.07046,37.60722],[127.07057,37.60747],[127.07067,37.60756],[127.07069,37.60757],[127.07087,37.6076],[127.07106,37.60763]]]},"properties":{"g":"11290","gn":"성북구","d":"13900","n":"석관동"},"id":"LT_C_ADEMD_INFO.1762"},
{"type":"Feature","geometry":{"type":"Polygon","coordinates":[[[127.03352,37.61078],[127.03529,37.61174],[127.03583,37.61202],[127.03596,37.61218],[127.03599,37.61223],[127.03611,37.61243],[127.03609,37.61234],[127.0361,37.61234],[127.03618,37.61236],[127.03641,37.61238],[127.03677,37.61242],[127.03708,37.61264],[127.03727,37.61277],[127.03728,37.61278],[127.0373,37.61279],[127.03731,37.6128],[127.03732,37.61281],[127.03736,37.61284],[127.03743,37.6129],[127.0375,37.61295],[127.03778,37.61347],[127.03785,37.61363],[127.03809,37.61392],[127.03815,37.61394],[127.0383,37.61409],[127.03859,37.61421],[127.03959,37.61511],[127.0397,37.61522],[127.03971,37.61568],[127.0396,37.61567],[127.03947,37.6157],[127.03922,37.61584],[127.03889,37.616],[127.03881,37.61613],[127.03881,37.61637],[127.03854,37.61679],[127.03876,37.61736],[127.03856,37.61784],[127.03821,37.61834],[127.0387,37.61886],[127.03875,37.61893],[127.03892,37.61903],[127.03779,37.61917],[127.037,37.6196],[127.03693,37.61971],[127.03681,37.62011],[127.03618,37.62038],[127.03545,37.62089],[127.03477,37.62089],[127.03468,37.62097],[127.03451,37.62111],[127.03443,37.62117],[127.0343,37.62149],[127.03437,37.62189],[127.03445,37.6221],[127.03408,37.62239],[127.03367,37.62288],[127.03371,37.62309],[127.03354,37.6236],[127.0333,37.62401],[127.03312,37.62449],[127.03309,37.62482],[127.03268,37.62517],[127.03257,37.62563],[127.03281,37.62607],[127.03249,37.62682],[127.03269,37.6273],[127.03273,37.62745],[127.03243,37.62755],[127.0321,37.62768],[127.03203,37.628],[127.03134,37.62885],[127.03098,37.62929],[127.0308,37.62959],[127.03057,37.62989],[127.03012,37.63051],[127.02983,37.63124],[127.03001,37.63154],[127.02955,37.63231],[127.02916,37.63277],[127.02911,37.63293],[127.02894,37.63354],[127.02891,37.63377],[127.02867,37.63372],[127.02798,37.63357],[127.0277,37.63351],[127.02757,37.63352],[127.02742,37.63359],[127.02723,37.63367],[127.02702,37.63375],[127.02686,37.63389],[127.02682,37.63389],[127.02674,37.63392],[127.02692,37.63416],[127.02749,37.63486],[127.02783,37.63493],[127.02729,37.63489],[127.02654,37.63491],[127.02654,37.63485],[127.02382,37.63468],[127.02366,37.63469],[127.02349,37.63472],[127.02347,37.63475],[127.02345,37.63476],[127.02345,37.63335],[127.02342,37.63335],[127.02345,37.63316],[127.02408,37.63155],[127.02421,37.63123],[127.02433,37.63091],[127.02415,37.63086],[127.02344,37.63068],[127.0233,37.63065],[127.02302,37.63057],[127.0229,37.63054],[127.02281,37.63047],[127.02275,37.63043],[127.02269,37.63038],[127.02257,37.63035],[127.02234,37.6303],[127.02206,37.63023],[127.02127,37.63013],[127.0178,37.62926],[127.01781,37.62917],[127.01781,37.62915],[127.01784,37.6287],[127.01749,37.62864],[127.01643,37.62817],[127.0164,37.62815],[127.0158,37.62762],[127.01576,37.62734],[127.01579,37.62712],[127.01575,37.62707],[127.01556,37.62702],[127.01526,37.62688],[127.01419,37.62694],[127.01343,37.62688],[127.0129,37.62668],[127.01258,37.62659],[127.01238,37.62652],[127.01234,37.62641],[127.01224,37.62632],[127.01218,37.62626],[127.01216,37.62624],[127.01203,37.62626],[127.01198,37.62626],[127.01192,37.62617],[127.01191,37.62616],[127.01188,37.62612],[127.01185,37.62608],[127.01165,37.626],[127.01139,37.62591],[127.01097,37.62561],[127.01053,37.62555],[127.01018,37.62546],[127.01019,37.62541],[127.01016,37.62538],[127.01004,37.62529],[127.00995,37.62522],[127.00958,37.62519],[127.00886,37.62503],[127.00849,37.62475],[127.00843,37.62458],[127.00815,37.62429],[127.00801,37.62415],[127.00787,37.62401],[127.00789,37.6237],[127.00775,37.62337],[127.00774,37.62335],[127.00779,37.62294],[127.00755,37.62269],[127.00754,37.62266],[127.00758,37.62252],[127.00744,37.62176],[127.00749,37.62165],[127.00758,37.6215],[127.00741,37.62139],[127.00724,37.62095],[127.00721,37.62083],[127.00725,37.62079],[127.00732,37.62069],[127.00721,37.62051],[127.00742,37.62023],[127.00757,37.62004],[127.0076,37.62001],[127.00786,37.61986],[127.00775,37.61963],[127.00795,37.61941],[127.00804,37.61939],[127.0083,37.6192],[127.00848,37.61897],[127.00849,37.6189],[127.00887,37.61841],[127.00907,37.61829],[127.00954,37.61821],[127.01005,37.61766],[127.0101,37.61685],[127.01014,37.6168],[127.01025,37.61678],[127.01069,37.61646],[127.01094,37.61629],[127.01103,37.61631],[127.01181,37.61632],[127.01245,37.61585],[127.01269,37.61575],[127.0134,37.61554],[127.01419,37.61498],[127.01435,37.61476],[127.01445,37.61468],[127.01448,37.61468],[127.01449,37.61468],[127.01525,37.61467],[127.01646,37.61488],[127.01653,37.61494],[127.0168,37.61487],[127.01691,37.61482],[127.01712,37.61478],[127.01732,37.61468],[127.0175,37.61464],[127.01756,37.61462],[127.01778,37.61443],[127.01782,37.61439],[127.01782,37.61437],[127.01814,37.614],[127.01854,37.61386],[127.01855,37.61386],[127.01881,37.61378],[127.01913,37.61382],[127.01918,37.61381],[127.01969,37.61326],[127.02034,37.61286],[127.02043,37.61259],[127.02066,37.61252],[127.02067,37.61251],[127.02068,37.61251],[127.02191,37.61233],[127.02206,37.61172],[127.02214,37.61138],[127.02227,37.6114],[127.02242,37.61144],[127.02258,37.6114],[127.0227,37.61149],[127.02275,37.61152],[127.02344,37.61173],[127.02387,37.61194],[127.02392,37.61196],[127.02407,37.612],[127.0241,37.61201],[127.02441,37.61207],[127.02448,37.61208],[127.02456,37.61214],[127.02501,37.61203],[127.02519,37.61201],[127.02574,37.61214],[127.026,37.61223],[127.02608,37.61231],[127.02616,37.61247],[127.02616,37.61248],[127.02642,37.61269],[127.02643,37.61269],[127.02652,37.61269],[127.02669,37.6127],[127.02684,37.61268],[127.02715,37.61259],[127.0272,37.61257],[127.02733,37.61256],[127.02754,37.61256],[127.02771,37.61261],[127.028,37.61256],[127.02803,37.61256],[127.02826,37.61255],[127.02837,37.61253],[127.02868,37.61245],[127.02928,37.61239],[127.02941,37.61238],[127.02952,37.61237],[127.02955,37.61238],[127.02969,37.61237],[127.02997,37.61237],[127.03018,37.61236],[127.03032,37.61148],[127.03034,37.61127],[127.03034,37.61125],[127.03032,37.6107],[127.03032,37.61064],[127.03031,37.61059],[127.03031,37.61039],[127.0303,37.6103],[127.0303,37.61019],[127.03029,37.61],[127.03025,37.60898],[127.03139,37.6096],[127.03165,37.60975],[127.03176,37.6098],[127.03196,37.60989],[127.03277,37.61033],[127.03297,37.61049],[127.03352,37.61078]]]},"properties":{"g":"11305","gn":"강북구","d":"10100","n":"미아동"},"id":"LT_C_ADEMD_INFO.1763"},
{"type":"Feature","geometry":{"type":"Polygon","coordinates":[[[127.02686,37.63389],[127.02702,37.63375],[127.02723,37.63367],[127.02742,37.63359],[127.02757,37.63352],[127.0277,37.63351],[127.02798,37.63357],[127.02867,37.63372],[127.02891,37.63377],[127.02894,37.63354],[127.02911,37.63293],[127.02916,37.63277],[127.02955,37.63231],[127.03001,37.63154],[127.02983,37.63124],[127.03012,37.63051],[127.03057,37.62989],[127.0308,37.62959],[127.03098,37.62929],[127.03134,37.62885],[127.03203,37.628],[127.0321,37.62768],[127.03243,37.62755],[127.03273,37.62745],[127.03269,37.6273],[127.03249,37.62682],[127.03281,37.62607],[127.03257,37.62563],[127.03268,37.62517],[127.03309,37.62482],[127.03312,37.62449],[127.0333,37.62401],[127.03354,37.6236],[127.03371,37.62309],[127.03367,37.62288],[127.03408,37.62239],[127.03445,37.6221],[127.03437,37.62189],[127.0343,37.62149],[127.03443,37.62117],[127.03451,37.62111],[127.03468,37.62097],[127.03477,37.62089],[127.03545,37.62089],[127.03618,37.62038],[127.03681,37.62011],[127.03693,37.61971],[127.037,37.6196],[127.03779,37.61917],[127.03892,37.61903],[127.03875,37.61893],[127.0387,37.61886],[127.03821,37.61834],[127.03856,37.61784],[127.03876,37.61736],[127.03854,37.61679],[127.03881,37.61637],[127.03881,37.61613],[127.03889,37.616],[127.03922,37.61584],[127.03947,37.6157],[127.0396,37.61567],[127.03971,37.61568],[127.03999,37.61569],[127.04,37.61572],[127.04003,37.61618],[127.04041,37.61611],[127.04063,37.61625],[127.04085,37.61645],[127.04117,37.61669],[127.04135,37.61681],[127.04138,37.61684],[127.04139,37.61684],[127.04144,37.61688],[127.04212,37.61735],[127.04234,37.6175],[127.0424,37.61754],[127.04242,37.61756],[127.04258,37.61767],[127.04321,37.61812],[127.04335,37.61822],[127.04353,37.61835],[127.04359,37.61839],[127.04367,37.61845],[127.04402,37.61873],[127.0441,37.61881],[127.04445,37.61919],[127.0446,37.61936],[127.04482,37.61972],[127.0449,37.61986],[127.04503,37.6201],[127.04505,37.62014],[127.04522,37.62047],[127.04537,37.62073],[127.04555,37.62107],[127.04559,37.62115],[127.0457,37.62135],[127.04571,37.62136],[127.04592,37.62166],[127.0461,37.62189],[127.0463,37.6221],[127.04646,37.62226],[127.04649,37.62229],[127.04656,37.62235],[127.04704,37.62271],[127.04744,37.62295],[127.04791,37.62322],[127.04853,37.62358],[127.04866,37.62365],[127.04924,37.62399],[127.04971,37.62425],[127.04974,37.62427],[127.04927,37.62485],[127.04865,37.62584],[127.04706,37.62752],[127.04443,37.62882],[127.04326,37.62993],[127.0426,37.63045],[127.04171,37.63081],[127.0408,37.63155],[127.03976,37.6322],[127.03814,37.63426],[127.03788,37.6354],[127.03782,37.63604],[127.03733,37.63648],[127.03685,37.63675],[127.03515,37.63727],[127.03457,37.63778],[127.03342,37.6404],[127.03283,37.64141],[127.03242,37.64183],[127.03195,37.64217],[127.03086,37.64287],[127.03064,37.64267],[127.03031,37.64236],[127.02939,37.6415],[127.02911,37.64124],[127.02909,37.64122],[127.02649,37.6388],[127.02645,37.63876],[127.02452,37.63696],[127.02382,37.6363],[127.0237,37.63619],[127.02362,37.63611],[127.02357,37.63608],[127.02345,37.636],[127.02328,37.6359],[127.02315,37.6357],[127.02302,37.63549],[127.02299,37.63543],[127.02327,37.63473],[127.02342,37.63335],[127.02345,37.63335],[127.02345,37.63476],[127.02347,37.63475],[127.02349,37.63472],[127.02366,37.63469],[127.02382,37.63468],[127.02654,37.63485],[127.02654,37.63491],[127.02729,37.63489],[127.02783,37.63493],[127.02749,37.63486],[127.02692,37.63416],[127.02674,37.63392],[127.02682,37.63389],[127.02686,37.63389]]]},"properties":{"g":"11305","gn":"강북구","d":"10200","n":"번동"},"id":"LT_C_ADEMD_INFO.1764"},
{"type":"Feature","geometry":{"type":"Polygon","coordinates":[[[127.01343,37.62688],[127.01419,37.62694],[127.01526,37.62688],[127.01556,37.62702],[127.01575,37.62707],[127.01579,37.62712],[127.01576,37.62734],[127.0158,37.62762],[127.0164,37.62815],[127.01643,37.62817],[127.01749,37.62864],[127.01784,37.6287],[127.01781,37.62915],[127.01781,37.62917],[127.0178,37.62926],[127.02127,37.63013],[127.02206,37.63023],[127.02234,37.6303],[127.02257,37.63035],[127.02269,37.63038],[127.02275,37.63043],[127.02281,37.63047],[127.0229,37.63054],[127.02302,37.63057],[127.0233,37.63065],[127.02344,37.63068],[127.02415,37.63086],[127.02433,37.63091],[127.02345,37.63316],[127.02343,37.63327],[127.02343,37.63334],[127.02342,37.63335],[127.02327,37.63473],[127.02299,37.63543],[127.02302,37.63549],[127.02315,37.6357],[127.02328,37.6359],[127.02345,37.636],[127.02357,37.63608],[127.02362,37.63611],[127.02645,37.63876],[127.02649,37.6388],[127.02784,37.64006],[127.02835,37.64053],[127.02843,37.64061],[127.02889,37.64104],[127.029,37.64114],[127.02909,37.64122],[127.02911,37.64124],[127.02939,37.6415],[127.03031,37.64236],[127.03064,37.64267],[127.03086,37.64287],[127.02935,37.64383],[127.029,37.64404],[127.02808,37.64463],[127.02741,37.64503],[127.02589,37.64572],[127.02508,37.64671],[127.02468,37.64734],[127.02266,37.64785],[127.02214,37.64816],[127.02177,37.64863],[127.02113,37.649],[127.02017,37.64908],[127.0191,37.64881],[127.0177,37.64858],[127.01646,37.64885],[127.01509,37.64928],[127.01496,37.64912],[127.01303,37.64927],[127.01244,37.64923],[127.01137,37.64934],[127.01015,37.65004],[127.00951,37.65017],[127.00905,37.64997],[127.00836,37.65013],[127.008,37.65043],[127.00759,37.65021],[127.00645,37.64937],[127.00613,37.64953],[127.00493,37.64954],[127.00438,37.64926],[127.00378,37.64933],[127.00242,37.64898],[126.99917,37.64947],[126.99876,37.64929],[126.99817,37.64969],[126.99749,37.65042],[126.99642,37.64989],[126.99586,37.64898],[126.99544,37.64847],[126.9949,37.64835],[126.99437,37.64786],[126.99295,37.64604],[126.99241,37.6459],[126.99198,37.6455],[126.99162,37.64486],[126.9898,37.64315],[126.98915,37.64237],[126.98855,37.64179],[126.98797,37.6416],[126.98608,37.64211],[126.98522,37.64164],[126.98527,37.64135],[126.98566,37.64074],[126.98613,37.64043],[126.98568,37.64004],[126.98541,37.63909],[126.98523,37.63807],[126.98496,37.63781],[126.98508,37.63731],[126.98474,37.63665],[126.9842,37.63634],[126.98591,37.6358],[126.98633,37.63548],[126.98743,37.63496],[126.98818,37.63449],[126.98874,37.63394],[126.9894,37.63404],[126.98985,37.63345],[126.98993,37.6328],[126.99137,37.63261],[126.99184,37.63228],[126.99369,37.63147],[126.99424,37.63086],[126.99539,37.63025],[126.99604,37.62935],[126.9965,37.62909],[126.99678,37.62866],[126.99756,37.62806],[126.99789,37.62754],[126.99849,37.62708],[126.99927,37.62619],[127.0007,37.6257],[127.00176,37.62564],[127.00213,37.62543],[127.00298,37.62527],[127.00352,37.62493],[127.00389,37.62423],[127.00456,37.62408],[127.00488,37.62382],[127.0049,37.62382],[127.00518,37.624],[127.00571,37.62398],[127.00733,37.62413],[127.00786,37.62402],[127.00787,37.62401],[127.00815,37.62429],[127.00843,37.62458],[127.00849,37.62475],[127.00886,37.62503],[127.00958,37.62519],[127.00995,37.62522],[127.01016,37.62538],[127.01019,37.62541],[127.01018,37.62546],[127.01053,37.62555],[127.01097,37.62561],[127.01139,37.62591],[127.01165,37.626],[127.01172,37.62603],[127.01185,37.62608],[127.01191,37.62616],[127.01192,37.62617],[127.01198,37.62626],[127.01203,37.62626],[127.01211,37.62624],[127.01216,37.62624],[127.01218,37.62626],[127.01224,37.62632],[127.01234,37.62641],[127.01238,37.62652],[127.01258,37.62659],[127.0129,37.62668],[127.01343,37.62688]]]},"properties":{"g":"11305","gn":"강북구","d":"10300","n":"수유동"},"id":"LT_C_ADEMD_INFO.1765"},
{"type":"Feature","geometry":{"type":"Polygon","coordinates":[[[127.01509,37.64928],[127.01454,37.64981],[127.0143,37.65029],[127.01368,37.6505],[127.01314,37.65049],[127.01291,37.65075],[127.01244,37.65218],[127.01266,37.65343],[127.01346,37.65678],[127.0138,37.65795],[127.01402,37.65922],[127.01434,37.66024],[127.01457,37.66046],[127.01466,37.66148],[127.01453,37.66199],[127.01452,37.66202],[127.01455,37.66199],[127.0149,37.66162],[127.01534,37.66136],[127.01588,37.66132],[127.0162,37.66143],[127.01624,37.66145],[127.01625,37.66146],[127.0165,37.66166],[127.01679,37.66205],[127.0169,37.66217],[127.01694,37.66223],[127.01677,37.66221],[127.01665,37.66221],[127.01598,37.66277],[127.01595,37.66329],[127.01557,37.66344],[127.01533,37.66408],[127.01565,37.66451],[127.01576,37.66507],[127.01537,37.66555],[127.01547,37.66608],[127.01575,37.66655],[127.01579,37.66703],[127.01637,37.66737],[127.01622,37.6675],[127.01641,37.66769],[127.0166,37.66788],[127.01663,37.66791],[127.01712,37.66807],[127.01746,37.66812],[127.01751,37.66815],[127.01758,37.6683],[127.01783,37.66847],[127.01824,37.66877],[127.0184,37.66888],[127.01841,37.66889],[127.01854,37.66954],[127.01849,37.67016],[127.01874,37.67052],[127.01871,37.67086],[127.0187,37.67086],[127.01869,37.67086],[127.01825,37.67069],[127.01795,37.67079],[127.0173,37.67191],[127.0174,37.67217],[127.01666,37.67295],[127.01622,37.67393],[127.01512,37.67415],[127.01457,37.67478],[127.01391,37.67524],[127.01398,37.67588],[127.01348,37.67719],[127.01331,37.67783],[127.01239,37.6787],[127.01213,37.6791],[127.01142,37.67919],[127.00942,37.67957],[127.0089,37.68059],[127.00903,37.68164],[127.0087,37.68223],[127.00842,37.68324],[127.00864,37.68395],[127.00866,37.68445],[127.00853,37.68445],[127.00766,37.68447],[127.00707,37.68476],[127.00605,37.68505],[127.00553,37.68486],[127.00453,37.68509],[127.00378,37.68482],[127.00358,37.68424],[127.00324,37.68395],[127.00274,37.68395],[127.00224,37.68359],[127.0019,37.68372],[127.00169,37.68434],[127.00104,37.68427],[127.00051,37.68397],[126.99943,37.68391],[126.99731,37.68347],[126.99703,37.68311],[126.99697,37.68265],[126.99674,37.68239],[126.99585,37.68187],[126.9955,37.68151],[126.99473,37.68124],[126.99416,37.68057],[126.99408,37.68032],[126.99351,37.68006],[126.9922,37.67963],[126.99243,37.67915],[126.99292,37.67882],[126.99325,37.67766],[126.99312,37.67723],[126.99327,37.677],[126.99307,37.67658],[126.9932,37.67572],[126.99381,37.67525],[126.99398,37.67491],[126.9938,37.67423],[126.99354,37.6741],[126.99407,37.67276],[126.9938,37.6702],[126.99435,37.66981],[126.99436,37.66957],[126.99383,37.66862],[126.99356,37.6678],[126.99413,37.66703],[126.99402,37.66678],[126.99312,37.66606],[126.99275,37.66553],[126.99222,37.66523],[126.99124,37.66499],[126.99,37.6645],[126.98945,37.66453],[126.98827,37.66439],[126.9878,37.66359],[126.98775,37.66273],[126.98737,37.66162],[126.98728,37.6606],[126.98654,37.65949],[126.98602,37.65894],[126.98462,37.65823],[126.98434,37.65773],[126.98374,37.65733],[126.98301,37.657],[126.98286,37.65645],[126.98119,37.65649],[126.97966,37.65604],[126.97994,37.65482],[126.98043,37.65379],[126.98105,37.65271],[126.98168,37.65232],[126.98187,37.65169],[126.9823,37.65125],[126.9825,37.65054],[126.98394,37.64961],[126.98402,37.64932],[126.98388,37.6486],[126.98398,37.64818],[126.9846,37.64761],[126.98468,37.64696],[126.98511,37.64573],[126.98464,37.64534],[126.98419,37.64443],[126.98325,37.64368],[126.98369,37.64304],[126.98387,37.64256],[126.98383,37.64215],[126.98426,37.64164],[126.98496,37.64146],[126.98522,37.64164],[126.98608,37.64211],[126.98797,37.6416],[126.98855,37.64179],[126.98915,37.64237],[126.9898,37.64315],[126.99162,37.64486],[126.99198,37.6455],[126.99241,37.6459],[126.99295,37.64604],[126.99437,37.64786],[126.9949,37.64835],[126.99544,37.64847],[126.99586,37.64898],[126.99642,37.64989],[126.99749,37.65042],[126.99817,37.64969],[126.99876,37.64929],[126.99917,37.64947],[127.00242,37.64898],[127.00378,37.64933],[127.00438,37.64926],[127.00493,37.64954],[127.00613,37.64953],[127.00645,37.64937],[127.00759,37.65021],[127.008,37.65043],[127.00836,37.65013],[127.00905,37.64997],[127.00951,37.65017],[127.01015,37.65004],[127.01137,37.64934],[127.01244,37.64923],[127.01303,37.64927],[127.01496,37.64912],[127.01509,37.64928]]]},"properties":{"g":"11305","gn":"강북구","d":"10400","n":"우이동"},"id":"LT_C_ADEMD_INFO.1766"},
{"type":"Feature","geometry":{"type":"Polygon","coordinates":[[[127.01509,37.64928],[127.01646,37.64885],[127.0177,37.64858],[127.0191,37.64881],[127.02017,37.64908],[127.02113,37.649],[127.02177,37.64863],[127.02214,37.64816],[127.02266,37.64785],[127.02468,37.64734],[127.02508,37.64671],[127.02589,37.64572],[127.02741,37.64503],[127.03086,37.64287],[127.03107,37.64307],[127.03125,37.64324],[127.03137,37.64335],[127.03159,37.64359],[127.03173,37.64376],[127.03203,37.64416],[127.03222,37.64447],[127.03243,37.64483],[127.03255,37.64502],[127.03266,37.6452],[127.03276,37.64538],[127.03294,37.64568],[127.03311,37.64597],[127.03322,37.64616],[127.03352,37.64665],[127.0341,37.64763],[127.03429,37.64795],[127.03463,37.64851],[127.03556,37.65008],[127.03633,37.65137],[127.03671,37.65201],[127.03679,37.65215],[127.03685,37.65226],[127.03726,37.65294],[127.0375,37.65333],[127.03762,37.65353],[127.03768,37.65363],[127.03782,37.65387],[127.03805,37.65425],[127.03811,37.65436],[127.03824,37.65458],[127.03833,37.65473],[127.03847,37.65497],[127.04032,37.65808],[127.04048,37.65835],[127.04054,37.65844],[127.0406,37.65854],[127.04066,37.65865],[127.04169,37.66038],[127.04209,37.66117],[127.04214,37.66131],[127.04221,37.66158],[127.04225,37.66171],[127.04189,37.66176],[127.04159,37.66173],[127.04158,37.66173],[127.03932,37.66174],[127.03766,37.66176],[127.03768,37.66172],[127.03769,37.66169],[127.03766,37.66169],[127.03762,37.66169],[127.03753,37.66166],[127.03747,37.66161],[127.03743,37.66156],[127.03724,37.66124],[127.03686,37.66115],[127.03648,37.66106],[127.0361,37.66097],[127.03595,37.6609],[127.03581,37.66085],[127.03567,37.66079],[127.03544,37.66069],[127.03505,37.66051],[127.03491,37.66045],[127.03431,37.66029],[127.0338,37.6602],[127.03365,37.66015],[127.03298,37.65992],[127.03283,37.65989],[127.03262,37.65983],[127.03241,37.65977],[127.03231,37.65974],[127.03152,37.65955],[127.03128,37.65956],[127.03074,37.65959],[127.03042,37.65967],[127.03002,37.65973],[127.02965,37.65968],[127.02912,37.65933],[127.02893,37.6592],[127.02818,37.65906],[127.02804,37.65897],[127.02748,37.65859],[127.02737,37.65852],[127.02716,37.65844],[127.02732,37.65839],[127.02757,37.65779],[127.02748,37.6576],[127.02744,37.6572],[127.02714,37.65702],[127.02675,37.65675],[127.02654,37.65666],[127.0263,37.65674],[127.02621,37.65677],[127.02602,37.65667],[127.02585,37.65549],[127.0254,37.65522],[127.02525,37.6543],[127.02511,37.65425],[127.02423,37.65424],[127.02378,37.65414],[127.02369,37.6542],[127.02358,37.65427],[127.0235,37.65427],[127.02344,37.65427],[127.02311,37.65429],[127.02292,37.65432],[127.02253,37.65437],[127.02234,37.65432],[127.02216,37.65421],[127.02184,37.65418],[127.0217,37.65427],[127.02162,37.65433],[127.02162,37.65439],[127.02084,37.65459],[127.02046,37.65494],[127.02034,37.65527],[127.01999,37.65557],[127.01972,37.65576],[127.01963,37.65614],[127.01928,37.65642],[127.01888,37.65686],[127.01875,37.65701],[127.01865,37.65714],[127.01864,37.6572],[127.01865,37.65729],[127.01867,37.65745],[127.01866,37.6576],[127.01862,37.65767],[127.01837,37.65781],[127.0181,37.65831],[127.01777,37.65846],[127.01768,37.65882],[127.01787,37.65921],[127.01763,37.65968],[127.01708,37.65991],[127.01709,37.66017],[127.01706,37.66052],[127.01702,37.6611],[127.0175,37.66161],[127.01741,37.66208],[127.01694,37.66223],[127.0169,37.66217],[127.01679,37.66205],[127.0165,37.66166],[127.01625,37.66146],[127.01624,37.66145],[127.0162,37.66143],[127.01588,37.66132],[127.01534,37.66136],[127.0149,37.66162],[127.01455,37.66199],[127.01452,37.66202],[127.01453,37.66199],[127.01466,37.66148],[127.01457,37.66046],[127.01434,37.66024],[127.01402,37.65922],[127.0138,37.65795],[127.01346,37.65678],[127.01266,37.65343],[127.01244,37.65218],[127.01291,37.65075],[127.01314,37.65049],[127.01368,37.6505],[127.0143,37.65029],[127.01454,37.64981],[127.01509,37.64928]]]},"properties":{"g":"11320","gn":"도봉구","d":"10500","n":"쌍문동"},"id":"LT_C_ADEMD_INFO.1767"},
{"type":"Feature","geometry":{"type":"Polygon","coordinates":[[[127.0187,37.67086],[127.01871,37.67086],[127.01874,37.67052],[127.01849,37.67016],[127.01854,37.66954],[127.01837,37.6692],[127.01836,37.66919],[127.01841,37.66889],[127.0184,37.66888],[127.01824,37.66877],[127.01783,37.66847],[127.01758,37.6683],[127.01753,37.66819],[127.01751,37.66815],[127.01746,37.66812],[127.01712,37.66807],[127.01663,37.66791],[127.0166,37.66788],[127.01641,37.66769],[127.01622,37.6675],[127.01637,37.66737],[127.01579,37.66703],[127.01575,37.66655],[127.01547,37.66608],[127.01537,37.66555],[127.01576,37.66507],[127.01565,37.66451],[127.01533,37.66408],[127.01557,37.66344],[127.01595,37.66329],[127.01598,37.66277],[127.01665,37.66221],[127.01677,37.66221],[127.01694,37.66223],[127.01741,37.66208],[127.0175,37.66161],[127.01702,37.6611],[127.01706,37.66052],[127.01709,37.66017],[127.01708,37.65991],[127.01763,37.65968],[127.01787,37.65921],[127.01768,37.65882],[127.01777,37.65846],[127.0181,37.65831],[127.01837,37.65781],[127.01862,37.65767],[127.01866,37.6576],[127.01867,37.65745],[127.01865,37.65729],[127.01864,37.6572],[127.01865,37.65714],[127.01875,37.65701],[127.01888,37.65686],[127.01928,37.65642],[127.01963,37.65614],[127.01972,37.65576],[127.01999,37.65557],[127.02034,37.65527],[127.02046,37.65494],[127.02084,37.65459],[127.02162,37.65439],[127.02162,37.65433],[127.0217,37.65427],[127.02184,37.65418],[127.02216,37.65421],[127.02234,37.65432],[127.02253,37.65437],[127.02292,37.65432],[127.02311,37.65429],[127.02344,37.65427],[127.0235,37.65427],[127.02358,37.65427],[127.02369,37.6542],[127.02378,37.65414],[127.02423,37.65424],[127.02511,37.65425],[127.02525,37.6543],[127.0254,37.65522],[127.02585,37.65549],[127.02602,37.65667],[127.02621,37.65677],[127.0263,37.65674],[127.02654,37.65666],[127.02675,37.65675],[127.02714,37.65702],[127.02744,37.6572],[127.02748,37.6576],[127.02757,37.65779],[127.02732,37.65839],[127.02716,37.65844],[127.02737,37.65852],[127.02748,37.65859],[127.02804,37.65897],[127.02818,37.65906],[127.02893,37.6592],[127.02912,37.65933],[127.02965,37.65968],[127.03002,37.65973],[127.03042,37.65967],[127.03074,37.65959],[127.03128,37.65956],[127.03152,37.65955],[127.03231,37.65974],[127.03241,37.65977],[127.03262,37.65983],[127.03283,37.65989],[127.03298,37.65992],[127.03365,37.66015],[127.0338,37.6602],[127.03431,37.66029],[127.03491,37.66045],[127.03505,37.66051],[127.03544,37.66069],[127.03567,37.66079],[127.03581,37.66085],[127.03595,37.6609],[127.0361,37.66097],[127.03648,37.66106],[127.03686,37.66115],[127.03724,37.66124],[127.03743,37.66156],[127.03747,37.66161],[127.03753,37.66166],[127.03762,37.66169],[127.03766,37.66169],[127.03769,37.66169],[127.03768,37.66172],[127.03766,37.66176],[127.03932,37.66174],[127.04158,37.66173],[127.04159,37.66173],[127.04189,37.66176],[127.04227,37.66181],[127.04461,37.66214],[127.04554,37.6622],[127.04655,37.66207],[127.05159,37.66066],[127.05156,37.66303],[127.05141,37.66397],[127.05117,37.66398],[127.05087,37.66482],[127.05031,37.66581],[127.04966,37.66656],[127.04892,37.66758],[127.04852,37.66918],[127.045,37.66945],[127.0436,37.6696],[127.04364,37.66979],[127.04223,37.66994],[127.03958,37.66995],[127.03982,37.67179],[127.03924,37.67196],[127.03841,37.67203],[127.0376,37.67146],[127.0368,37.67158],[127.03641,37.67199],[127.03599,37.67283],[127.03618,37.67308],[127.03587,37.67413],[127.03521,37.67426],[127.03432,37.67409],[127.03352,37.67416],[127.03311,37.67363],[127.03261,37.6738],[127.03234,37.67451],[127.03205,37.67447],[127.03156,37.67515],[127.03083,37.67474],[127.03057,37.67401],[127.03036,37.67382],[127.02952,37.67404],[127.02916,37.67361],[127.02863,37.67337],[127.02708,37.67337],[127.02663,37.67368],[127.02582,37.67328],[127.02577,37.67307],[127.02514,37.67282],[127.02491,37.67242],[127.02309,37.67219],[127.0228,37.67159],[127.02236,37.67184],[127.02163,37.67174],[127.02077,37.67203],[127.02051,37.67154],[127.02016,37.67169],[127.01989,37.67139],[127.01889,37.67112],[127.0187,37.67086]]]},"properties":{"g":"11320","gn":"도봉구","d":"10600","n":"방학동"},"id":"LT_C_ADEMD_INFO.1768"},
{"type":"Feature","geometry":{"type":"Polygon","coordinates":[[[127.05159,37.66066],[127.04655,37.66207],[127.04554,37.6622],[127.04461,37.66214],[127.04227,37.66181],[127.04225,37.66171],[127.04221,37.66158],[127.04214,37.66131],[127.04209,37.66117],[127.04169,37.66038],[127.04066,37.65865],[127.0406,37.65854],[127.04054,37.65844],[127.04048,37.65835],[127.04032,37.65808],[127.03847,37.65497],[127.03833,37.65473],[127.03824,37.65458],[127.03811,37.65436],[127.03805,37.65425],[127.03782,37.65387],[127.03768,37.65363],[127.03762,37.65353],[127.0375,37.65333],[127.03726,37.65294],[127.03685,37.65226],[127.03679,37.65215],[127.03671,37.65201],[127.03633,37.65137],[127.03556,37.65008],[127.03463,37.64851],[127.03429,37.64795],[127.0341,37.64763],[127.03352,37.64665],[127.03322,37.64616],[127.03311,37.64597],[127.03294,37.64568],[127.03276,37.64538],[127.03266,37.6452],[127.03255,37.64502],[127.03243,37.64483],[127.03222,37.64447],[127.03203,37.64416],[127.03173,37.64376],[127.03159,37.64359],[127.03137,37.64335],[127.03125,37.64324],[127.03107,37.64307],[127.03086,37.64287],[127.03195,37.64217],[127.03242,37.64183],[127.03283,37.64141],[127.03342,37.6404],[127.03457,37.63778],[127.03515,37.63727],[127.03685,37.63675],[127.03733,37.63648],[127.03782,37.63604],[127.03788,37.6354],[127.03814,37.63426],[127.03976,37.6322],[127.0408,37.63155],[127.04171,37.63081],[127.0426,37.63045],[127.04265,37.63091],[127.04166,37.63147],[127.0428,37.6327],[127.04352,37.63309],[127.04392,37.63348],[127.04444,37.63449],[127.04461,37.63536],[127.04499,37.63586],[127.04503,37.63669],[127.04555,37.6377],[127.046,37.6379],[127.04624,37.63886],[127.04677,37.63971],[127.04649,37.6403],[127.04652,37.64105],[127.04672,37.64122],[127.04781,37.6412],[127.04779,37.6414],[127.04904,37.64215],[127.04972,37.64351],[127.05069,37.64381],[127.05035,37.64461],[127.05135,37.64482],[127.05162,37.64413],[127.05241,37.64246],[127.05297,37.64167],[127.05369,37.64098],[127.05473,37.64014],[127.05578,37.64063],[127.05512,37.64133],[127.05499,37.64236],[127.05515,37.64345],[127.05565,37.6446],[127.05587,37.64595],[127.05582,37.64705],[127.05544,37.64824],[127.05465,37.64956],[127.05395,37.65058],[127.05375,37.65205],[127.05394,37.65317],[127.05405,37.65449],[127.05401,37.6553],[127.05357,37.65615],[127.0536,37.65677],[127.05341,37.6575],[127.05254,37.65891],[127.0518,37.65992],[127.05148,37.65988],[127.05159,37.66066]]]},"properties":{"g":"11320","gn":"도봉구","d":"10700","n":"창동"},"id":"LT_C_ADEMD_INFO.1769"},
{"type":"Feature","geometry":{"type":"Polygon","coordinates":[[[127.0518,37.68581],[127.05092,37.68616],[127.05064,37.68651],[127.04982,37.68798],[127.04975,37.68921],[127.05001,37.69042],[127.04997,37.69087],[127.04937,37.69169],[127.04892,37.69281],[127.04863,37.69406],[127.04821,37.69395],[127.04781,37.69329],[127.04675,37.69272],[127.04565,37.69238],[127.0449,37.69241],[127.04482,37.69294],[127.04407,37.69313],[127.04375,37.69351],[127.04304,37.69362],[127.04335,37.69407],[127.0434,37.6944],[127.04307,37.69523],[127.04202,37.69507],[127.04181,37.69538],[127.04111,37.6953],[127.04,37.69468],[127.03991,37.69408],[127.03895,37.69398],[127.0385,37.69329],[127.03753,37.69322],[127.037,37.69295],[127.03676,37.69264],[127.03578,37.69237],[127.03563,37.69249],[127.03426,37.69223],[127.0336,37.69202],[127.03241,37.69184],[127.03217,37.69282],[127.03154,37.69283],[127.03103,37.69307],[127.03045,37.69478],[127.03017,37.6952],[127.02973,37.69627],[127.0296,37.69818],[127.02929,37.69929],[127.02899,37.69966],[127.02831,37.70016],[127.02769,37.70094],[127.02702,37.70112],[127.0269,37.70025],[127.02532,37.69958],[127.02339,37.70007],[127.02215,37.69972],[127.01983,37.70102],[127.0178,37.7012],[127.01542,37.70146],[127.01496,37.70043],[127.01388,37.6988],[127.01212,37.69738],[127.00967,37.6967],[127.00971,37.69336],[127.00762,37.69162],[127.00829,37.69011],[127.00833,37.68851],[127.00859,37.68744],[127.00844,37.68543],[127.00867,37.68449],[127.00866,37.68445],[127.00864,37.68395],[127.00842,37.68324],[127.0087,37.68223],[127.00903,37.68164],[127.0089,37.68059],[127.00942,37.67957],[127.01142,37.67919],[127.01213,37.6791],[127.01239,37.6787],[127.01331,37.67783],[127.01348,37.67719],[127.01398,37.67588],[127.01391,37.67524],[127.01457,37.67478],[127.01512,37.67415],[127.01622,37.67393],[127.01666,37.67295],[127.0174,37.67217],[127.0173,37.67191],[127.01795,37.67079],[127.01825,37.67069],[127.01869,37.67086],[127.0187,37.67086],[127.01889,37.67112],[127.01989,37.67139],[127.02016,37.67169],[127.02051,37.67154],[127.02077,37.67203],[127.02163,37.67174],[127.02236,37.67184],[127.0228,37.67159],[127.02309,37.67219],[127.02491,37.67242],[127.02514,37.67282],[127.02577,37.67307],[127.02582,37.67328],[127.02663,37.67368],[127.02708,37.67337],[127.02863,37.67337],[127.02916,37.67361],[127.02952,37.67404],[127.03036,37.67382],[127.03057,37.67401],[127.03083,37.67474],[127.03156,37.67515],[127.03205,37.67447],[127.03234,37.67451],[127.03261,37.6738],[127.03311,37.67363],[127.03352,37.67416],[127.03432,37.67409],[127.03521,37.67426],[127.03587,37.67413],[127.03618,37.67308],[127.03599,37.67283],[127.03641,37.67199],[127.0368,37.67158],[127.0376,37.67146],[127.03841,37.67203],[127.03924,37.67196],[127.03982,37.67179],[127.03958,37.66995],[127.04223,37.66994],[127.04364,37.66979],[127.0436,37.6696],[127.045,37.66945],[127.04852,37.66918],[127.04819,37.67048],[127.04816,37.67119],[127.04833,37.67234],[127.04876,37.67384],[127.04874,37.67479],[127.04886,37.67518],[127.04972,37.67672],[127.04996,37.67741],[127.05013,37.67839],[127.0504,37.67918],[127.05092,37.68009],[127.05123,37.682],[127.0518,37.6826],[127.05194,37.68295],[127.05207,37.68452],[127.0518,37.68581]]]},"properties":{"g":"11320","gn":"도봉구","d":"10800","n":"도봉동"},"id":"LT_C_ADEMD_INFO.1770"},
{"type":"Feature","geometry":{"type":"Polygon","coordinates":[[[127.05578,37.64063],[127.05473,37.64014],[127.05369,37.64098],[127.05297,37.64167],[127.05241,37.64246],[127.05162,37.64413],[127.05135,37.64482],[127.05035,37.64461],[127.05069,37.64381],[127.04972,37.64351],[127.04904,37.64215],[127.04779,37.6414],[127.04781,37.6412],[127.04672,37.64122],[127.04652,37.64105],[127.04649,37.6403],[127.04677,37.63971],[127.04624,37.63886],[127.046,37.6379],[127.04555,37.6377],[127.04503,37.63669],[127.04499,37.63586],[127.04461,37.63536],[127.04444,37.63449],[127.04392,37.63348],[127.04352,37.63309],[127.0428,37.6327],[127.04166,37.63147],[127.04265,37.63091],[127.0426,37.63045],[127.04326,37.62993],[127.04443,37.62882],[127.04706,37.62752],[127.04865,37.62584],[127.04927,37.62485],[127.04974,37.62427],[127.05059,37.62347],[127.0512,37.62305],[127.05211,37.62224],[127.05207,37.62216],[127.05243,37.62184],[127.05368,37.62052],[127.05407,37.6201],[127.0541,37.62007],[127.05419,37.61999],[127.05441,37.6198],[127.05508,37.61942],[127.05515,37.61938],[127.05556,37.61917],[127.05613,37.61874],[127.05621,37.61867],[127.05705,37.61785],[127.05716,37.61773],[127.05752,37.61742],[127.05808,37.61712],[127.05833,37.61698],[127.05844,37.61692],[127.05847,37.6169],[127.05886,37.61665],[127.05887,37.61664],[127.05899,37.61657],[127.05935,37.61637],[127.05949,37.6163],[127.06067,37.61566],[127.0608,37.6154],[127.06085,37.6153],[127.06088,37.61525],[127.06089,37.61523],[127.06093,37.61517],[127.06094,37.61515],[127.06098,37.6151],[127.06109,37.61494],[127.06111,37.61492],[127.06147,37.61463],[127.06176,37.61449],[127.06203,37.61443],[127.06238,37.61437],[127.06308,37.6143],[127.06328,37.61427],[127.06486,37.61477],[127.06816,37.61545],[127.06966,37.61573],[127.07016,37.6154],[127.07019,37.61545],[127.07027,37.61617],[127.07032,37.61913],[127.07082,37.62018],[127.07073,37.62113],[127.07012,37.62258],[127.06951,37.62433],[127.06875,37.62529],[127.06696,37.62666],[127.06507,37.62793],[127.06446,37.62856],[127.06439,37.62917],[127.06439,37.62964],[127.06439,37.63003],[127.06439,37.63051],[127.06439,37.63068],[127.06425,37.63154],[127.06376,37.63263],[127.0625,37.63359],[127.06031,37.63514],[127.05949,37.63621],[127.05925,37.63669],[127.05835,37.63754],[127.05785,37.63821],[127.05775,37.63851],[127.05767,37.63875],[127.05578,37.64063]]]},"properties":{"g":"11350","gn":"노원구","d":"10200","n":"월계동"},"id":"LT_C_ADEMD_INFO.1771"},
{"type":"Feature","geometry":{"type":"Polygon","coordinates":[[[127.11056,37.63915],[127.11115,37.63976],[127.11205,37.63984],[127.11228,37.64018],[127.11179,37.64058],[127.1117,37.64111],[127.11144,37.64133],[127.1115,37.64195],[127.11115,37.64256],[127.11075,37.64273],[127.1099,37.64249],[127.10929,37.64286],[127.10801,37.64446],[127.10769,37.64497],[127.10658,37.64538],[127.10392,37.64549],[127.10288,37.64541],[127.1028,37.6452],[127.10159,37.64477],[127.09977,37.64446],[127.09891,37.64403],[127.09756,37.64396],[127.09457,37.64457],[127.09472,37.64371],[127.09434,37.64325],[127.09412,37.64254],[127.09338,37.6425],[127.09235,37.64234],[127.09149,37.64209],[127.09149,37.64206],[127.09141,37.64151],[127.09116,37.64128],[127.0906,37.64098],[127.09018,37.64106],[127.08936,37.64085],[127.08882,37.64083],[127.08793,37.64108],[127.08714,37.64102],[127.08664,37.64081],[127.08613,37.64104],[127.08497,37.64067],[127.08429,37.64036],[127.08373,37.64027],[127.0832,37.63976],[127.08309,37.63966],[127.08286,37.63943],[127.08277,37.63936],[127.08272,37.63933],[127.08235,37.63909],[127.08234,37.63897],[127.08231,37.63859],[127.08178,37.63808],[127.08161,37.63704],[127.08087,37.63617],[127.08042,37.63585],[127.07981,37.63539],[127.07857,37.63476],[127.07845,37.63476],[127.07832,37.63474],[127.07818,37.6347],[127.07805,37.6346],[127.07795,37.63452],[127.07797,37.63447],[127.07789,37.63431],[127.07776,37.63426],[127.07757,37.6335],[127.07745,37.63324],[127.07699,37.63295],[127.07685,37.63257],[127.07693,37.6322],[127.07654,37.63118],[127.07659,37.63099],[127.07655,37.63091],[127.07643,37.63085],[127.07629,37.63083],[127.07606,37.63074],[127.07543,37.63069],[127.07395,37.63089],[127.07329,37.63115],[127.07284,37.63186],[127.07124,37.63142],[127.07122,37.63142],[127.07125,37.6314],[127.0715,37.63131],[127.07138,37.63112],[127.07133,37.63108],[127.07122,37.63106],[127.07051,37.63134],[127.06979,37.63147],[127.06834,37.63142],[127.06706,37.6312],[127.06652,37.63107],[127.06439,37.63068],[127.06439,37.63051],[127.06439,37.63003],[127.06439,37.62964],[127.06439,37.62917],[127.06446,37.62856],[127.06507,37.62793],[127.06696,37.62666],[127.06875,37.62529],[127.06951,37.62433],[127.07012,37.62258],[127.07073,37.62113],[127.07082,37.62018],[127.07032,37.61913],[127.07027,37.61617],[127.07019,37.61545],[127.07098,37.61583],[127.07104,37.61588],[127.07112,37.61595],[127.07109,37.61621],[127.07117,37.61631],[127.07118,37.61631],[127.07128,37.61636],[127.07139,37.6164],[127.07318,37.61666],[127.0738,37.61677],[127.07416,37.61683],[127.07421,37.61692],[127.07424,37.61694],[127.0743,37.61698],[127.07448,37.61704],[127.07457,37.617],[127.075,37.61713],[127.07553,37.61716],[127.07911,37.61839],[127.08008,37.61862],[127.08007,37.61842],[127.08044,37.61848],[127.08065,37.61857],[127.08092,37.61885],[127.08131,37.61914],[127.08143,37.61919],[127.08279,37.6194],[127.08379,37.61978],[127.08494,37.6201],[127.08607,37.62029],[127.08735,37.62015],[127.08795,37.61993],[127.08823,37.61988],[127.0883,37.6199],[127.08833,37.61991],[127.08835,37.61992],[127.08845,37.62002],[127.08851,37.62008],[127.08871,37.62024],[127.08888,37.62012],[127.08902,37.61997],[127.08946,37.61965],[127.09057,37.61929],[127.09157,37.61887],[127.09233,37.61835],[127.09321,37.61802],[127.0935,37.61809],[127.09352,37.61809],[127.09364,37.61807],[127.09365,37.61807],[127.09445,37.619],[127.09557,37.61917],[127.0962,37.61902],[127.0962,37.61903],[127.09621,37.61903],[127.0964,37.61922],[127.09644,37.61926],[127.09646,37.61928],[127.09649,37.6193],[127.09662,37.61943],[127.09664,37.61954],[127.09665,37.61956],[127.09666,37.61956],[127.09667,37.61957],[127.09684,37.61962],[127.09686,37.61963],[127.09711,37.61972],[127.09718,37.61974],[127.09734,37.6198],[127.09735,37.61981],[127.09737,37.61981],[127.09758,37.61988],[127.09849,37.6202],[127.09882,37.62039],[127.09966,37.61991],[127.1008,37.61949],[127.10087,37.6194],[127.10117,37.61947],[127.10167,37.61947],[127.10179,37.61968],[127.1017,37.62],[127.1017,37.62001],[127.10169,37.62002],[127.1038,37.62024],[127.10405,37.62004],[127.10484,37.62006],[127.10566,37.62042],[127.10491,37.62157],[127.10407,37.62165],[127.10433,37.62327],[127.10491,37.62398],[127.10501,37.62527],[127.1054,37.62573],[127.10596,37.62733],[127.10591,37.62759],[127.10703,37.62805],[127.10888,37.6293],[127.11015,37.63036],[127.11083,37.63078],[127.11163,37.6315],[127.1122,37.63264],[127.1116,37.63385],[127.11241,37.63425],[127.11235,37.63476],[127.11255,37.63525],[127.11225,37.63556],[127.11221,37.63628],[127.11248,37.63649],[127.1122,37.63714],[127.11156,37.63803],[127.1109,37.63826],[127.11056,37.63915]]]},"properties":{"g":"11350","gn":"노원구","d":"10300","n":"공릉동"},"id":"LT_C_ADEMD_INFO.1772"},
{"type":"Feature","geometry":{"type":"Polygon","coordinates":[[[127.08373,37.64027],[127.08347,37.64072],[127.08223,37.6416],[127.08145,37.64272],[127.08104,37.64291],[127.08092,37.64373],[127.0797,37.64425],[127.07922,37.64397],[127.07865,37.64424],[127.07799,37.64574],[127.0767,37.64618],[127.07662,37.64444],[127.07508,37.6445],[127.07423,37.6463],[127.07075,37.64528],[127.07183,37.64309],[127.06984,37.64225],[127.07032,37.64124],[127.07024,37.64097],[127.06882,37.64057],[127.06935,37.6394],[127.06135,37.63713],[127.06106,37.63764],[127.06087,37.6385],[127.06059,37.63938],[127.06031,37.63941],[127.05978,37.63845],[127.05951,37.63784],[127.05967,37.6375],[127.05955,37.63704],[127.05925,37.63669],[127.05949,37.63621],[127.06031,37.63514],[127.0625,37.63359],[127.06376,37.63263],[127.06425,37.63154],[127.06439,37.63068],[127.06489,37.63076],[127.06506,37.63079],[127.06652,37.63107],[127.06706,37.6312],[127.06834,37.63142],[127.06979,37.63147],[127.07051,37.63134],[127.07122,37.63106],[127.07133,37.63108],[127.07138,37.63112],[127.0715,37.63131],[127.07125,37.6314],[127.07122,37.63142],[127.07124,37.63142],[127.07284,37.63186],[127.07329,37.63115],[127.07395,37.63089],[127.07543,37.63069],[127.07606,37.63074],[127.07629,37.63083],[127.07643,37.63085],[127.07655,37.63091],[127.07659,37.63099],[127.07654,37.63118],[127.07693,37.6322],[127.07685,37.63257],[127.07699,37.63295],[127.07745,37.63324],[127.07757,37.6335],[127.07776,37.63426],[127.07795,37.63452],[127.07805,37.6346],[127.07818,37.6347],[127.07832,37.63474],[127.07845,37.63476],[127.07857,37.63476],[127.07981,37.63539],[127.08042,37.63585],[127.08087,37.63617],[127.08161,37.63704],[127.08178,37.63808],[127.08231,37.63859],[127.08234,37.63897],[127.08235,37.63909],[127.08272,37.63933],[127.08277,37.63936],[127.08286,37.63943],[127.08309,37.63966],[127.0832,37.63976],[127.08373,37.64027]]]},"properties":{"g":"11350","gn":"노원구","d":"10400","n":"하계동"},"id":"LT_C_ADEMD_INFO.1773"},
{"type":"Feature","geometry":{"type":"Polygon","coordinates":[[[127.09541,37.66389],[127.09468,37.66492],[127.09458,37.66617],[127.09498,37.6676],[127.09624,37.66883],[127.09645,37.66969],[127.09601,37.67008],[127.09575,37.67062],[127.09572,37.67135],[127.09602,37.67185],[127.09575,37.67267],[127.09515,37.67289],[127.09461,37.67354],[127.09396,37.67562],[127.09385,37.67666],[127.09334,37.67688],[127.09297,37.67735],[127.09261,37.67747],[127.09219,37.67803],[127.09194,37.67869],[127.09195,37.67919],[127.09253,37.67952],[127.09279,37.68005],[127.09297,37.6812],[127.09292,37.68155],[127.09415,37.68308],[127.09429,37.68342],[127.09581,37.68464],[127.09605,37.6852],[127.09642,37.68564],[127.09643,37.68626],[127.0963,37.68717],[127.09608,37.68791],[127.09558,37.6884],[127.096,37.68907],[127.0951,37.68938],[127.09429,37.68913],[127.09304,37.68997],[127.09238,37.68993],[127.09055,37.68957],[127.08845,37.6899],[127.08653,37.68991],[127.08518,37.69039],[127.08391,37.69178],[127.08384,37.69427],[127.0811,37.69614],[127.0782,37.69599],[127.07491,37.69522],[127.07393,37.69464],[127.0734,37.6941],[127.07266,37.6938],[127.07088,37.6937],[127.06982,37.69398],[127.06915,37.69369],[127.06855,37.694],[127.06783,37.69477],[127.06631,37.69444],[127.06533,37.69476],[127.06458,37.69455],[127.06339,37.69492],[127.06273,37.69468],[127.06239,37.69355],[127.06237,37.69302],[127.06121,37.69217],[127.06062,37.69127],[127.05966,37.69033],[127.05839,37.68969],[127.05719,37.68963],[127.05618,37.6892],[127.05518,37.6892],[127.05469,37.68872],[127.05281,37.68768],[127.05223,37.68742],[127.0518,37.68707],[127.0518,37.68581],[127.05207,37.68452],[127.05194,37.68295],[127.0518,37.6826],[127.05123,37.682],[127.05092,37.68009],[127.0504,37.67918],[127.05013,37.67839],[127.04996,37.67741],[127.04972,37.67672],[127.04886,37.67518],[127.04874,37.67479],[127.04876,37.67384],[127.04833,37.67234],[127.04816,37.67119],[127.04819,37.67048],[127.04852,37.66918],[127.04892,37.66758],[127.04966,37.66656],[127.05031,37.66581],[127.05087,37.66482],[127.05117,37.66398],[127.05141,37.66397],[127.05156,37.66303],[127.05159,37.66066],[127.05148,37.65988],[127.0518,37.65992],[127.05254,37.65891],[127.05341,37.6575],[127.0536,37.65677],[127.05357,37.65615],[127.05401,37.6553],[127.05405,37.65449],[127.05394,37.65317],[127.05375,37.65205],[127.05395,37.65058],[127.05465,37.64956],[127.05544,37.64824],[127.05582,37.64705],[127.05587,37.64595],[127.05565,37.6446],[127.05515,37.64345],[127.05499,37.64236],[127.05512,37.64133],[127.05578,37.64063],[127.05767,37.63875],[127.05775,37.63851],[127.05785,37.63821],[127.05835,37.63754],[127.05925,37.63669],[127.05955,37.63704],[127.05967,37.6375],[127.05951,37.63784],[127.05978,37.63845],[127.05966,37.63891],[127.06024,37.63958],[127.06059,37.64067],[127.06104,37.64179],[127.06097,37.64235],[127.06114,37.64443],[127.06165,37.64544],[127.06231,37.64595],[127.06291,37.64622],[127.06375,37.64687],[127.06432,37.64742],[127.06496,37.64822],[127.06557,37.64911],[127.06612,37.64956],[127.06718,37.64979],[127.06848,37.65044],[127.06942,37.65126],[127.06997,37.65162],[127.07081,37.6525],[127.07159,37.65359],[127.07197,37.6547],[127.07203,37.65567],[127.07193,37.65728],[127.07193,37.65835],[127.07205,37.65902],[127.07285,37.65978],[127.07334,37.66037],[127.07445,37.66144],[127.07428,37.66191],[127.07524,37.66274],[127.07578,37.66274],[127.07651,37.66244],[127.07772,37.66232],[127.07879,37.66229],[127.0809,37.66257],[127.08121,37.66277],[127.08162,37.66265],[127.0829,37.66268],[127.08397,37.66347],[127.08472,37.66426],[127.08892,37.66461],[127.09173,37.66412],[127.09541,37.66389]]]},"properties":{"g":"11350","gn":"노원구","d":"10500","n":"상계동"},"id":"LT_C_ADEMD_INFO.1774"},
{"type":"Feature","geometry":{"type":"Polygon","coordinates":[[[127.09541,37.66389],[127.09173,37.66412],[127.08892,37.66461],[127.08472,37.66426],[127.08397,37.66347],[127.0829,37.66268],[127.08162,37.66265],[127.08121,37.66277],[127.0809,37.66257],[127.07879,37.66229],[127.07772,37.66232],[127.07651,37.66244],[127.07578,37.66274],[127.07524,37.66274],[127.07428,37.66191],[127.07445,37.66144],[127.07334,37.66037],[127.07285,37.65978],[127.07205,37.65902],[127.07193,37.65835],[127.07193,37.65728],[127.07203,37.65567],[127.07197,37.6547],[127.07159,37.65359],[127.07081,37.6525],[127.06997,37.65162],[127.06942,37.65126],[127.06848,37.65044],[127.06718,37.64979],[127.06612,37.64956],[127.06557,37.64911],[127.06496,37.64822],[127.06432,37.64742],[127.06375,37.64687],[127.06291,37.64622],[127.06231,37.64595],[127.06165,37.64544],[127.06114,37.64443],[127.06097,37.64235],[127.06104,37.64179],[127.06059,37.64067],[127.06024,37.63958],[127.05966,37.63891],[127.05978,37.63845],[127.06031,37.63941],[127.06059,37.63938],[127.06087,37.6385],[127.06106,37.63764],[127.06135,37.63713],[127.06935,37.6394],[127.06882,37.64057],[127.07024,37.64097],[127.07032,37.64124],[127.06984,37.64225],[127.07183,37.64309],[127.07075,37.64528],[127.07423,37.6463],[127.07508,37.6445],[127.07662,37.64444],[127.0767,37.64618],[127.07799,37.64574],[127.07865,37.64424],[127.07922,37.64397],[127.0797,37.64425],[127.08092,37.64373],[127.08104,37.64291],[127.08145,37.64272],[127.08223,37.6416],[127.08347,37.64072],[127.08373,37.64027],[127.08395,37.64029],[127.08405,37.6403],[127.08429,37.64036],[127.08497,37.64067],[127.08613,37.64104],[127.08664,37.64081],[127.08714,37.64102],[127.08793,37.64108],[127.08882,37.64083],[127.08936,37.64085],[127.09018,37.64106],[127.0906,37.64098],[127.09116,37.64128],[127.09141,37.64151],[127.09149,37.64209],[127.09235,37.64234],[127.09412,37.64254],[127.09434,37.64325],[127.09472,37.64371],[127.09457,37.64457],[127.09438,37.64496],[127.09454,37.64551],[127.09447,37.64585],[127.09405,37.64611],[127.09363,37.64663],[127.09383,37.64732],[127.09307,37.64784],[127.09269,37.64858],[127.09272,37.64935],[127.09247,37.64971],[127.09327,37.65062],[127.09337,37.65123],[127.094,37.6523],[127.09392,37.65296],[127.09307,37.65378],[127.09287,37.65445],[127.09235,37.65549],[127.09189,37.65743],[127.09113,37.65824],[127.09121,37.65933],[127.09217,37.66079],[127.09326,37.66197],[127.09414,37.6633],[127.09541,37.66389]]]},"properties":{"g":"11350","gn":"노원구","d":"10600","n":"중계동"},"id":"LT_C_ADEMD_INFO.1777"},
{"type":"Feature","geometry":{"type":"Polygon","coordinates":[[[126.89964,37.58982],[126.89808,37.58954],[126.89796,37.58909],[126.89686,37.58857],[126.89641,37.58874],[126.89523,37.58886],[126.89427,37.58882],[126.89384,37.58907],[126.89333,37.58907],[126.89224,37.58852],[126.89144,37.58847],[126.89094,37.58857],[126.89022,37.58892],[126.88958,37.58913],[126.88925,37.58883],[126.88834,37.5888],[126.88716,37.58853],[126.88656,37.58916],[126.88575,37.58957],[126.88581,37.59002],[126.88571,37.59081],[126.88547,37.5911],[126.8856,37.5915],[126.88656,37.59271],[126.88671,37.59317],[126.88718,37.59368],[126.88637,37.59395],[126.88541,37.59388],[126.885,37.59364],[126.88447,37.59289],[126.88357,37.59185],[126.88232,37.59113],[126.88206,37.59079],[126.8859,37.58703],[126.88872,37.58475],[126.89004,37.58391],[126.89753,37.5791],[126.90208,37.576],[126.90264,37.57639],[126.90183,37.57654],[126.90206,37.57676],[126.90193,37.57685],[126.90189,37.57688],[126.90117,37.5774],[126.89898,37.579],[126.89905,37.57928],[126.90005,37.57958],[126.90014,37.57984],[126.90109,37.58034],[126.90218,37.58064],[126.90238,37.58081],[126.90199,37.58123],[126.90187,37.58176],[126.90217,37.58256],[126.90194,37.58338],[126.90199,37.58377],[126.90155,37.58462],[126.90155,37.58516],[126.90178,37.58574],[126.90202,37.58597],[126.90225,37.58662],[126.90311,37.58771],[126.90347,37.58787],[126.90362,37.58812],[126.90244,37.58873],[126.9013,37.58902],[126.9009,37.58922],[126.90029,37.58923],[126.89964,37.58982]]]},"properties":{"g":"11380","gn":"은평구","d":"10100","n":"수색동"},"id":"LT_C_ADEMD_INFO.1779"},
{"type":"Feature","geometry":{"type":"Polygon","coordinates":[[[126.94818,37.60862],[126.94744,37.60945],[126.94699,37.61014],[126.94611,37.61058],[126.94414,37.61036],[126.94343,37.61006],[126.94258,37.61026],[126.9416,37.61067],[126.94094,37.61071],[126.93909,37.61061],[126.93771,37.61004],[126.93696,37.60981],[126.93568,37.60976],[126.93302,37.60936],[126.93284,37.60939],[126.93145,37.60876],[126.93001,37.6084],[126.92922,37.60835],[126.92851,37.60843],[126.92769,37.60892],[126.92717,37.60908],[126.92656,37.60884],[126.92533,37.60799],[126.92352,37.60726],[126.92274,37.60645],[126.92266,37.60548],[126.92076,37.60171],[126.92241,37.60158],[126.92641,37.60242],[126.92714,37.60203],[126.92793,37.60172],[126.9285,37.60164],[126.9348,37.60105],[126.93531,37.60082],[126.9358,37.60079],[126.93634,37.59981],[126.93839,37.59795],[126.93871,37.59752],[126.93944,37.59786],[126.93968,37.59798],[126.94088,37.59872],[126.94138,37.60068],[126.94109,37.60113],[126.93984,37.60187],[126.93981,37.60278],[126.93996,37.60308],[126.94124,37.60313],[126.94213,37.60494],[126.94367,37.60504],[126.94374,37.60621],[126.94418,37.60646],[126.94539,37.60695],[126.94621,37.60739],[126.94705,37.60814],[126.94818,37.60862]]]},"properties":{"g":"11380","gn":"은평구","d":"10200","n":"녹번동"},"id":"LT_C_ADEMD_INFO.1781"},
{"type":"Feature","geometry":{"type":"Polygon","coordinates":[[[126.91946,37.6282],[126.91854,37.62849],[126.91704,37.62867],[126.91649,37.62951],[126.91621,37.62971],[126.91588,37.62939],[126.91515,37.6309],[126.91443,37.6309],[126.91375,37.63063],[126.91261,37.63067],[126.912,37.63051],[126.91113,37.62975],[126.90996,37.62922],[126.9088,37.62909],[126.9089,37.62746],[126.90861,37.62627],[126.90744,37.62509],[126.90663,37.6245],[126.907,37.62394],[126.90714,37.62331],[126.90712,37.62194],[126.90628,37.62135],[126.90561,37.6207],[126.90521,37.61987],[126.90586,37.61918],[126.90681,37.61732],[126.90734,37.61667],[126.90753,37.61651],[126.90774,37.61635],[126.90818,37.616],[126.9084,37.61583],[126.90867,37.61561],[126.90896,37.61539],[126.90917,37.61522],[126.90922,37.61518],[126.90927,37.61513],[126.90941,37.61486],[126.91018,37.61428],[126.91061,37.61412],[126.91233,37.6135],[126.91301,37.61325],[126.91519,37.61247],[126.91584,37.61209],[126.91646,37.61172],[126.91729,37.6113],[126.91791,37.61501],[126.92005,37.61823],[126.92058,37.61865],[126.92127,37.61884],[126.92047,37.61978],[126.92017,37.62028],[126.91993,37.62123],[126.91975,37.62229],[126.91996,37.62432],[126.92014,37.62432],[126.92027,37.62557],[126.9202,37.62646],[126.9198,37.62776],[126.91946,37.6282]]]},"properties":{"g":"11380","gn":"은평구","d":"10400","n":"갈현동"},"id":"LT_C_ADEMD_INFO.1782"},
{"type":"Feature","geometry":{"type":"Polygon","coordinates":[[[126.93145,37.60876],[126.93284,37.60939],[126.93302,37.60936],[126.93568,37.60976],[126.93696,37.60981],[126.93771,37.61004],[126.93909,37.61061],[126.94094,37.61071],[126.9416,37.61067],[126.94258,37.61026],[126.94343,37.61006],[126.94414,37.61036],[126.94611,37.61058],[126.94699,37.61014],[126.94744,37.60945],[126.94818,37.60862],[126.94872,37.60903],[126.94912,37.6098],[126.94968,37.61026],[126.95036,37.61062],[126.94981,37.61166],[126.95008,37.61216],[126.95071,37.61352],[126.95077,37.61386],[126.95056,37.61512],[126.9507,37.61553],[126.95045,37.61608],[126.95013,37.61764],[126.94984,37.61877],[126.9499,37.62092],[126.94923,37.62234],[126.9489,37.62325],[126.949,37.62434],[126.94966,37.62528],[126.94887,37.62584],[126.9475,37.62603],[126.94689,37.62577],[126.94598,37.62597],[126.94453,37.62608],[126.94415,37.62577],[126.94222,37.62607],[126.94149,37.62614],[126.94068,37.62606],[126.93828,37.62601],[126.93779,37.62614],[126.93619,37.62615],[126.93579,37.62637],[126.93401,37.62667],[126.93259,37.62641],[126.93203,37.6264],[126.93123,37.62783],[126.93072,37.62813],[126.9299,37.62826],[126.92858,37.62883],[126.9283,37.62881],[126.92732,37.62905],[126.92691,37.62948],[126.92543,37.62957],[126.925,37.62976],[126.92438,37.62945],[126.92361,37.62932],[126.92252,37.62833],[126.92203,37.62846],[126.92014,37.62836],[126.91946,37.6282],[126.9198,37.62776],[126.9202,37.62646],[126.92027,37.62557],[126.92014,37.62432],[126.91996,37.62432],[126.91975,37.62229],[126.91993,37.62123],[126.92017,37.62028],[126.92047,37.61978],[126.92127,37.61884],[126.92273,37.61714],[126.92414,37.61606],[126.92465,37.6159],[126.92508,37.6154],[126.92574,37.61502],[126.92832,37.61204],[126.92899,37.61152],[126.93067,37.60956],[126.93145,37.60876]]]},"properties":{"g":"11380","gn":"은평구","d":"10300","n":"불광동"},"id":"LT_C_ADEMD_INFO.1784"},
{"type":"Feature","geometry":{"type":"Polygon","coordinates":[[[126.90734,37.61667],[126.90681,37.61732],[126.90586,37.61918],[126.90521,37.61987],[126.90523,37.61907],[126.90427,37.61883],[126.90336,37.61884],[126.90334,37.61831],[126.90305,37.61809],[126.90313,37.6173],[126.90248,37.6169],[126.90182,37.61575],[126.90192,37.61509],[126.90173,37.61478],[126.90173,37.61407],[126.90091,37.61272],[126.90096,37.61235],[126.9003,37.61119],[126.9007,37.61032],[126.9006,37.60932],[126.90078,37.60844],[126.90141,37.60619],[126.90173,37.60575],[126.90213,37.60554],[126.90228,37.60561],[126.90252,37.60561],[126.90298,37.60559],[126.90344,37.60522],[126.90398,37.60502],[126.90477,37.60453],[126.90667,37.60518],[126.90779,37.60502],[126.90879,37.60538],[126.90943,37.60544],[126.90958,37.60629],[126.9097,37.60762],[126.91076,37.60754],[126.91517,37.60744],[126.91567,37.60863],[126.91655,37.60979],[126.91714,37.61087],[126.91721,37.61106],[126.91729,37.6113],[126.91646,37.61172],[126.91584,37.61209],[126.91519,37.61247],[126.91301,37.61325],[126.91233,37.6135],[126.91061,37.61412],[126.91018,37.61428],[126.90941,37.61486],[126.90927,37.61513],[126.90922,37.61518],[126.90917,37.61522],[126.90896,37.61539],[126.90867,37.61561],[126.9084,37.61583],[126.90818,37.616],[126.90774,37.61635],[126.90753,37.61651],[126.90734,37.61667]]]},"properties":{"g":"11380","gn":"은평구","d":"10500","n":"구산동"},"id":"LT_C_ADEMD_INFO.1786"},
{"type":"Feature","geometry":{"type":"Polygon","coordinates":[[[126.91729,37.6113],[126.91751,37.6111],[126.91979,37.60973],[126.92016,37.60942],[126.92274,37.60645],[126.92352,37.60726],[126.92533,37.60799],[126.92656,37.60884],[126.92717,37.60908],[126.92769,37.60892],[126.92851,37.60843],[126.92922,37.60835],[126.93001,37.6084],[126.93145,37.60876],[126.93067,37.60956],[126.92899,37.61152],[126.92832,37.61204],[126.92574,37.61502],[126.92508,37.6154],[126.92465,37.6159],[126.92414,37.61606],[126.92273,37.61714],[126.92127,37.61884],[126.92058,37.61865],[126.92005,37.61823],[126.91791,37.61501],[126.91729,37.6113]]]},"properties":{"g":"11380","gn":"은평구","d":"10600","n":"대조동"},"id":"LT_C_ADEMD_INFO.1787"},
{"type":"Feature","geometry":{"type":"Polygon","coordinates":[[[126.93871,37.59752],[126.93839,37.59795],[126.93634,37.59981],[126.9358,37.60079],[126.93531,37.60082],[126.9348,37.60105],[126.9285,37.60164],[126.92793,37.60172],[126.92714,37.60203],[126.92641,37.60242],[126.92241,37.60158],[126.92076,37.60171],[126.92028,37.60092],[126.91967,37.60044],[126.91909,37.60019],[126.91754,37.59977],[126.91593,37.59911],[126.91586,37.59899],[126.91463,37.59431],[126.9135,37.59014],[126.9132,37.58865],[126.91284,37.58722],[126.9157,37.58598],[126.91531,37.58542],[126.91601,37.58562],[126.91601,37.5853],[126.91568,37.58499],[126.91567,37.58432],[126.91594,37.58309],[126.91703,37.58326],[126.91775,37.58323],[126.91889,37.58338],[126.91955,37.58321],[126.91986,37.5833],[126.92025,37.58296],[126.92086,37.58294],[126.92126,37.58334],[126.92175,37.58346],[126.92199,37.58408],[126.92185,37.58469],[126.92242,37.58535],[126.92277,37.58557],[126.92365,37.58615],[126.92386,37.5871],[126.92507,37.58724],[126.92573,37.58714],[126.92631,37.58729],[126.92774,37.58807],[126.928,37.58839],[126.9276,37.58939],[126.92794,37.58994],[126.92765,37.59052],[126.92797,37.59104],[126.92776,37.59158],[126.92854,37.59228],[126.92884,37.59285],[126.92932,37.59333],[126.93025,37.59455],[126.93131,37.59502],[126.9316,37.59541],[126.93221,37.5958],[126.93279,37.59631],[126.93384,37.59665],[126.93452,37.59663],[126.93678,37.59765],[126.93754,37.59787],[126.93864,37.5975],[126.93871,37.59752]]]},"properties":{"g":"11380","gn":"은평구","d":"10700","n":"응암동"},"id":"LT_C_ADEMD_INFO.1788"},
{"type":"Feature","geometry":{"type":"Polygon","coordinates":[[[126.90173,37.60575],[126.90151,37.60536],[126.90203,37.60427],[126.90211,37.60374],[126.90257,37.60372],[126.9037,37.60346],[126.90427,37.60317],[126.90492,37.60325],[126.90563,37.60267],[126.90611,37.60216],[126.90674,37.60177],[126.90786,37.60153],[126.90856,37.60205],[126.91034,37.60199],[126.91364,37.60102],[126.91443,37.60011],[126.91497,37.60003],[126.91467,37.59885],[126.91593,37.59911],[126.91754,37.59977],[126.91909,37.60019],[126.91967,37.60044],[126.92028,37.60092],[126.92076,37.60171],[126.92266,37.60548],[126.92274,37.60645],[126.92016,37.60942],[126.91979,37.60973],[126.91751,37.6111],[126.91729,37.6113],[126.91721,37.61106],[126.91714,37.61087],[126.91655,37.60979],[126.91567,37.60863],[126.91517,37.60744],[126.91076,37.60754],[126.9097,37.60762],[126.90958,37.60629],[126.90943,37.60544],[126.90879,37.60538],[126.90779,37.60502],[126.90667,37.60518],[126.90477,37.60453],[126.90398,37.60502],[126.90344,37.60522],[126.90298,37.60559],[126.90252,37.60561],[126.90228,37.60561],[126.90213,37.60554],[126.90173,37.60575]]]},"properties":{"g":"11380","gn":"은평구","d":"10800","n":"역촌동"},"id":"LT_C_ADEMD_INFO.1789"},
{"type":"Feature","geometry":{"type":"Polygon","coordinates":[[[126.91593,37.59911],[126.91467,37.59885],[126.91497,37.60003],[126.91443,37.60011],[126.91364,37.60102],[126.91034,37.60199],[126.90856,37.60205],[126.90786,37.60153],[126.90674,37.60177],[126.90611,37.60216],[126.90563,37.60267],[126.90492,37.60325],[126.90427,37.60317],[126.9037,37.60346],[126.90257,37.60372],[126.90211,37.60374],[126.90131,37.6034],[126.90077,37.60337],[126.90015,37.60312],[126.9002,37.60257],[126.89998,37.60204],[126.90029,37.60123],[126.90101,37.60018],[126.90102,37.59987],[126.90132,37.59937],[126.90125,37.59791],[126.90101,37.59734],[126.90121,37.5963],[126.90163,37.596],[126.90183,37.59514],[126.90035,37.59421],[126.89978,37.59339],[126.89896,37.59268],[126.89957,37.59169],[126.89971,37.59099],[126.89958,37.59067],[126.89975,37.58994],[126.89964,37.58982],[126.90029,37.58923],[126.9009,37.58922],[126.9013,37.58902],[126.90244,37.58873],[126.90362,37.58812],[126.90442,37.58809],[126.90497,37.58852],[126.90592,37.58883],[126.90688,37.58845],[126.90753,37.58875],[126.9077,37.58909],[126.9081,37.58937],[126.90891,37.58925],[126.9104,37.58926],[126.91064,37.58936],[126.91114,37.58907],[126.9132,37.58865],[126.9135,37.59014],[126.91463,37.59431],[126.91586,37.59899],[126.91593,37.59911]]]},"properties":{"g":"11380","gn":"은평구","d":"10900","n":"신사동"},"id":"LT_C_ADEMD_INFO.1790"},
{"type":"Feature","geometry":{"type":"Polygon","coordinates":[[[126.9132,37.58865],[126.91114,37.58907],[126.91064,37.58936],[126.9104,37.58926],[126.90891,37.58925],[126.9081,37.58937],[126.9077,37.58909],[126.90753,37.58875],[126.90688,37.58845],[126.90592,37.58883],[126.90497,37.58852],[126.90442,37.58809],[126.90362,37.58812],[126.90347,37.58787],[126.90311,37.58771],[126.90225,37.58662],[126.90202,37.58597],[126.90178,37.58574],[126.90155,37.58516],[126.90155,37.58462],[126.90199,37.58377],[126.90194,37.58338],[126.90217,37.58256],[126.90187,37.58176],[126.90199,37.58123],[126.90238,37.58081],[126.90218,37.58064],[126.90109,37.58034],[126.90014,37.57984],[126.90005,37.57958],[126.89905,37.57928],[126.89898,37.579],[126.90117,37.5774],[126.90189,37.57688],[126.90193,37.57685],[126.90206,37.57676],[126.90328,37.57791],[126.90412,37.57849],[126.9119,37.58581],[126.91224,37.5862],[126.91284,37.58722],[126.9132,37.58865]]]},"properties":{"g":"11380","gn":"은평구","d":"11000","n":"증산동"},"id":"LT_C_ADEMD_INFO.1791"},
{"type":"Feature","geometry":{"type":"Polygon","coordinates":[[[126.91946,37.6282],[126.92014,37.62836],[126.92203,37.62846],[126.92252,37.62833],[126.92361,37.62932],[126.92438,37.62945],[126.925,37.62976],[126.92543,37.62957],[126.92691,37.62948],[126.92732,37.62905],[126.9283,37.62881],[126.92858,37.62883],[126.9299,37.62826],[126.93072,37.62813],[126.93123,37.62783],[126.93203,37.6264],[126.93259,37.62641],[126.93401,37.62667],[126.93579,37.62637],[126.93619,37.62615],[126.93779,37.62614],[126.93828,37.62601],[126.94068,37.62606],[126.94149,37.62614],[126.94222,37.62607],[126.94415,37.62577],[126.94453,37.62608],[126.94598,37.62597],[126.94689,37.62577],[126.9475,37.62603],[126.94887,37.62584],[126.94966,37.62528],[126.95041,37.62642],[126.95158,37.62656],[126.95198,37.62687],[126.95276,37.62707],[126.95349,37.62737],[126.95403,37.62736],[126.9552,37.62815],[126.95557,37.62825],[126.95638,37.62822],[126.95673,37.62862],[126.95747,37.62913],[126.95842,37.62947],[126.95876,37.62959],[126.95982,37.62976],[126.96162,37.63189],[126.96333,37.63325],[126.96254,37.63582],[126.9616,37.63712],[126.9616,37.63799],[126.96086,37.63876],[126.96051,37.63983],[126.96013,37.64054],[126.95997,37.64146],[126.95927,37.64213],[126.95937,37.6432],[126.95902,37.64388],[126.95912,37.64435],[126.95891,37.64476],[126.95915,37.64575],[126.95892,37.64614],[126.95903,37.64678],[126.95838,37.64765],[126.95784,37.64805],[126.95785,37.64845],[126.95756,37.64904],[126.95779,37.64981],[126.95746,37.65187],[126.95711,37.65284],[126.95641,37.65317],[126.95542,37.6539],[126.95532,37.65422],[126.95435,37.6546],[126.95395,37.6553],[126.95321,37.65493],[126.95186,37.65486],[126.95138,37.65495],[126.95077,37.65549],[126.94979,37.65591],[126.9492,37.65677],[126.94883,37.65697],[126.94788,37.65713],[126.94799,37.65771],[126.948,37.65857],[126.94756,37.65922],[126.94643,37.65876],[126.9444,37.65816],[126.94334,37.65806],[126.9421,37.65772],[126.94013,37.65664],[126.93967,37.65624],[126.93881,37.65528],[126.93846,37.65477],[126.93716,37.65232],[126.93628,37.65158],[126.93571,37.6512],[126.93389,37.65073],[126.93222,37.65039],[126.93185,37.65023],[126.93143,37.65033],[126.93028,37.65023],[126.9297,37.65005],[126.92797,37.64887],[126.92713,37.6481],[126.92412,37.64611],[126.92286,37.64588],[126.92147,37.64578],[126.91734,37.64526],[126.91519,37.64512],[126.91461,37.64491],[126.91372,37.64476],[126.9134,37.645],[126.91233,37.64518],[126.91131,37.64582],[126.91086,37.64601],[126.90973,37.64688],[126.90864,37.64742],[126.90841,37.64726],[126.90711,37.64806],[126.90554,37.64889],[126.90562,37.64848],[126.90729,37.64694],[126.9077,37.64629],[126.90878,37.64581],[126.91014,37.64508],[126.91118,37.64476],[126.91228,37.64432],[126.91207,37.64378],[126.91115,37.64098],[126.91079,37.64003],[126.91009,37.63851],[126.91032,37.63791],[126.91121,37.63591],[126.91085,37.63532],[126.90981,37.63494],[126.90912,37.63433],[126.9071,37.6334],[126.9062,37.63322],[126.90676,37.63274],[126.90693,37.6318],[126.90729,37.63087],[126.90812,37.63006],[126.90838,37.62999],[126.9088,37.62909],[126.90996,37.62922],[126.91113,37.62975],[126.912,37.63051],[126.91261,37.63067],[126.91375,37.63063],[126.91443,37.6309],[126.91515,37.6309],[126.91588,37.62939],[126.91621,37.62971],[126.91649,37.62951],[126.91704,37.62867],[126.91854,37.62849],[126.91946,37.6282]]]},"properties":{"g":"11380","gn":"은평구","d":"11400","n":"진관동"},"id":"LT_C_ADEMD_INFO.1792"},
{"type":"Feature","geometry":{"type":"Polygon","coordinates":[[[126.9662,37.56502],[126.96633,37.56518],[126.96709,37.56529],[126.96698,37.56551],[126.9667,37.56582],[126.96571,37.56678],[126.96531,37.56633],[126.96466,37.56607],[126.9645,37.56641],[126.96388,37.56626],[126.96289,37.56621],[126.96307,37.5655],[126.9621,37.5654],[126.96145,37.56562],[126.96085,37.5653],[126.96125,37.5648],[126.96188,37.56472],[126.96202,37.56371],[126.96227,37.56336],[126.96292,37.56348],[126.9642,37.56338],[126.96551,37.56319],[126.96588,37.56349],[126.96592,37.56415],[126.96626,37.56413],[126.96616,37.56503],[126.9662,37.56502]]]},"properties":{"g":"11410","gn":"서대문구","d":"10100","n":"충정로2가"},"id":"LT_C_ADEMD_INFO.1793"},
{"type":"Feature","geometry":{"type":"Polygon","coordinates":[[[126.96085,37.5653],[126.95996,37.56554],[126.9597,37.56549],[126.95931,37.56545],[126.95928,37.56545],[126.95897,37.56541],[126.95899,37.5654],[126.959,37.56537],[126.95902,37.56532],[126.95908,37.5651],[126.95913,37.56496],[126.95917,37.56481],[126.95914,37.56449],[126.95914,37.56436],[126.95913,37.56432],[126.95911,37.56426],[126.95897,37.56426],[126.95873,37.56404],[126.95871,37.56395],[126.95874,37.56385],[126.95878,37.56379],[126.95903,37.5634],[126.95909,37.56306],[126.9592,37.56303],[126.95918,37.5629],[126.95918,37.56288],[126.95914,37.56269],[126.95927,37.56212],[126.95929,37.56208],[126.95929,37.56207],[126.9594,37.56194],[126.95958,37.5617],[126.95975,37.5612],[126.95987,37.56111],[126.96002,37.56101],[126.96056,37.56096],[126.96065,37.56083],[126.96068,37.56075],[126.9607,37.56066],[126.96071,37.56061],[126.96071,37.56053],[126.96073,37.56026],[126.96073,37.56011],[126.96074,37.55996],[126.96075,37.55983],[126.96086,37.55968],[126.96118,37.55945],[126.96121,37.55942],[126.96126,37.55937],[126.96128,37.5593],[126.96131,37.55924],[126.96131,37.5592],[126.9615,37.55909],[126.96165,37.55909],[126.96168,37.55903],[126.96331,37.55922],[126.964,37.55947],[126.96545,37.56029],[126.96473,37.56082],[126.96465,37.5613],[126.96438,37.56149],[126.96494,37.56221],[126.9653,37.56242],[126.9656,37.56292],[126.96551,37.56319],[126.9642,37.56338],[126.96292,37.56348],[126.96227,37.56336],[126.96202,37.56371],[126.96188,37.56472],[126.96125,37.5648],[126.96085,37.5653]]]},"properties":{"g":"11410","gn":"서대문구","d":"10200","n":"충정로3가"},"id":"LT_C_ADEMD_INFO.1794"},
{"type":"Feature","geometry":{"type":"Polygon","coordinates":[[[126.96808,37.56165],[126.96797,37.56225],[126.96674,37.5624],[126.96643,37.56229],[126.9653,37.56242],[126.96494,37.56221],[126.96438,37.56149],[126.96465,37.5613],[126.96473,37.56082],[126.96545,37.56029],[126.96683,37.56127],[126.96808,37.56165]]]},"properties":{"g":"11410","gn":"서대문구","d":"10300","n":"합동"},"id":"LT_C_ADEMD_INFO.1795"},
{"type":"Feature","geometry":{"type":"Polygon","coordinates":[[[126.9653,37.56242],[126.96643,37.56229],[126.96674,37.5624],[126.96797,37.56225],[126.96808,37.56165],[126.96946,37.56198],[126.96896,37.56291],[126.96756,37.56488],[126.96698,37.56551],[126.96709,37.56529],[126.96633,37.56518],[126.9662,37.56502],[126.96616,37.56503],[126.96626,37.56413],[126.96592,37.56415],[126.96588,37.56349],[126.96551,37.56319],[126.9656,37.56292],[126.9653,37.56242]]]},"properties":{"g":"11410","gn":"서대문구","d":"10400","n":"미근동"},"id":"LT_C_ADEMD_INFO.1796"},
{"type":"Feature","geometry":{"type":"Polygon","coordinates":[[[126.96291,37.56969],[126.96275,37.56959],[126.96289,37.56943],[126.96306,37.56916],[126.96393,37.56842],[126.96312,37.56788],[126.96184,37.56813],[126.96137,37.56756],[126.96044,37.56693],[126.96013,37.56698],[126.95941,37.56625],[126.95927,37.56623],[126.959,37.56582],[126.95872,37.56589],[126.95878,37.56581],[126.95884,37.56574],[126.95885,37.56571],[126.95889,37.56563],[126.9589,37.56558],[126.95893,37.56552],[126.95894,37.5655],[126.95895,37.56546],[126.95897,37.56541],[126.95928,37.56545],[126.95931,37.56545],[126.9597,37.56549],[126.95996,37.56554],[126.96085,37.5653],[126.96145,37.56562],[126.9621,37.5654],[126.96307,37.5655],[126.96289,37.56621],[126.96388,37.56626],[126.9645,37.56641],[126.96466,37.56607],[126.96531,37.56633],[126.96571,37.56678],[126.96557,37.56691],[126.964,37.56863],[126.96291,37.56968],[126.96291,37.56969]]]},"properties":{"g":"11410","gn":"서대문구","d":"10500","n":"냉천동"},"id":"LT_C_ADEMD_INFO.1797"},
{"type":"Feature","geometry":{"type":"Polygon","coordinates":[[[126.96289,37.56943],[126.96247,37.56924],[126.96174,37.56937],[126.96101,37.56939],[126.95982,37.5691],[126.95918,37.56931],[126.95813,37.56907],[126.95768,37.5687],[126.95685,37.56822],[126.956,37.56814],[126.95569,37.56773],[126.95556,37.56732],[126.95615,37.56692],[126.95658,37.5667],[126.95695,37.56659],[126.95756,37.56632],[126.95773,37.56636],[126.95789,37.56636],[126.95817,37.56631],[126.95832,37.56624],[126.95854,37.56611],[126.95866,37.56596],[126.95872,37.56589],[126.959,37.56582],[126.95927,37.56623],[126.95941,37.56625],[126.96013,37.56698],[126.96044,37.56693],[126.96137,37.56756],[126.96184,37.56813],[126.96312,37.56788],[126.96393,37.56842],[126.96306,37.56916],[126.96289,37.56943]]]},"properties":{"g":"11410","gn":"서대문구","d":"10600","n":"천연동"},"id":"LT_C_ADEMD_INFO.1798"},
{"type":"Feature","geometry":{"type":"Polygon","coordinates":[[[126.96048,37.57199],[126.9583,37.57125],[126.95717,37.57114],[126.95551,37.57125],[126.95516,37.57118],[126.95496,37.5706],[126.95419,37.57005],[126.9537,37.56948],[126.95418,37.56913],[126.9547,37.5688],[126.95485,37.56871],[126.95501,37.56852],[126.95515,37.56832],[126.95527,37.56832],[126.95617,37.56878],[126.95723,37.56954],[126.95924,37.56998],[126.9597,37.57022],[126.96074,37.57006],[126.96182,37.5702],[126.96275,37.56959],[126.96291,37.56969],[126.96048,37.57199]]]},"properties":{"g":"11410","gn":"서대문구","d":"10800","n":"영천동"},"id":"LT_C_ADEMD_INFO.1800"},
{"type":"Feature","geometry":{"type":"Polygon","coordinates":[[[126.92719,37.56179],[126.92669,37.56083],[126.92659,37.55885],[126.93279,37.55658],[126.93686,37.5551],[126.94107,37.55648],[126.94102,37.55662],[126.94075,37.55731],[126.94167,37.55741],[126.94165,37.55766],[126.9416,37.55856],[126.94158,37.55902],[126.94137,37.55911],[126.94043,37.55908],[126.94041,37.55922],[126.94051,37.55934],[126.94061,37.55935],[126.93985,37.55958],[126.93916,37.56],[126.93883,37.55986],[126.93795,37.5599],[126.9373,37.55968],[126.93672,37.55995],[126.93543,37.56091],[126.93502,37.56134],[126.93417,37.56185],[126.93314,37.56197],[126.93238,37.56218],[126.93193,37.56248],[126.93139,37.56173],[126.93142,37.56123],[126.93053,37.56092],[126.92957,37.56089],[126.9288,37.56108],[126.92848,37.561],[126.92804,37.56132],[126.92787,37.56164],[126.92719,37.56179]]]},"properties":{"g":"11410","gn":"서대문구","d":"11600","n":"창천동"},"id":"LT_C_ADEMD_INFO.1801"},
{"type":"Feature","geometry":{"type":"Polygon","coordinates":[[[126.95356,37.57875],[126.95285,37.5781],[126.9524,37.57787],[126.95221,37.57741],[126.95173,37.57718],[126.9511,37.57658],[126.94965,37.57575],[126.94895,37.57573],[126.94903,37.57465],[126.94968,37.57418],[126.94985,37.57367],[126.95017,37.57322],[126.95018,37.57276],[126.95063,37.57216],[126.95103,37.57094],[126.95145,37.57078],[126.95174,37.5704],[126.9521,37.57027],[126.95254,37.57007],[126.9532,37.56957],[126.9537,37.56948],[126.95419,37.57005],[126.95496,37.5706],[126.95516,37.57118],[126.95551,37.57125],[126.95717,37.57114],[126.9583,37.57125],[126.96048,37.57199],[126.9594,37.57305],[126.95834,37.5741],[126.95637,37.57568],[126.95563,37.57659],[126.95545,37.57654],[126.95467,37.57751],[126.95356,37.57875]]]},"properties":{"g":"11410","gn":"서대문구","d":"10900","n":"현저동"},"id":"LT_C_ADEMD_INFO.1802"},
{"type":"Feature","geometry":{"type":"Polygon","coordinates":[[[126.94391,37.543],[126.94344,37.54294],[126.94288,37.54336],[126.94213,37.54369],[126.94147,37.54416],[126.94081,37.54381],[126.93994,37.54385],[126.93945,37.54404],[126.93863,37.5441],[126.93855,37.544],[126.93731,37.54266],[126.93721,37.54241],[126.93672,37.54144],[126.93534,37.53935],[126.9372,37.53847],[126.93856,37.54032],[126.93942,37.54043],[126.93998,37.54106],[126.94213,37.53954],[126.94262,37.53998],[126.94387,37.53909],[126.94458,37.53979],[126.94479,37.54004],[126.94497,37.54098],[126.94553,37.54145],[126.94365,37.54276],[126.94391,37.543]]]},"properties":{"g":"11440","gn":"마포구","d":"10500","n":"용강동"},"id":"LT_C_ADEMD_INFO.1803"},
{"type":"Feature","geometry":{"type":"Polygon","coordinates":[[[126.94213,37.53954],[126.93998,37.54106],[126.93942,37.54043],[126.93856,37.54032],[126.9372,37.53847],[126.93856,37.53784],[126.94035,37.5367],[126.94163,37.53796],[126.9417,37.53814],[126.94124,37.53874],[126.94213,37.53954]]]},"properties":{"g":"11440","gn":"마포구","d":"10600","n":"토정동"},"id":"LT_C_ADEMD_INFO.1804"},
{"type":"Feature","geometry":{"type":"Polygon","coordinates":[[[126.94955,37.56562],[126.94928,37.56531],[126.94913,37.56513],[126.94952,37.56448],[126.94976,37.56378],[126.94963,37.56289],[126.94978,37.56191],[126.95019,37.56117],[126.94987,37.56069],[126.94987,37.55985],[126.94944,37.55969],[126.94911,37.55898],[126.94803,37.55879],[126.94819,37.5584],[126.94839,37.55824],[126.94894,37.55699],[126.94896,37.55699],[126.94945,37.55702],[126.94967,37.55703],[126.94983,37.55704],[126.94992,37.55704],[126.95264,37.5572],[126.95265,37.5572],[126.95581,37.55739],[126.95623,37.55741],[126.95829,37.5573],[126.95861,37.55728],[126.95865,37.55728],[126.95887,37.55726],[126.95932,37.55738],[126.95964,37.55766],[126.96012,37.5577],[126.96082,37.55842],[126.96115,37.55875],[126.96169,37.55898],[126.96168,37.55903],[126.96165,37.55909],[126.9615,37.55909],[126.96131,37.5592],[126.96131,37.55924],[126.96128,37.5593],[126.96126,37.55937],[126.96121,37.55942],[126.96118,37.55945],[126.96086,37.55968],[126.96075,37.55983],[126.96074,37.55996],[126.96073,37.56011],[126.96073,37.56026],[126.96071,37.56053],[126.96071,37.56061],[126.9607,37.56066],[126.96068,37.56075],[126.96065,37.56083],[126.96056,37.56096],[126.96002,37.56101],[126.95987,37.56111],[126.95975,37.5612],[126.95958,37.5617],[126.9594,37.56194],[126.95929,37.56207],[126.95929,37.56208],[126.95927,37.56212],[126.95914,37.56269],[126.95918,37.56288],[126.95918,37.5629],[126.9592,37.56303],[126.95909,37.56306],[126.95903,37.5634],[126.95878,37.56379],[126.95874,37.56385],[126.95871,37.56395],[126.95873,37.56404],[126.95897,37.56426],[126.95911,37.56426],[126.95913,37.56432],[126.95914,37.56436],[126.95914,37.56449],[126.95917,37.56481],[126.95913,37.56496],[126.95908,37.5651],[126.95902,37.56532],[126.959,37.56537],[126.95899,37.5654],[126.95897,37.56541],[126.95895,37.56546],[126.95894,37.5655],[126.95893,37.56552],[126.9589,37.56558],[126.95889,37.56563],[126.95885,37.56571],[126.95884,37.56574],[126.95878,37.56581],[126.95866,37.56596],[126.95854,37.56611],[126.95832,37.56624],[126.95817,37.56631],[126.95789,37.56636],[126.95773,37.56636],[126.95756,37.56632],[126.95695,37.56659],[126.95658,37.5667],[126.95615,37.56692],[126.95556,37.56732],[126.95569,37.56773],[126.956,37.56814],[126.95532,37.56828],[126.95515,37.56832],[126.95501,37.56852],[126.95485,37.56871],[126.9547,37.5688],[126.95418,37.56913],[126.9537,37.56948],[126.9532,37.56957],[126.95254,37.57007],[126.9521,37.57027],[126.95174,37.5704],[126.95187,37.57023],[126.95186,37.57018],[126.95168,37.56937],[126.95124,37.56893],[126.95124,37.5687],[126.95098,37.5682],[126.95093,37.56814],[126.9509,37.56811],[126.95084,37.56803],[126.95081,37.568],[126.95026,37.56713],[126.95027,37.56679],[126.95025,37.56654],[126.94969,37.56598],[126.94955,37.56562]]]},"properties":{"g":"11410","gn":"서대문구","d":"11000","n":"북아현동"},"id":"LT_C_ADEMD_INFO.1805"},
{"type":"Feature","geometry":{"type":"Polygon","coordinates":[[[126.95634,37.59892],[126.95627,37.59874],[126.95628,37.59757],[126.95601,37.59613],[126.9555,37.59584],[126.95471,37.59611],[126.95375,37.59658],[126.95301,37.59665],[126.95205,37.59604],[126.95131,37.59596],[126.94983,37.598],[126.94887,37.59838],[126.94765,37.5985],[126.94709,37.59827],[126.94655,37.59769],[126.94641,37.59698],[126.94692,37.5955],[126.94693,37.59447],[126.9451,37.59225],[126.94375,37.59213],[126.94212,37.59165],[126.94074,37.59067],[126.93998,37.59032],[126.93909,37.58971],[126.93836,37.58951],[126.93733,37.58896],[126.93674,37.58878],[126.93632,37.58829],[126.93585,37.58742],[126.93554,37.58652],[126.93547,37.58582],[126.93579,37.58469],[126.93599,37.58422],[126.9369,37.58285],[126.93728,37.5826],[126.93778,37.58287],[126.93796,37.58322],[126.93882,37.58363],[126.9394,37.58417],[126.94091,37.58387],[126.942,37.58396],[126.94179,37.58339],[126.94185,37.58284],[126.94147,37.58231],[126.94185,37.58105],[126.94296,37.5807],[126.94328,37.58032],[126.94387,37.58029],[126.94384,37.57965],[126.9443,37.57802],[126.94471,37.57754],[126.94572,37.57736],[126.94721,37.57685],[126.94793,37.57589],[126.94895,37.57573],[126.94965,37.57575],[126.9511,37.57658],[126.95173,37.57718],[126.95221,37.57741],[126.9524,37.57787],[126.95285,37.5781],[126.95356,37.57875],[126.95438,37.5791],[126.95511,37.5793],[126.95568,37.57968],[126.9572,37.57982],[126.95722,37.58035],[126.95803,37.58074],[126.95816,37.58117],[126.95756,37.58225],[126.95765,37.58317],[126.95798,37.58412],[126.95782,37.585],[126.95746,37.58602],[126.95737,37.58708],[126.95746,37.58795],[126.95733,37.5887],[126.95748,37.59005],[126.95782,37.59146],[126.95781,37.59257],[126.95751,37.59306],[126.95752,37.59353],[126.95854,37.59418],[126.95903,37.59479],[126.95905,37.59503],[126.95865,37.59586],[126.95871,37.59637],[126.9584,37.59714],[126.95827,37.59779],[126.95804,37.59816],[126.95634,37.59892]]]},"properties":{"g":"11410","gn":"서대문구","d":"11100","n":"홍제동"},"id":"LT_C_ADEMD_INFO.1806"},
{"type":"Feature","geometry":{"type":"Polygon","coordinates":[[[126.94819,37.5584],[126.94803,37.55879],[126.94911,37.55898],[126.94944,37.55969],[126.94987,37.55985],[126.94987,37.56069],[126.95019,37.56117],[126.94978,37.56191],[126.94963,37.56289],[126.94976,37.56378],[126.94952,37.56448],[126.94913,37.56513],[126.94928,37.56531],[126.94955,37.56562],[126.94873,37.56588],[126.94802,37.56606],[126.94793,37.56609],[126.94787,37.5661],[126.94766,37.5662],[126.94738,37.56631],[126.94739,37.56611],[126.94707,37.56532],[126.94696,37.56497],[126.94696,37.56496],[126.94695,37.56487],[126.94689,37.56478],[126.94675,37.56447],[126.94662,37.56423],[126.9464,37.56413],[126.94635,37.56403],[126.94623,37.56386],[126.9462,37.56381],[126.94617,37.56378],[126.94619,37.56372],[126.94616,37.56353],[126.9461,37.56341],[126.94587,37.56303],[126.9456,37.56272],[126.94506,37.56252],[126.94477,37.5625],[126.94424,37.56207],[126.94479,37.56195],[126.94484,37.56194],[126.94468,37.56168],[126.94499,37.56148],[126.94469,37.56076],[126.94453,37.56057],[126.94432,37.56058],[126.9442,37.56057],[126.94396,37.56055],[126.94346,37.56052],[126.94341,37.56049],[126.94342,37.56045],[126.9434,37.56013],[126.94337,37.56001],[126.9431,37.5595],[126.94311,37.55948],[126.94311,37.55944],[126.94299,37.55944],[126.942,37.55941],[126.94188,37.55942],[126.94144,37.55942],[126.94103,37.55939],[126.94103,37.55936],[126.94082,37.55936],[126.94061,37.55935],[126.94051,37.55934],[126.94041,37.55922],[126.94043,37.55908],[126.94137,37.55911],[126.94158,37.55902],[126.9416,37.55856],[126.94165,37.55766],[126.94167,37.55741],[126.94075,37.55731],[126.94102,37.55662],[126.94107,37.55648],[126.94114,37.5565],[126.94137,37.55655],[126.94166,37.55656],[126.94183,37.55657],[126.94184,37.55657],[126.94288,37.55664],[126.94651,37.55685],[126.94745,37.5569],[126.94894,37.55699],[126.94839,37.55824],[126.94819,37.5584]]]},"properties":{"g":"11410","gn":"서대문구","d":"11200","n":"대현동"},"id":"LT_C_ADEMD_INFO.1807"},
{"type":"Feature","geometry":{"type":"Polygon","coordinates":[[[126.94458,37.53979],[126.94387,37.53909],[126.94262,37.53998],[126.94213,37.53954],[126.94124,37.53874],[126.9417,37.53814],[126.94163,37.53796],[126.94035,37.5367],[126.94422,37.53424],[126.94459,37.53378],[126.94493,37.53423],[126.94482,37.53452],[126.9451,37.53496],[126.94591,37.53549],[126.94643,37.53572],[126.94687,37.53628],[126.94622,37.53786],[126.9462,37.53834],[126.94637,37.53879],[126.94568,37.53906],[126.94458,37.53979]]]},"properties":{"g":"11440","gn":"마포구","d":"10700","n":"마포동"},"id":"LT_C_ADEMD_INFO.1808"},
{"type":"Feature","geometry":{"type":"Polygon","coordinates":[[[126.9469,37.56793],[126.94642,37.56838],[126.94611,37.56924],[126.9456,37.56915],[126.94476,37.56912],[126.94473,37.56887],[126.9452,37.56756],[126.94577,37.56667],[126.94579,37.56591],[126.94521,37.56569],[126.94477,37.56582],[126.94442,37.56658],[126.94328,37.56698],[126.94254,37.56651],[126.9424,37.56621],[126.94323,37.56404],[126.94276,37.56376],[126.9428,37.5632],[126.94256,37.56274],[126.9419,37.56228],[126.94128,37.56209],[126.94045,37.56146],[126.94061,37.56101],[126.94041,37.56031],[126.94341,37.56051],[126.94346,37.56052],[126.94396,37.56055],[126.9442,37.56057],[126.94432,37.56058],[126.94453,37.56057],[126.94469,37.56076],[126.94499,37.56148],[126.94468,37.56168],[126.94484,37.56194],[126.94479,37.56195],[126.94424,37.56207],[126.94477,37.5625],[126.94506,37.56252],[126.9456,37.56272],[126.94587,37.56303],[126.9461,37.56341],[126.94616,37.56353],[126.94619,37.56372],[126.94617,37.56378],[126.9462,37.56381],[126.94623,37.56386],[126.94635,37.56403],[126.9464,37.56413],[126.94662,37.56423],[126.94675,37.56447],[126.94689,37.56478],[126.94695,37.56487],[126.94696,37.56496],[126.94696,37.56497],[126.94707,37.56532],[126.94739,37.56611],[126.94738,37.56631],[126.94737,37.56638],[126.94734,37.56655],[126.94729,37.56676],[126.9469,37.56793]]]},"properties":{"g":"11410","gn":"서대문구","d":"11300","n":"대신동"},"id":"LT_C_ADEMD_INFO.1809"},
{"type":"Feature","geometry":{"type":"MultiPolygon","coordinates":[[[[126.94969,37.56598],[126.95025,37.56654],[126.95027,37.56679],[126.95026,37.56713],[126.95081,37.568],[126.95084,37.56803],[126.9509,37.56811],[126.95093,37.56814],[126.95098,37.5682],[126.95124,37.5687],[126.95124,37.56893],[126.95168,37.56937],[126.95186,37.57018],[126.95187,37.57023],[126.95174,37.5704],[126.95145,37.57078],[126.95103,37.57094],[126.95093,37.57095],[126.94899,37.56938],[126.94859,37.56924],[126.94835,37.56884],[126.94759,37.56827],[126.9469,37.56793],[126.94729,37.56676],[126.94734,37.56655],[126.94737,37.56638],[126.94738,37.56631],[126.94766,37.5662],[126.94787,37.5661],[126.94793,37.56609],[126.94802,37.56606],[126.94873,37.56588],[126.94955,37.56562],[126.94969,37.56598]]],[[[126.9456,37.56915],[126.94537,37.56942],[126.94534,37.57009],[126.94422,37.57037],[126.94339,37.57096],[126.94281,37.57032],[126.94166,37.57038],[126.94134,37.57006],[126.94079,37.57001],[126.94017,37.56969],[126.93902,37.56927],[126.93856,37.56917],[126.9383,37.56836],[126.9372,37.56816],[126.93648,37.56752],[126.93647,37.5672],[126.93611,37.56698],[126.93588,37.56646],[126.93596,37.56554],[126.93571,37.5651],[126.93479,37.56443],[126.93495,37.56308],[126.93545,37.56272],[126.93521,37.56215],[126.93502,37.56134],[126.93543,37.56091],[126.93672,37.55995],[126.9373,37.55968],[126.93795,37.5599],[126.93883,37.55986],[126.93916,37.56],[126.93985,37.55958],[126.94061,37.55935],[126.94082,37.55936],[126.94103,37.55936],[126.94103,37.55939],[126.94144,37.55942],[126.94188,37.55942],[126.942,37.55941],[126.94299,37.55944],[126.94311,37.55944],[126.94311,37.55948],[126.9431,37.5595],[126.94337,37.56001],[126.9434,37.56013],[126.94342,37.56045],[126.94341,37.56049],[126.94341,37.56051],[126.94041,37.56031],[126.94061,37.56101],[126.94045,37.56146],[126.94128,37.56209],[126.9419,37.56228],[126.94256,37.56274],[126.9428,37.5632],[126.94276,37.56376],[126.94323,37.56404],[126.9424,37.56621],[126.94254,37.56651],[126.94328,37.56698],[126.94442,37.56658],[126.94477,37.56582],[126.94521,37.56569],[126.94579,37.56591],[126.94577,37.56667],[126.9452,37.56756],[126.94473,37.56887],[126.94476,37.56912],[126.9456,37.56915]]]]},"properties":{"g":"11410","gn":"서대문구","d":"11400","n":"신촌동"},"id":"LT_C_ADEMD_INFO.1811"},
{"type":"Feature","geometry":{"type":"Polygon","coordinates":[[[126.94572,37.57736],[126.94471,37.57754],[126.9443,37.57802],[126.94384,37.57965],[126.94387,37.58029],[126.94328,37.58032],[126.94296,37.5807],[126.94185,37.58105],[126.94147,37.58231],[126.94185,37.58284],[126.94179,37.58339],[126.942,37.58396],[126.94091,37.58387],[126.9394,37.58417],[126.93882,37.58363],[126.93796,37.58322],[126.93778,37.58287],[126.93728,37.5826],[126.9375,37.58165],[126.93675,37.58027],[126.93244,37.57866],[126.93118,37.57814],[126.92989,37.57747],[126.92793,37.57654],[126.92722,37.57606],[126.92726,37.57571],[126.92653,37.57535],[126.92472,37.57421],[126.92384,37.57329],[126.92247,37.57286],[126.92107,37.572],[126.92015,37.57116],[126.91949,37.57007],[126.91869,37.56926],[126.91763,37.56862],[126.91677,37.56781],[126.91679,37.56781],[126.91844,37.56711],[126.92018,37.56664],[126.92156,37.56644],[126.92358,37.566],[126.92473,37.56567],[126.92601,37.5651],[126.92828,37.56333],[126.92719,37.56179],[126.92787,37.56164],[126.92804,37.56132],[126.92848,37.561],[126.9288,37.56108],[126.92957,37.56089],[126.93053,37.56092],[126.93142,37.56123],[126.93139,37.56173],[126.93193,37.56248],[126.93238,37.56218],[126.93314,37.56197],[126.93417,37.56185],[126.93502,37.56134],[126.93521,37.56215],[126.93545,37.56272],[126.93495,37.56308],[126.93479,37.56443],[126.93571,37.5651],[126.93596,37.56554],[126.93588,37.56646],[126.93611,37.56698],[126.93647,37.5672],[126.93648,37.56752],[126.9372,37.56816],[126.9383,37.56836],[126.93856,37.56917],[126.93902,37.56927],[126.94017,37.56969],[126.94079,37.57001],[126.94134,37.57006],[126.94166,37.57038],[126.94281,37.57032],[126.94339,37.57096],[126.94366,37.57183],[126.944,37.57216],[126.94398,37.57306],[126.94346,37.57361],[126.94345,37.57457],[126.94402,37.57543],[126.94443,37.57562],[126.9452,37.57651],[126.94572,37.57736]]]},"properties":{"g":"11410","gn":"서대문구","d":"11700","n":"연희동"},"id":"LT_C_ADEMD_INFO.1812"},
{"type":"Feature","geometry":{"type":"Polygon","coordinates":[[[126.94818,37.60862],[126.94705,37.60814],[126.94621,37.60739],[126.94539,37.60695],[126.94418,37.60646],[126.94374,37.60621],[126.94367,37.60504],[126.94213,37.60494],[126.94124,37.60313],[126.93996,37.60308],[126.93981,37.60278],[126.93984,37.60187],[126.94109,37.60113],[126.94138,37.60068],[126.94088,37.59872],[126.93968,37.59798],[126.93944,37.59786],[126.93871,37.59752],[126.93864,37.5975],[126.93754,37.59787],[126.93678,37.59765],[126.93452,37.59663],[126.93384,37.59665],[126.93279,37.59631],[126.93221,37.5958],[126.9316,37.59541],[126.93131,37.59502],[126.93025,37.59455],[126.92932,37.59333],[126.92884,37.59285],[126.92854,37.59228],[126.92776,37.59158],[126.92797,37.59104],[126.92765,37.59052],[126.92794,37.58994],[126.9276,37.58939],[126.928,37.58839],[126.92774,37.58807],[126.92631,37.58729],[126.92573,37.58714],[126.92507,37.58724],[126.92386,37.5871],[126.92365,37.58615],[126.92277,37.58557],[126.92338,37.58396],[126.92398,37.58385],[126.92478,37.58242],[126.92434,37.58255],[126.92382,37.58228],[126.92449,37.58184],[126.92492,37.58124],[126.92518,37.57953],[126.92722,37.57606],[126.92793,37.57654],[126.92989,37.57747],[126.93118,37.57814],[126.93244,37.57866],[126.93675,37.58027],[126.9375,37.58165],[126.93728,37.5826],[126.9369,37.58285],[126.93599,37.58422],[126.93579,37.58469],[126.93547,37.58582],[126.93554,37.58652],[126.93585,37.58742],[126.93632,37.58829],[126.93674,37.58878],[126.93733,37.58896],[126.93836,37.58951],[126.93909,37.58971],[126.93998,37.59032],[126.94074,37.59067],[126.94212,37.59165],[126.94375,37.59213],[126.9451,37.59225],[126.94693,37.59447],[126.94692,37.5955],[126.94641,37.59698],[126.94655,37.59769],[126.94709,37.59827],[126.94765,37.5985],[126.94887,37.59838],[126.94983,37.598],[126.95131,37.59596],[126.95205,37.59604],[126.95301,37.59665],[126.95375,37.59658],[126.95471,37.59611],[126.9555,37.59584],[126.95601,37.59613],[126.95628,37.59757],[126.95627,37.59874],[126.95634,37.59892],[126.95541,37.59927],[126.95488,37.59931],[126.95409,37.59906],[126.95384,37.59867],[126.95341,37.59857],[126.95306,37.59876],[126.95305,37.59907],[126.95338,37.59953],[126.95336,37.60017],[126.9529,37.60071],[126.95247,37.60162],[126.95255,37.60189],[126.95238,37.60248],[126.95328,37.60366],[126.95357,37.60448],[126.95393,37.60479],[126.95406,37.60507],[126.9531,37.6055],[126.95271,37.60591],[126.95259,37.60666],[126.95174,37.60739],[126.95145,37.60802],[126.9506,37.60836],[126.95054,37.60887],[126.95033,37.60911],[126.95036,37.61062],[126.94968,37.61026],[126.94912,37.6098],[126.94872,37.60903],[126.94818,37.60862]]]},"properties":{"g":"11410","gn":"서대문구","d":"11800","n":"홍은동"},"id":"LT_C_ADEMD_INFO.1813"},
{"type":"Feature","geometry":{"type":"Polygon","coordinates":[[[126.91143,37.57198],[126.91203,37.57232],[126.9122,37.5727],[126.91297,37.57292],[126.9134,37.57287],[126.91315,37.57345],[126.91318,37.57406],[126.91339,37.5744],[126.91423,37.57532],[126.91436,37.57531],[126.91511,37.57652],[126.91568,37.57866],[126.91607,37.57916],[126.91676,37.57944],[126.91706,37.57927],[126.91808,37.58047],[126.91733,37.58072],[126.91785,37.58104],[126.91937,37.5804],[126.91953,37.58079],[126.92006,37.58098],[126.92157,37.58098],[126.92116,37.5817],[126.9213,37.58221],[126.92086,37.58294],[126.92025,37.58296],[126.91986,37.5833],[126.91955,37.58321],[126.91889,37.58338],[126.91775,37.58323],[126.91703,37.58326],[126.91594,37.58309],[126.91567,37.58432],[126.91568,37.58499],[126.91601,37.5853],[126.91601,37.58562],[126.91531,37.58542],[126.9157,37.58598],[126.91284,37.58722],[126.91224,37.5862],[126.9119,37.58581],[126.90412,37.57849],[126.90328,37.57791],[126.90206,37.57676],[126.90183,37.57654],[126.90264,37.57639],[126.90208,37.576],[126.90209,37.576],[126.90666,37.57296],[126.90776,37.57212],[126.90879,37.57145],[126.90979,37.57099],[126.90972,37.5714],[126.91008,37.57178],[126.91023,37.57171],[126.91027,37.57169],[126.91035,37.57165],[126.91172,37.57097],[126.91174,37.57096],[126.91287,37.57044],[126.91305,37.57051],[126.91309,37.57054],[126.9137,37.57138],[126.91372,37.57143],[126.91292,37.57128],[126.91292,37.57104],[126.91246,37.57101],[126.91247,37.57102],[126.91226,37.57129],[126.91227,37.5713],[126.91219,37.57143],[126.91217,37.57147],[126.91216,37.5715],[126.91191,37.57146],[126.91151,37.5719],[126.91143,37.57198]]]},"properties":{"g":"11410","gn":"서대문구","d":"11900","n":"북가좌동"},"id":"LT_C_ADEMD_INFO.1814"},
{"type":"Feature","geometry":{"type":"Polygon","coordinates":[[[126.92086,37.58294],[126.9213,37.58221],[126.92116,37.5817],[126.92157,37.58098],[126.92006,37.58098],[126.91953,37.58079],[126.91937,37.5804],[126.91785,37.58104],[126.91733,37.58072],[126.91808,37.58047],[126.91706,37.57927],[126.91676,37.57944],[126.91607,37.57916],[126.91568,37.57866],[126.91511,37.57652],[126.91436,37.57531],[126.91423,37.57532],[126.91339,37.5744],[126.91318,37.57406],[126.91315,37.57345],[126.9134,37.57287],[126.91297,37.57292],[126.9122,37.5727],[126.91203,37.57232],[126.91143,37.57198],[126.91151,37.5719],[126.91191,37.57146],[126.91216,37.5715],[126.91217,37.57147],[126.91219,37.57143],[126.91227,37.5713],[126.91226,37.57129],[126.91247,37.57102],[126.91246,37.57101],[126.91292,37.57104],[126.91292,37.57128],[126.91372,37.57143],[126.9137,37.57138],[126.91309,37.57054],[126.91305,37.57051],[126.91287,37.57044],[126.91174,37.57096],[126.91172,37.57097],[126.91035,37.57165],[126.91027,37.57169],[126.91023,37.57171],[126.91008,37.57178],[126.90972,37.5714],[126.90979,37.57099],[126.91155,37.57023],[126.91286,37.5696],[126.91378,37.56914],[126.91677,37.56781],[126.91763,37.56862],[126.91869,37.56926],[126.91949,37.57007],[126.92015,37.57116],[126.92107,37.572],[126.92247,37.57286],[126.92384,37.57329],[126.92472,37.57421],[126.92653,37.57535],[126.92726,37.57571],[126.92722,37.57606],[126.92518,37.57953],[126.92492,37.58124],[126.92449,37.58184],[126.92382,37.58228],[126.92434,37.58255],[126.92478,37.58242],[126.92398,37.58385],[126.92338,37.58396],[126.92277,37.58557],[126.92242,37.58535],[126.92185,37.58469],[126.92199,37.58408],[126.92175,37.58346],[126.92126,37.58334],[126.92086,37.58294]]]},"properties":{"g":"11410","gn":"서대문구","d":"12000","n":"남가좌동"},"id":"LT_C_ADEMD_INFO.1815"},
{"type":"Feature","geometry":{"type":"Polygon","coordinates":[[[126.95054,37.55189],[126.95158,37.55183],[126.95161,37.55158],[126.95271,37.55137],[126.9526,37.55086],[126.95314,37.55075],[126.95484,37.55022],[126.95539,37.55054],[126.95559,37.55114],[126.9572,37.55065],[126.95797,37.55151],[126.9583,37.55146],[126.95884,37.5519],[126.9593,37.552],[126.95986,37.55192],[126.96117,37.55152],[126.96143,37.5513],[126.96235,37.55151],[126.96234,37.55155],[126.96231,37.55277],[126.96178,37.55498],[126.96248,37.55591],[126.96272,37.55597],[126.96342,37.55696],[126.96305,37.55741],[126.96304,37.55803],[126.96208,37.55846],[126.96159,37.55842],[126.96169,37.55898],[126.96115,37.55875],[126.96082,37.55842],[126.96012,37.5577],[126.95964,37.55766],[126.95932,37.55738],[126.95887,37.55726],[126.95865,37.55728],[126.95861,37.55728],[126.95829,37.5573],[126.95623,37.55741],[126.95581,37.55739],[126.95265,37.5572],[126.95264,37.5572],[126.94992,37.55704],[126.94983,37.55704],[126.94967,37.55703],[126.94945,37.55702],[126.94896,37.55699],[126.94894,37.55699],[126.94894,37.55686],[126.94894,37.55679],[126.94846,37.55658],[126.94868,37.5555],[126.94926,37.55515],[126.94949,37.55458],[126.95003,37.55412],[126.95039,37.55419],[126.95051,37.55343],[126.94987,37.55312],[126.95018,37.5525],[126.94972,37.55238],[126.95018,37.55192],[126.95054,37.55189]]]},"properties":{"g":"11440","gn":"마포구","d":"10100","n":"아현동"},"id":"LT_C_ADEMD_INFO.1816"},
{"type":"Feature","geometry":{"type":"Polygon","coordinates":[[[126.95054,37.55189],[126.9504,37.55142],[126.94953,37.55056],[126.94922,37.54963],[126.94948,37.54911],[126.94997,37.54761],[126.94928,37.54703],[126.94851,37.54594],[126.94781,37.54529],[126.94745,37.54531],[126.94633,37.54582],[126.94605,37.54544],[126.9485,37.54434],[126.94958,37.5439],[126.95054,37.54351],[126.95192,37.54287],[126.95257,37.54369],[126.95296,37.54385],[126.95463,37.54518],[126.95552,37.5461],[126.95605,37.54684],[126.9561,37.54719],[126.95687,37.54804],[126.95779,37.54729],[126.95851,37.54725],[126.95849,37.5469],[126.95919,37.54647],[126.95926,37.546],[126.96005,37.54607],[126.96013,37.54638],[126.96108,37.54742],[126.9617,37.54759],[126.96222,37.54813],[126.96224,37.54862],[126.96334,37.54864],[126.96344,37.54867],[126.96373,37.54879],[126.96371,37.54925],[126.9639,37.54976],[126.96355,37.54995],[126.96305,37.55083],[126.96235,37.55151],[126.96143,37.5513],[126.96117,37.55152],[126.95986,37.55192],[126.9593,37.552],[126.95884,37.5519],[126.9583,37.55146],[126.95797,37.55151],[126.9572,37.55065],[126.95559,37.55114],[126.95539,37.55054],[126.95484,37.55022],[126.95314,37.55075],[126.9526,37.55086],[126.95271,37.55137],[126.95161,37.55158],[126.95158,37.55183],[126.95054,37.55189]]]},"properties":{"g":"11440","gn":"마포구","d":"10200","n":"공덕동"},"id":"LT_C_ADEMD_INFO.1817"},
{"type":"Feature","geometry":{"type":"Polygon","coordinates":[[[126.95926,37.546],[126.95919,37.54647],[126.95849,37.5469],[126.95851,37.54725],[126.95779,37.54729],[126.95687,37.54804],[126.9561,37.54719],[126.95605,37.54684],[126.95552,37.5461],[126.95463,37.54518],[126.95296,37.54385],[126.95257,37.54369],[126.95192,37.54287],[126.95468,37.54158],[126.95519,37.54145],[126.95612,37.54089],[126.95659,37.54076],[126.95699,37.54164],[126.95818,37.54231],[126.95835,37.54276],[126.95758,37.54297],[126.95741,37.54323],[126.95757,37.54422],[126.95811,37.54442],[126.95782,37.54515],[126.95791,37.54546],[126.95839,37.5455],[126.95926,37.546]]]},"properties":{"g":"11440","gn":"마포구","d":"10300","n":"신공덕동"},"id":"LT_C_ADEMD_INFO.1818"},
{"type":"Feature","geometry":{"type":"Polygon","coordinates":[[[126.93395,37.54504],[126.93347,37.54567],[126.93352,37.54586],[126.93323,37.54659],[126.93357,37.54726],[126.93395,37.54754],[126.9329,37.54756],[126.93299,37.54791],[126.93263,37.54807],[126.93264,37.54744],[126.93241,37.54631],[126.9318,37.54544],[126.93143,37.54524],[126.93058,37.54504],[126.93088,37.54442],[126.93212,37.54434],[126.93282,37.54393],[126.93311,37.54413],[126.9329,37.54462],[126.93327,37.54508],[126.93395,37.54504]]]},"properties":{"g":"11440","gn":"마포구","d":"11300","n":"구수동"},"id":"LT_C_ADEMD_INFO.1819"},
{"type":"Feature","geometry":{"type":"Polygon","coordinates":[[[126.95659,37.54076],[126.95612,37.54089],[126.95519,37.54145],[126.95468,37.54158],[126.95192,37.54287],[126.95054,37.54351],[126.94958,37.5439],[126.9492,37.54337],[126.94891,37.54335],[126.94812,37.54362],[126.94553,37.54145],[126.94497,37.54098],[126.94479,37.54004],[126.94458,37.53979],[126.94568,37.53906],[126.94637,37.53879],[126.9462,37.53834],[126.94622,37.53786],[126.94687,37.53628],[126.94643,37.53572],[126.94739,37.53538],[126.94785,37.53562],[126.9489,37.53563],[126.94991,37.53605],[126.95094,37.53617],[126.95211,37.53677],[126.9534,37.53758],[126.95365,37.53834],[126.9541,37.53893],[126.95519,37.53919],[126.95573,37.53947],[126.95664,37.54061],[126.95659,37.54076]]]},"properties":{"g":"11440","gn":"마포구","d":"10400","n":"도화동"},"id":"LT_C_ADEMD_INFO.1820"},
{"type":"Feature","geometry":{"type":"Polygon","coordinates":[[[126.94391,37.543],[126.94554,37.54447],[126.94451,37.54513],[126.94497,37.54558],[126.94455,37.54578],[126.94457,37.54603],[126.94418,37.54629],[126.94383,37.54679],[126.94379,37.54735],[126.94407,37.54775],[126.94467,37.54913],[126.94499,37.54953],[126.94592,37.54951],[126.94664,37.55078],[126.94652,37.55105],[126.94658,37.55164],[126.9465,37.55297],[126.94607,37.55309],[126.94605,37.55433],[126.94654,37.55434],[126.94651,37.55685],[126.94288,37.55664],[126.94293,37.55569],[126.94238,37.55509],[126.94382,37.5548],[126.94358,37.55443],[126.94346,37.55379],[126.94305,37.55339],[126.94295,37.5541],[126.94239,37.55386],[126.94185,37.55322],[126.94186,37.553],[126.94069,37.55242],[126.94012,37.55092],[126.94064,37.55017],[126.94067,37.54921],[126.94043,37.54834],[126.93987,37.54802],[126.93978,37.54754],[126.94004,37.54715],[126.94017,37.54655],[126.93954,37.54624],[126.93904,37.54491],[126.93863,37.5441],[126.93945,37.54404],[126.93994,37.54385],[126.94081,37.54381],[126.94147,37.54416],[126.94213,37.54369],[126.94288,37.54336],[126.94344,37.54294],[126.94391,37.543]]]},"properties":{"g":"11440","gn":"마포구","d":"10800","n":"대흥동"},"id":"LT_C_ADEMD_INFO.1821"},
{"type":"Feature","geometry":{"type":"Polygon","coordinates":[[[126.92934,37.54565],[126.92948,37.54512],[126.93003,37.54508],[126.92928,37.54405],[126.92886,37.54397],[126.92841,37.54143],[126.93011,37.54143],[126.93185,37.54087],[126.93188,37.54228],[126.93237,37.54356],[126.93282,37.54393],[126.93212,37.54434],[126.93088,37.54442],[126.93058,37.54504],[126.92989,37.54534],[126.92972,37.54562],[126.92934,37.54565]]]},"properties":{"g":"11440","gn":"마포구","d":"11700","n":"신정동"},"id":"LT_C_ADEMD_INFO.1822"},
{"type":"Feature","geometry":{"type":"Polygon","coordinates":[[[126.94958,37.5439],[126.9485,37.54434],[126.94605,37.54544],[126.94633,37.54582],[126.94745,37.54531],[126.94781,37.54529],[126.94851,37.54594],[126.94928,37.54703],[126.94997,37.54761],[126.94948,37.54911],[126.94922,37.54963],[126.94953,37.55056],[126.9504,37.55142],[126.95054,37.55189],[126.95018,37.55192],[126.94972,37.55238],[126.95018,37.5525],[126.94987,37.55312],[126.95051,37.55343],[126.95039,37.55419],[126.95003,37.55412],[126.94949,37.55458],[126.94926,37.55515],[126.94868,37.5555],[126.94846,37.55658],[126.94894,37.55679],[126.94894,37.55686],[126.94894,37.55699],[126.94745,37.5569],[126.94651,37.55685],[126.94654,37.55434],[126.94605,37.55433],[126.94607,37.55309],[126.9465,37.55297],[126.94658,37.55164],[126.94652,37.55105],[126.94664,37.55078],[126.94592,37.54951],[126.94499,37.54953],[126.94467,37.54913],[126.94407,37.54775],[126.94379,37.54735],[126.94383,37.54679],[126.94418,37.54629],[126.94457,37.54603],[126.94455,37.54578],[126.94497,37.54558],[126.94451,37.54513],[126.94554,37.54447],[126.94391,37.543],[126.94365,37.54276],[126.94553,37.54145],[126.94812,37.54362],[126.94891,37.54335],[126.9492,37.54337],[126.94958,37.5439]]]},"properties":{"g":"11440","gn":"마포구","d":"10900","n":"염리동"},"id":"LT_C_ADEMD_INFO.1823"},
{"type":"Feature","geometry":{"type":"Polygon","coordinates":[[[126.94186,37.553],[126.94185,37.55322],[126.94239,37.55386],[126.94295,37.5541],[126.94305,37.55339],[126.94346,37.55379],[126.94358,37.55443],[126.94382,37.5548],[126.94238,37.55509],[126.94293,37.55569],[126.94288,37.55664],[126.94184,37.55657],[126.94183,37.55657],[126.94166,37.55656],[126.94137,37.55655],[126.94114,37.5565],[126.94107,37.55648],[126.93686,37.5551],[126.93279,37.55658],[126.9326,37.55554],[126.93263,37.55487],[126.93264,37.55475],[126.93277,37.55451],[126.93316,37.55405],[126.93365,37.55367],[126.93394,37.55345],[126.93337,37.55311],[126.93404,37.5526],[126.93549,37.55171],[126.93631,37.55141],[126.93682,37.55231],[126.93741,37.55274],[126.94005,37.5536],[126.94103,37.55316],[126.94134,37.55324],[126.94186,37.553]]]},"properties":{"g":"11440","gn":"마포구","d":"11000","n":"노고산동"},"id":"LT_C_ADEMD_INFO.1824"},
{"type":"Feature","geometry":{"type":"MultiPolygon","coordinates":[[[[126.9218,37.54143],[126.92179,37.54425],[126.92219,37.54461],[126.92171,37.54504],[126.92158,37.54538],[126.92122,37.54559],[126.92091,37.54617],[126.92091,37.54714],[126.92017,37.54726],[126.92008,37.548],[126.9192,37.5461],[126.91863,37.54517],[126.91822,37.54463],[126.91794,37.5447],[126.91741,37.54441],[126.91737,37.54414],[126.91663,37.54346],[126.91669,37.54308],[126.9171,37.5429],[126.91714,37.54143],[126.9218,37.54143]]],[[[126.92242,37.54143],[126.92283,37.54062],[126.92308,37.54045],[126.92482,37.53974],[126.92586,37.53946],[126.9271,37.53904],[126.92765,37.53907],[126.93033,37.54136],[126.9301,37.54143],[126.92841,37.54143],[126.92746,37.54143],[126.92724,37.54143],[126.9265,37.54143],[126.92444,37.54143],[126.9228,37.54143],[126.92242,37.54143]]]]},"properties":{"g":"11440","gn":"마포구","d":"11800","n":"당인동"},"id":"LT_C_ADEMD_INFO.1825"},
{"type":"Feature","geometry":{"type":"MultiPolygon","coordinates":[[[[126.93264,37.55475],[126.93235,37.55453],[126.93252,37.55442],[126.93258,37.55438],[126.93338,37.55387],[126.93316,37.55405],[126.93277,37.55451],[126.93264,37.55475]]],[[[126.91168,37.55419],[126.91238,37.55188],[126.91264,37.5519],[126.91324,37.54994],[126.91362,37.54962],[126.91437,37.55017],[126.91435,37.54979],[126.91508,37.54918],[126.91874,37.54842],[126.92022,37.54833],[126.92099,37.54859],[126.92191,37.54912],[126.92225,37.54952],[126.92302,37.55007],[126.92343,37.55048],[126.92375,37.55055],[126.92423,37.55099],[126.924,37.55211],[126.92416,37.55236],[126.92419,37.55262],[126.9248,37.55277],[126.92517,37.55311],[126.92555,37.55322],[126.92623,37.55315],[126.92688,37.5532],[126.92879,37.55365],[126.92963,37.5542],[126.93018,37.55467],[126.9313,37.55463],[126.93121,37.55499],[126.92942,37.55604],[126.92785,37.55663],[126.92708,37.55683],[126.92471,37.55619],[126.92419,37.55595],[126.92352,37.55546],[126.92245,37.5544],[126.91878,37.55753],[126.91748,37.55897],[126.91707,37.55862],[126.9163,37.55837],[126.91497,37.55828],[126.91326,37.55835],[126.91211,37.55829],[126.91016,37.55784],[126.90943,37.55774],[126.90882,37.55739],[126.91166,37.55425],[126.91168,37.55419]]]]},"properties":{"g":"11440","gn":"마포구","d":"12000","n":"서교동"},"id":"LT_C_ADEMD_INFO.1826"},
{"type":"Feature","geometry":{"type":"Polygon","coordinates":[[[126.93263,37.54807],[126.93299,37.54791],[126.9329,37.54756],[126.93395,37.54754],[126.93357,37.54726],[126.93323,37.54659],[126.93352,37.54586],[126.93347,37.54567],[126.93395,37.54504],[126.93452,37.54457],[126.93564,37.54394],[126.93578,37.54372],[126.93647,37.54386],[126.93681,37.54367],[126.93639,37.54286],[126.9368,37.54241],[126.93721,37.54241],[126.93731,37.54266],[126.93855,37.544],[126.93863,37.5441],[126.93904,37.54491],[126.93954,37.54624],[126.94017,37.54655],[126.94004,37.54715],[126.93978,37.54754],[126.93987,37.54802],[126.94043,37.54834],[126.94067,37.54921],[126.94064,37.55017],[126.94012,37.55092],[126.94069,37.55242],[126.94186,37.553],[126.94134,37.55324],[126.94103,37.55316],[126.94005,37.5536],[126.93741,37.55274],[126.93682,37.55231],[126.93631,37.55141],[126.93549,37.55171],[126.93404,37.5526],[126.93337,37.55311],[126.93313,37.55284],[126.93295,37.55125],[126.93294,37.55044],[126.93263,37.54807]]]},"properties":{"g":"11440","gn":"마포구","d":"11100","n":"신수동"},"id":"LT_C_ADEMD_INFO.1827"},
{"type":"Feature","geometry":{"type":"Polygon","coordinates":[[[126.93721,37.54241],[126.9368,37.54241],[126.93639,37.54286],[126.93681,37.54367],[126.93647,37.54386],[126.93578,37.54372],[126.93564,37.54394],[126.93452,37.54457],[126.93395,37.54504],[126.93327,37.54508],[126.9329,37.54462],[126.93311,37.54413],[126.93282,37.54393],[126.93237,37.54356],[126.93188,37.54228],[126.93185,37.54087],[126.9329,37.54052],[126.93534,37.53935],[126.93672,37.54144],[126.93721,37.54241]]]},"properties":{"g":"11440","gn":"마포구","d":"11200","n":"현석동"},"id":"LT_C_ADEMD_INFO.1828"},
{"type":"Feature","geometry":{"type":"Polygon","coordinates":[[[126.9286,37.54617],[126.92872,37.54586],[126.92934,37.54565],[126.92972,37.54562],[126.92989,37.54534],[126.93058,37.54504],[126.93143,37.54524],[126.9318,37.54544],[126.93241,37.54631],[126.93264,37.54744],[126.93263,37.54807],[126.93294,37.55044],[126.93295,37.55125],[126.93313,37.55284],[126.93337,37.55311],[126.93394,37.55345],[126.93365,37.55367],[126.93338,37.55387],[126.93258,37.55438],[126.93252,37.55442],[126.93235,37.55453],[126.93209,37.5547],[126.9313,37.55463],[126.93018,37.55467],[126.92963,37.5542],[126.92879,37.55365],[126.92688,37.5532],[126.92623,37.55315],[126.92555,37.55322],[126.92517,37.55311],[126.9248,37.55277],[126.92419,37.55262],[126.92416,37.55236],[126.92556,37.55262],[126.92824,37.55113],[126.92749,37.55055],[126.92685,37.54945],[126.92726,37.54848],[126.92767,37.54794],[126.92745,37.5469],[126.92842,37.54661],[126.9286,37.54617]]]},"properties":{"g":"11440","gn":"마포구","d":"11400","n":"창전동"},"id":"LT_C_ADEMD_INFO.1829"},
{"type":"Feature","geometry":{"type":"Polygon","coordinates":[[[126.92022,37.54833],[126.92008,37.548],[126.92017,37.54726],[126.92091,37.54714],[126.92091,37.54617],[126.92122,37.54559],[126.92158,37.54538],[126.92171,37.54504],[126.92219,37.54461],[126.92179,37.54425],[126.9218,37.54143],[126.92444,37.54143],[126.9265,37.54143],[126.92673,37.54415],[126.9271,37.54461],[126.92748,37.54537],[126.9274,37.54553],[126.9286,37.54617],[126.92842,37.54661],[126.92745,37.5469],[126.92767,37.54794],[126.92726,37.54848],[126.92685,37.54945],[126.92749,37.55055],[126.92824,37.55113],[126.92556,37.55262],[126.92416,37.55236],[126.924,37.55211],[126.92423,37.55099],[126.92375,37.55055],[126.92343,37.55048],[126.92302,37.55007],[126.92225,37.54952],[126.92191,37.54912],[126.92099,37.54859],[126.92022,37.54833]]]},"properties":{"g":"11440","gn":"마포구","d":"11500","n":"상수동"},"id":"LT_C_ADEMD_INFO.1830"},
{"type":"Feature","geometry":{"type":"Polygon","coordinates":[[[126.92841,37.54143],[126.92886,37.54397],[126.92928,37.54405],[126.93003,37.54508],[126.92948,37.54512],[126.92934,37.54565],[126.92872,37.54586],[126.9286,37.54617],[126.9274,37.54553],[126.92748,37.54537],[126.9271,37.54461],[126.92673,37.54415],[126.9265,37.54143],[126.92841,37.54143]]]},"properties":{"g":"11440","gn":"마포구","d":"11600","n":"하중동"},"id":"LT_C_ADEMD_INFO.1831"},
{"type":"Feature","geometry":{"type":"Polygon","coordinates":[[[126.92719,37.56179],[126.9265,37.56142],[126.92585,37.5609],[126.92553,37.56038],[126.92504,37.56045],[126.92419,37.56097],[126.92377,37.55998],[126.92327,37.56059],[126.91878,37.55753],[126.92245,37.5544],[126.92352,37.55546],[126.92419,37.55595],[126.92471,37.55619],[126.92708,37.55683],[126.92785,37.55663],[126.92942,37.55604],[126.93121,37.55499],[126.9313,37.55463],[126.93209,37.5547],[126.93263,37.55487],[126.9326,37.55554],[126.93279,37.55658],[126.92659,37.55885],[126.92669,37.56083],[126.92719,37.56179]]]},"properties":{"g":"11440","gn":"마포구","d":"12100","n":"동교동"},"id":"LT_C_ADEMD_INFO.1832"},
{"type":"Feature","geometry":{"type":"Polygon","coordinates":[[[126.9048,37.51999],[126.90112,37.52057],[126.90107,37.51966],[126.9012,37.51856],[126.9021,37.51613],[126.90265,37.51542],[126.90307,37.5152],[126.90321,37.51514],[126.90636,37.51623],[126.90669,37.51638],[126.90572,37.51803],[126.90578,37.51809],[126.90488,37.51986],[126.90546,37.51986],[126.9048,37.51999]]]},"properties":{"g":"11560","gn":"영등포구","d":"10500","n":"영등포동4가"},"id":"LT_C_ADEMD_INFO.1833"},
{"type":"Feature","geometry":{"type":"Polygon","coordinates":[[[126.92022,37.54833],[126.91874,37.54842],[126.91508,37.54918],[126.91435,37.54979],[126.91437,37.55017],[126.91362,37.54962],[126.91324,37.54994],[126.91264,37.5519],[126.91238,37.55188],[126.91168,37.55419],[126.90593,37.55233],[126.90413,37.55172],[126.89573,37.54904],[126.89894,37.54801],[126.90183,37.54502],[126.90219,37.54413],[126.90378,37.54255],[126.90483,37.54142],[126.91714,37.54143],[126.9171,37.5429],[126.91669,37.54308],[126.91663,37.54346],[126.91737,37.54414],[126.91741,37.54441],[126.91794,37.5447],[126.91822,37.54463],[126.91863,37.54517],[126.9192,37.5461],[126.92008,37.548],[126.92022,37.54833]]]},"properties":{"g":"11440","gn":"마포구","d":"12200","n":"합정동"},"id":"LT_C_ADEMD_INFO.1834"},
{"type":"Feature","geometry":{"type":"Polygon","coordinates":[[[126.90882,37.55739],[126.9039,37.56283],[126.90123,37.56206],[126.89808,37.56082],[126.89681,37.56023],[126.89594,37.55975],[126.89572,37.55981],[126.89542,37.55943],[126.89406,37.55943],[126.89327,37.55817],[126.89327,37.55582],[126.89178,37.55582],[126.88812,37.55229],[126.89194,37.55058],[126.89468,37.54939],[126.89573,37.54904],[126.90413,37.55172],[126.90593,37.55233],[126.91168,37.55419],[126.91166,37.55425],[126.90882,37.55739]]]},"properties":{"g":"11440","gn":"마포구","d":"12300","n":"망원동"},"id":"LT_C_ADEMD_INFO.1835"},
{"type":"Feature","geometry":{"type":"Polygon","coordinates":[[[126.91679,37.56781],[126.91661,37.5676],[126.91678,37.56698],[126.91688,37.56503],[126.91706,37.5641],[126.91747,37.56255],[126.91797,37.56162],[126.91815,37.56091],[126.91789,37.55945],[126.91748,37.55897],[126.91878,37.55753],[126.92327,37.56059],[126.92377,37.55998],[126.92419,37.56097],[126.92504,37.56045],[126.92553,37.56038],[126.92585,37.5609],[126.9265,37.56142],[126.92719,37.56179],[126.92828,37.56333],[126.92601,37.5651],[126.92473,37.56567],[126.92358,37.566],[126.92156,37.56644],[126.92018,37.56664],[126.91844,37.56711],[126.91679,37.56781]]]},"properties":{"g":"11440","gn":"마포구","d":"12400","n":"연남동"},"id":"LT_C_ADEMD_INFO.1836"},
{"type":"Feature","geometry":{"type":"Polygon","coordinates":[[[126.90061,37.57324],[126.90004,37.57351],[126.8999,37.5741],[126.89921,37.57447],[126.89874,37.575],[126.89787,37.575],[126.89809,37.57436],[126.89855,37.57416],[126.89862,37.57373],[126.89819,37.57326],[126.89759,37.57289],[126.89709,37.57295],[126.89555,37.57293],[126.89462,37.57264],[126.89386,37.5733],[126.893,37.57302],[126.89222,37.57292],[126.89197,37.57235],[126.89181,37.57149],[126.89153,37.57104],[126.88966,37.57054],[126.89326,37.56758],[126.89435,37.56664],[126.89446,37.56549],[126.89471,37.56465],[126.89477,37.56401],[126.8952,37.56303],[126.89514,37.56171],[126.8946,37.56016],[126.89572,37.55981],[126.89594,37.55975],[126.89681,37.56023],[126.89808,37.56082],[126.90123,37.56206],[126.9039,37.56283],[126.90882,37.55739],[126.90943,37.55774],[126.91016,37.55784],[126.91211,37.55829],[126.91326,37.55835],[126.91497,37.55828],[126.9163,37.55837],[126.91707,37.55862],[126.91748,37.55897],[126.91789,37.55945],[126.91815,37.56091],[126.91797,37.56162],[126.91747,37.56255],[126.91706,37.5641],[126.91688,37.56503],[126.91678,37.56698],[126.91661,37.5676],[126.91679,37.56781],[126.91677,37.56781],[126.91378,37.56914],[126.91286,37.5696],[126.91212,37.56874],[126.91185,37.56812],[126.9113,37.56734],[126.91048,37.56789],[126.90882,37.56979],[126.90808,37.5702],[126.90736,37.56939],[126.90683,37.56969],[126.90671,37.56975],[126.90647,37.56948],[126.90581,37.56964],[126.90596,37.56987],[126.90553,37.57019],[126.90401,37.56981],[126.90335,37.56992],[126.90303,37.57017],[126.90381,37.5708],[126.90245,37.57184],[126.90283,37.57236],[126.90099,37.57378],[126.90061,37.57324]]]},"properties":{"g":"11440","gn":"마포구","d":"12500","n":"성산동"},"id":"LT_C_ADEMD_INFO.1837"},
{"type":"Feature","geometry":{"type":"Polygon","coordinates":[[[126.90794,37.51936],[126.90817,37.51999],[126.90862,37.5218],[126.90864,37.52216],[126.90512,37.52271],[126.9048,37.51999],[126.90546,37.51986],[126.90794,37.51936]]]},"properties":{"g":"11560","gn":"영등포구","d":"10600","n":"영등포동5가"},"id":"LT_C_ADEMD_INFO.1838"},
{"type":"Feature","geometry":{"type":"Polygon","coordinates":[[[126.90671,37.56975],[126.90683,37.56969],[126.90736,37.56939],[126.90808,37.5702],[126.90882,37.56979],[126.91048,37.56789],[126.9113,37.56734],[126.91185,37.56812],[126.91212,37.56874],[126.91286,37.5696],[126.91155,37.57023],[126.90979,37.57099],[126.90879,37.57145],[126.90776,37.57212],[126.90666,37.57296],[126.90209,37.576],[126.90166,37.57567],[126.90111,37.57464],[126.90059,37.57385],[126.90061,37.57324],[126.90099,37.57378],[126.90283,37.57236],[126.90245,37.57184],[126.90381,37.5708],[126.90303,37.57017],[126.90335,37.56992],[126.90401,37.56981],[126.90553,37.57019],[126.90596,37.56987],[126.90581,37.56964],[126.90647,37.56948],[126.90671,37.56975]]]},"properties":{"g":"11440","gn":"마포구","d":"12600","n":"중동"},"id":"LT_C_ADEMD_INFO.1839"},
{"type":"Feature","geometry":{"type":"Polygon","coordinates":[[[126.83825,37.57126],[126.83794,37.57114],[126.83784,37.57111],[126.83781,37.57085],[126.8378,37.57075],[126.83753,37.57063],[126.83771,37.57053],[126.83803,37.57036],[126.83791,37.57012],[126.83801,37.57007],[126.83836,37.56986],[126.83879,37.56962],[126.83898,37.56952],[126.83906,37.56948],[126.83918,37.56941],[126.83926,37.56937],[126.83954,37.56922],[126.83956,37.56921],[126.83984,37.56905],[126.83998,37.56898],[126.84022,37.56885],[126.84031,37.5688],[126.84053,37.56868],[126.84055,37.56867],[126.84101,37.56842],[126.84456,37.56651],[126.84519,37.56624],[126.84745,37.56502],[126.8475,37.565],[126.84867,37.56443],[126.85323,37.56205],[126.85518,37.56106],[126.86333,37.55669],[126.86332,37.55694],[126.86391,37.5576],[126.86409,37.55777],[126.86432,37.558],[126.86448,37.55815],[126.86483,37.55846],[126.86498,37.55859],[126.86533,37.5589],[126.86551,37.55904],[126.86558,37.55909],[126.86586,37.5592],[126.86595,37.55923],[126.86728,37.55963],[126.86731,37.55972],[126.86743,37.55971],[126.86759,37.55999],[126.86762,37.56003],[126.86764,37.56012],[126.86764,37.56018],[126.86589,37.56114],[126.86515,37.56135],[126.8638,37.56214],[126.86166,37.56343],[126.86224,37.56407],[126.86257,37.56445],[126.86304,37.565],[126.86265,37.56525],[126.86192,37.56572],[126.86002,37.56693],[126.8592,37.56744],[126.85866,37.56778],[126.85862,37.56781],[126.85826,37.56804],[126.85825,37.56804],[126.85797,37.56822],[126.8572,37.56871],[126.85663,37.56908],[126.8562,37.56936],[126.85608,37.56944],[126.85607,37.56944],[126.85578,37.56967],[126.85502,37.57026],[126.8541,37.57128],[126.85363,37.57179],[126.85235,37.57272],[126.84838,37.57516],[126.8473,37.576],[126.84324,37.57888],[126.84241,37.57926],[126.83988,37.57669],[126.83975,37.576],[126.83994,37.5756],[126.84001,37.57546],[126.83972,37.57515],[126.83974,37.57448],[126.83937,37.574],[126.83886,37.57371],[126.83902,37.57346],[126.83894,37.57312],[126.83891,37.57238],[126.83896,37.57229],[126.83896,37.57208],[126.83897,37.57192],[126.83899,37.57187],[126.83892,37.57153],[126.83883,37.57155],[126.83825,37.57126]]]},"properties":{"g":"11500","gn":"강서구","d":"10400","n":"가양동"},"id":"LT_C_ADEMD_INFO.1840"},
{"type":"Feature","geometry":{"type":"Polygon","coordinates":[[[126.88812,37.55229],[126.89178,37.55582],[126.89327,37.55582],[126.89327,37.55817],[126.89406,37.55943],[126.89542,37.55943],[126.89572,37.55981],[126.8946,37.56016],[126.89514,37.56171],[126.8952,37.56303],[126.89477,37.56401],[126.89471,37.56465],[126.89446,37.56549],[126.89435,37.56664],[126.89326,37.56758],[126.88966,37.57054],[126.89153,37.57104],[126.89181,37.57149],[126.89197,37.57235],[126.89222,37.57292],[126.893,37.57302],[126.89386,37.5733],[126.89462,37.57264],[126.89555,37.57293],[126.89709,37.57295],[126.89759,37.57289],[126.89819,37.57326],[126.89862,37.57373],[126.89855,37.57416],[126.89809,37.57436],[126.89787,37.575],[126.89874,37.575],[126.89921,37.57447],[126.8999,37.5741],[126.90004,37.57351],[126.90061,37.57324],[126.90059,37.57385],[126.90111,37.57464],[126.90166,37.57567],[126.90209,37.576],[126.90208,37.576],[126.89753,37.5791],[126.89004,37.58391],[126.88872,37.58475],[126.8859,37.58703],[126.88206,37.59079],[126.88199,37.59054],[126.881,37.58998],[126.88035,37.58951],[126.88004,37.58907],[126.87932,37.58758],[126.87913,37.58677],[126.87846,37.58637],[126.87754,37.58625],[126.87727,37.58557],[126.87709,37.58483],[126.87654,37.58444],[126.87656,37.58424],[126.87729,37.58417],[126.87725,37.58377],[126.87699,37.58339],[126.8771,37.58289],[126.87705,37.58221],[126.87667,37.58163],[126.87666,37.58126],[126.87742,37.58064],[126.87737,37.58012],[126.87763,37.57975],[126.87708,37.5789],[126.87626,37.57896],[126.87626,37.57819],[126.8752,37.57827],[126.87391,37.57828],[126.8706,37.57801],[126.86838,37.57752],[126.86494,37.57747],[126.85929,37.57524],[126.85929,37.57492],[126.85363,37.5738],[126.85363,37.57179],[126.8541,37.57128],[126.85502,37.57026],[126.85578,37.56967],[126.85607,37.56944],[126.85608,37.56944],[126.8562,37.56936],[126.85663,37.56908],[126.8572,37.56871],[126.85797,37.56822],[126.85825,37.56804],[126.85826,37.56804],[126.85862,37.56781],[126.85866,37.56778],[126.8592,37.56744],[126.86002,37.56693],[126.86192,37.56572],[126.86265,37.56525],[126.86304,37.565],[126.86383,37.56449],[126.86629,37.56305],[126.86895,37.56202],[126.87418,37.55948],[126.88046,37.55627],[126.88439,37.55429],[126.88682,37.55309],[126.88812,37.55229]]]},"properties":{"g":"11440","gn":"마포구","d":"12700","n":"상암동"},"id":"LT_C_ADEMD_INFO.1841"},
{"type":"Feature","geometry":{"type":"Polygon","coordinates":[[[126.82576,37.51352],[126.82597,37.51316],[126.82664,37.51263],[126.82718,37.51238],[126.82792,37.5122],[126.82704,37.51149],[126.8271,37.51114],[126.82674,37.50975],[126.82646,37.50952],[126.82663,37.50951],[126.82709,37.5093],[126.82706,37.5085],[126.82765,37.50868],[126.82811,37.5088],[126.82852,37.50867],[126.82949,37.50832],[126.82984,37.50835],[126.83065,37.50822],[126.83103,37.50803],[126.83104,37.5079],[126.83102,37.50782],[126.83098,37.50771],[126.83065,37.50701],[126.83061,37.50694],[126.83061,37.50631],[126.8309,37.50609],[126.8312,37.50577],[126.8316,37.50511],[126.83207,37.50463],[126.83291,37.50426],[126.83301,37.50409],[126.83362,37.50387],[126.83384,37.50357],[126.83394,37.50343],[126.83525,37.50287],[126.83639,37.50308],[126.8364,37.50308],[126.8365,37.50313],[126.83692,37.50332],[126.83749,37.50328],[126.83815,37.50381],[126.83841,37.50435],[126.83849,37.50442],[126.8388,37.50455],[126.83932,37.50445],[126.83959,37.5045],[126.83995,37.50488],[126.83999,37.50496],[126.84006,37.50519],[126.84006,37.5052],[126.84011,37.50538],[126.84017,37.50543],[126.8405,37.50552],[126.84074,37.50604],[126.84117,37.50583],[126.84207,37.50567],[126.84243,37.50548],[126.84269,37.50549],[126.84347,37.5058],[126.84358,37.50582],[126.8445,37.50571],[126.84467,37.50577],[126.84438,37.50649],[126.84487,37.50732],[126.84493,37.5074],[126.84506,37.50753],[126.84526,37.50771],[126.84534,37.50777],[126.84536,37.50779],[126.84545,37.50784],[126.84576,37.50797],[126.846,37.50804],[126.84609,37.50815],[126.84626,37.50847],[126.84623,37.50898],[126.84651,37.50903],[126.84662,37.50905],[126.84664,37.50906],[126.84729,37.50948],[126.8476,37.50935],[126.8479,37.5092],[126.84869,37.50889],[126.84871,37.50888],[126.84903,37.50907],[126.84952,37.50964],[126.85009,37.51013],[126.85076,37.51001],[126.85139,37.51013],[126.85216,37.51048],[126.85287,37.51069],[126.8531,37.51059],[126.85404,37.51022],[126.8552,37.50971],[126.85561,37.50916],[126.85722,37.50963],[126.8583,37.50992],[126.85833,37.50992],[126.85885,37.50906],[126.85936,37.50821],[126.86027,37.5067],[126.86044,37.50674],[126.86086,37.50687],[126.86125,37.50698],[126.86167,37.5071],[126.8627,37.5074],[126.86315,37.50784],[126.86318,37.50786],[126.86358,37.50803],[126.86372,37.5081],[126.86384,37.50818],[126.86408,37.50834],[126.86399,37.50823],[126.86385,37.50809],[126.86378,37.50801],[126.86331,37.50752],[126.86307,37.50729],[126.86279,37.50696],[126.86263,37.50681],[126.86279,37.50669],[126.86294,37.50656],[126.86284,37.50594],[126.86314,37.50532],[126.86338,37.50511],[126.8636,37.50502],[126.86369,37.50502],[126.86455,37.50499],[126.86469,37.50507],[126.86473,37.50513],[126.86484,37.5055],[126.86516,37.50556],[126.86544,37.50557],[126.86594,37.50554],[126.86605,37.50553],[126.86623,37.50545],[126.86642,37.50539],[126.86657,37.50528],[126.86646,37.50525],[126.86679,37.50529],[126.86714,37.50529],[126.86796,37.50488],[126.86901,37.50485],[126.87025,37.50584],[126.87064,37.50575],[126.8712,37.50513],[126.87145,37.50507],[126.87147,37.50469],[126.87183,37.5042],[126.87187,37.50413],[126.87212,37.50411],[126.87233,37.50407],[126.87243,37.50403],[126.87274,37.50384],[126.87318,37.50376],[126.87357,37.50355],[126.87376,37.50421],[126.8737,37.50445],[126.87369,37.50456],[126.87371,37.50476],[126.87417,37.50531],[126.87442,37.50609],[126.87471,37.50667],[126.87424,37.50698],[126.87421,37.50717],[126.8743,37.50726],[126.87438,37.50732],[126.87445,37.50736],[126.87448,37.50738],[126.87465,37.50746],[126.87473,37.50748],[126.87484,37.50749],[126.87485,37.50749],[126.87499,37.50759],[126.8748,37.50826],[126.87457,37.5084],[126.87442,37.50844],[126.8742,37.50853],[126.8739,37.50867],[126.87385,37.50873],[126.87379,37.50881],[126.87378,37.50902],[126.87401,37.50937],[126.87403,37.50939],[126.8741,37.50943],[126.87419,37.50946],[126.87432,37.50949],[126.87441,37.50949],[126.87462,37.50942],[126.87542,37.50945],[126.8756,37.50966],[126.87518,37.51051],[126.87521,37.51069],[126.87537,37.51093],[126.87561,37.51112],[126.87622,37.51098],[126.87635,37.51081],[126.87639,37.51071],[126.87652,37.51062],[126.87673,37.51068],[126.87684,37.51084],[126.87656,37.51115],[126.8757,37.51136],[126.87518,37.51183],[126.8748,37.51149],[126.87489,37.51103],[126.8748,37.51085],[126.87432,37.51068],[126.87405,37.51087],[126.874,37.5113],[126.87513,37.51238],[126.87573,37.5122],[126.8761,37.51242],[126.8762,37.51252],[126.87645,37.51293],[126.87638,37.51325],[126.87673,37.51372],[126.87782,37.51363],[126.87772,37.51373],[126.87766,37.51438],[126.8776,37.51486],[126.87771,37.5151],[126.87778,37.51522],[126.87783,37.5156],[126.87795,37.51614],[126.87816,37.51621],[126.87848,37.51635],[126.879,37.5169],[126.879,37.51696],[126.87894,37.51708],[126.87881,37.51715],[126.87871,37.5172],[126.87859,37.5173],[126.87853,37.51739],[126.87855,37.51754],[126.87862,37.51757],[126.87929,37.51749],[126.87959,37.5177],[126.87957,37.51771],[126.87948,37.51778],[126.8788,37.51791],[126.87842,37.51825],[126.8782,37.51875],[126.87832,37.51943],[126.87857,37.51971],[126.8791,37.52002],[126.8794,37.52036],[126.87944,37.5206],[126.87941,37.52083],[126.87915,37.52216],[126.879,37.52246],[126.87889,37.5225],[126.87768,37.52228],[126.87508,37.5226],[126.87,37.52328],[126.8688,37.52395],[126.86839,37.52393],[126.86573,37.5226],[126.86557,37.52265],[126.86522,37.52363],[126.86445,37.52613],[126.86428,37.52611],[126.86397,37.52979],[126.84887,37.5279],[126.85091,37.52406],[126.85251,37.52108],[126.85107,37.52205],[126.85014,37.52237],[126.84821,37.52253],[126.84739,37.52243],[126.84676,37.52207],[126.84865,37.52069],[126.84847,37.51627],[126.84861,37.51595],[126.84794,37.51596],[126.84753,37.51578],[126.84694,37.51578],[126.84674,37.51555],[126.84697,37.51502],[126.84618,37.51476],[126.8458,37.5148],[126.84511,37.51439],[126.84481,37.51393],[126.84413,37.51416],[126.84351,37.51409],[126.84256,37.51313],[126.84182,37.5132],[126.84131,37.51336],[126.84091,37.5132],[126.84065,37.51391],[126.84004,37.51384],[126.83987,37.51419],[126.83894,37.51391],[126.83845,37.51368],[126.83772,37.51357],[126.83684,37.51412],[126.83523,37.51494],[126.83507,37.51558],[126.83375,37.51517],[126.83324,37.51606],[126.83275,37.51557],[126.8323,37.51546],[126.83167,37.51494],[126.83118,37.51487],[126.83226,37.51595],[126.83197,37.51669],[126.83022,37.51764],[126.82961,37.51767],[126.82895,37.51749],[126.82786,37.51657],[126.82709,37.51616],[126.82678,37.51527],[126.82628,37.5151],[126.82534,37.51496],[126.82518,37.51472],[126.82559,37.51381],[126.82576,37.51352]]]},"properties":{"g":"11470","gn":"양천구","d":"10100","n":"신정동"},"id":"LT_C_ADEMD_INFO.1842"},
{"type":"Feature","geometry":{"type":"Polygon","coordinates":[[[126.86428,37.52611],[126.86445,37.52613],[126.86522,37.52363],[126.86557,37.52265],[126.86573,37.5226],[126.86839,37.52393],[126.8688,37.52395],[126.87,37.52328],[126.87508,37.5226],[126.87768,37.52228],[126.87889,37.5225],[126.87902,37.52249],[126.87905,37.52252],[126.87906,37.52254],[126.87905,37.52256],[126.87897,37.52278],[126.87894,37.52288],[126.87892,37.52292],[126.87889,37.52315],[126.87889,37.5232],[126.87889,37.52325],[126.87892,37.52368],[126.87886,37.52409],[126.87861,37.52468],[126.87861,37.52472],[126.87861,37.52505],[126.87861,37.52507],[126.87873,37.52531],[126.87875,37.52535],[126.87905,37.5256],[126.87915,37.52566],[126.87919,37.52568],[126.87924,37.5257],[126.87928,37.52572],[126.87941,37.52574],[126.88002,37.52574],[126.88014,37.52574],[126.88018,37.52574],[126.88024,37.52574],[126.88032,37.52574],[126.88047,37.52574],[126.88058,37.52575],[126.88071,37.52578],[126.88081,37.52584],[126.88094,37.52591],[126.88112,37.52613],[126.88117,37.52652],[126.88095,37.52683],[126.88068,37.52711],[126.88063,37.52724],[126.88061,37.52732],[126.88061,37.52738],[126.8806,37.5274],[126.8806,37.52742],[126.88067,37.52755],[126.8808,37.52765],[126.88091,37.52771],[126.88096,37.52773],[126.88101,37.52775],[126.88118,37.52779],[126.88135,37.52778],[126.88169,37.52769],[126.88176,37.52767],[126.88191,37.52763],[126.88256,37.52733],[126.88258,37.52732],[126.88273,37.52725],[126.88291,37.52723],[126.88294,37.52723],[126.88312,37.52723],[126.88313,37.52723],[126.88322,37.52725],[126.88328,37.52727],[126.88343,37.52733],[126.88345,37.52734],[126.88362,37.52745],[126.88375,37.52758],[126.88384,37.5278],[126.88387,37.52788],[126.88389,37.52804],[126.8839,37.52839],[126.88402,37.52854],[126.88418,37.52867],[126.88421,37.52869],[126.88441,37.52881],[126.88452,37.52884],[126.885,37.52909],[126.88522,37.52919],[126.88553,37.52931],[126.886,37.52945],[126.88617,37.52954],[126.8862,37.52956],[126.88624,37.52958],[126.88632,37.52963],[126.88648,37.52973],[126.88656,37.52978],[126.88676,37.52992],[126.88703,37.5301],[126.8871,37.53015],[126.88718,37.53019],[126.88769,37.53038],[126.88847,37.53043],[126.88894,37.53035],[126.88937,37.53019],[126.88965,37.53024],[126.89015,37.53094],[126.89036,37.53124],[126.89047,37.53139],[126.89047,37.5314],[126.89048,37.53141],[126.89068,37.53166],[126.89058,37.53172],[126.89048,37.53178],[126.89029,37.53187],[126.88966,37.53191],[126.88955,37.53191],[126.88909,37.53191],[126.88903,37.53192],[126.88895,37.53193],[126.88883,37.53198],[126.88874,37.53205],[126.88863,37.53212],[126.88855,37.53228],[126.88854,37.53232],[126.88854,37.53239],[126.88853,37.53255],[126.88856,37.53264],[126.88862,37.53271],[126.88863,37.53273],[126.88866,37.53276],[126.88869,37.53281],[126.88874,37.53284],[126.88875,37.53285],[126.88922,37.5331],[126.88936,37.53316],[126.88946,37.53321],[126.88955,37.53325],[126.88983,37.53343],[126.89004,37.53371],[126.89013,37.53438],[126.89,37.53471],[126.88992,37.53486],[126.88943,37.53554],[126.88882,37.53613],[126.8887,37.53622],[126.88859,37.53631],[126.88826,37.53671],[126.88808,37.53697],[126.88767,37.53757],[126.88711,37.53859],[126.88708,37.53863],[126.88704,37.53868],[126.88685,37.53883],[126.88623,37.53994],[126.88595,37.54054],[126.88579,37.5409],[126.88572,37.54106],[126.88551,37.54158],[126.88545,37.54185],[126.88543,37.54233],[126.88529,37.54274],[126.88513,37.54317],[126.88509,37.54331],[126.88443,37.54338],[126.88425,37.54356],[126.88422,37.5444],[126.88409,37.54464],[126.88275,37.54575],[126.88213,37.54672],[126.88211,37.54674],[126.88209,37.54677],[126.88208,37.54677],[126.88202,37.54683],[126.88201,37.54684],[126.88201,37.54685],[126.882,37.54685],[126.88198,37.54687],[126.88195,37.5469],[126.88188,37.54696],[126.88176,37.54708],[126.8817,37.54714],[126.88125,37.54765],[126.88102,37.54787],[126.88088,37.548],[126.88081,37.54808],[126.88079,37.54809],[126.88065,37.54815],[126.88053,37.54818],[126.88048,37.54819],[126.88012,37.54815],[126.88006,37.54815],[126.87995,37.54813],[126.87998,37.5481],[126.88026,37.54774],[126.87798,37.54711],[126.87798,37.5471],[126.87796,37.5471],[126.87791,37.5471],[126.87775,37.54709],[126.87773,37.54709],[126.87405,37.54694],[126.87329,37.54698],[126.8718,37.54728],[126.87066,37.54772],[126.87026,37.54794],[126.8672,37.54979],[126.86575,37.55065],[126.86503,37.55099],[126.86446,37.55124],[126.86421,37.55115],[126.86417,37.55104],[126.86413,37.55092],[126.86399,37.55047],[126.8634,37.54859],[126.86334,37.54839],[126.86289,37.54696],[126.86212,37.54449],[126.86211,37.54436],[126.86212,37.54415],[126.86216,37.54393],[126.86217,37.54392],[126.86279,37.54271],[126.86343,37.54172],[126.86373,37.54094],[126.86378,37.54032],[126.86378,37.54026],[126.86344,37.53619],[126.86348,37.53561],[126.86389,37.53071],[126.86397,37.52979],[126.86428,37.52611]]]},"properties":{"g":"11470","gn":"양천구","d":"10200","n":"목동"},"id":"LT_C_ADEMD_INFO.1843"},
{"type":"Feature","geometry":{"type":"Polygon","coordinates":[[[126.8271,37.51114],[126.82704,37.51149],[126.82792,37.5122],[126.82718,37.51238],[126.82664,37.51263],[126.82597,37.51316],[126.82576,37.51352],[126.82559,37.51381],[126.82518,37.51472],[126.82534,37.51496],[126.82628,37.5151],[126.82678,37.51527],[126.82709,37.51616],[126.82786,37.51657],[126.82895,37.51749],[126.82961,37.51767],[126.83022,37.51764],[126.83197,37.51669],[126.83226,37.51595],[126.83118,37.51487],[126.83167,37.51494],[126.8323,37.51546],[126.83275,37.51557],[126.83324,37.51606],[126.83375,37.51517],[126.83507,37.51558],[126.83523,37.51494],[126.83684,37.51412],[126.83772,37.51357],[126.83845,37.51368],[126.83894,37.51391],[126.83987,37.51419],[126.84004,37.51384],[126.84065,37.51391],[126.84091,37.5132],[126.84131,37.51336],[126.84182,37.5132],[126.84256,37.51313],[126.84351,37.51409],[126.84413,37.51416],[126.84481,37.51393],[126.84511,37.51439],[126.8458,37.5148],[126.84618,37.51476],[126.84697,37.51502],[126.84674,37.51555],[126.84694,37.51578],[126.84753,37.51578],[126.84794,37.51596],[126.84861,37.51595],[126.84847,37.51627],[126.84865,37.52069],[126.84676,37.52207],[126.84739,37.52243],[126.84821,37.52253],[126.85014,37.52237],[126.85107,37.52205],[126.85251,37.52108],[126.85091,37.52406],[126.84887,37.5279],[126.84861,37.52786],[126.84838,37.52782],[126.84048,37.52649],[126.83441,37.53646],[126.83511,37.53673],[126.83513,37.53684],[126.83515,37.53688],[126.83521,37.53723],[126.83516,37.53753],[126.83373,37.53984],[126.8331,37.54185],[126.83301,37.54184],[126.83293,37.54183],[126.83274,37.5418],[126.83268,37.54183],[126.83259,37.54183],[126.83256,37.54183],[126.83054,37.54176],[126.8302,37.5416],[126.83013,37.54162],[126.8301,37.5416],[126.82998,37.54166],[126.83001,37.54252],[126.83016,37.54258],[126.83023,37.54263],[126.83007,37.54295],[126.82997,37.54316],[126.82972,37.54374],[126.82973,37.54386],[126.82972,37.54388],[126.82968,37.54407],[126.82968,37.5441],[126.82977,37.54425],[126.82991,37.54444],[126.83003,37.54464],[126.83013,37.54493],[126.83017,37.54508],[126.83036,37.54559],[126.8303,37.54605],[126.83013,37.5462],[126.83005,37.54645],[126.83004,37.54648],[126.83,37.54655],[126.83,37.54662],[126.82993,37.54689],[126.8298,37.54747],[126.82976,37.54773],[126.82798,37.54756],[126.82762,37.54769],[126.82758,37.54768],[126.82753,37.54758],[126.82747,37.54745],[126.82745,37.547],[126.82712,37.54669],[126.82702,37.54608],[126.82662,37.54546],[126.82601,37.54488],[126.82574,37.5443],[126.82571,37.54391],[126.82608,37.5433],[126.82608,37.54295],[126.82536,37.54209],[126.82541,37.54172],[126.8254,37.5417],[126.82539,37.54168],[126.82443,37.54136],[126.82415,37.54136],[126.82205,37.54066],[126.82159,37.53971],[126.82232,37.53792],[126.82243,37.53654],[126.82193,37.53505],[126.82192,37.53483],[126.82262,37.5342],[126.8227,37.53375],[126.82355,37.53376],[126.82343,37.53262],[126.82396,37.53181],[126.82458,37.53122],[126.82474,37.5306],[126.82531,37.52996],[126.82556,37.52985],[126.82707,37.52971],[126.82821,37.52903],[126.82787,37.52836],[126.82794,37.528],[126.82843,37.5267],[126.82815,37.52583],[126.82731,37.52528],[126.82675,37.52513],[126.82613,37.5243],[126.82582,37.52371],[126.82514,37.52301],[126.82566,37.52224],[126.82548,37.52175],[126.82565,37.52103],[126.82562,37.52008],[126.82459,37.51805],[126.8245,37.51772],[126.8231,37.51622],[126.8234,37.51495],[126.82426,37.51447],[126.82441,37.51318],[126.82415,37.51244],[126.82386,37.51088],[126.82434,37.51023],[126.8239,37.5091],[126.82408,37.50888],[126.82469,37.50832],[126.82627,37.50877],[126.82688,37.50852],[126.82706,37.5085],[126.82709,37.5093],[126.82663,37.50951],[126.82646,37.50952],[126.82674,37.50975],[126.8271,37.51114]]]},"properties":{"g":"11470","gn":"양천구","d":"10300","n":"신월동"},"id":"LT_C_ADEMD_INFO.1844"},
{"type":"Feature","geometry":{"type":"Polygon","coordinates":[[[126.86304,37.565],[126.86224,37.56407],[126.86166,37.56343],[126.8638,37.56214],[126.86515,37.56135],[126.86589,37.56114],[126.86764,37.56018],[126.86764,37.56012],[126.86762,37.56003],[126.86759,37.55999],[126.86743,37.55971],[126.86731,37.55972],[126.86728,37.55963],[126.86595,37.55923],[126.86586,37.5592],[126.86558,37.55909],[126.86551,37.55904],[126.86533,37.5589],[126.86498,37.55859],[126.86483,37.55846],[126.86448,37.55815],[126.86432,37.558],[126.86409,37.55777],[126.86391,37.5576],[126.86332,37.55694],[126.86333,37.55669],[126.86459,37.556],[126.86584,37.55501],[126.86658,37.55452],[126.86731,37.55418],[126.86503,37.55099],[126.86575,37.55065],[126.8672,37.54979],[126.87026,37.54794],[126.87066,37.54772],[126.8718,37.54728],[126.87329,37.54698],[126.87405,37.54694],[126.87773,37.54709],[126.87775,37.54709],[126.87791,37.5471],[126.87796,37.5471],[126.87798,37.5471],[126.87798,37.54711],[126.88026,37.54774],[126.87998,37.5481],[126.87997,37.54811],[126.87995,37.54813],[126.88012,37.54815],[126.88048,37.54819],[126.88065,37.54815],[126.88079,37.54809],[126.88074,37.54813],[126.88068,37.54818],[126.88036,37.54845],[126.87985,37.54936],[126.87921,37.55031],[126.87805,37.5517],[126.87795,37.55345],[126.87824,37.55358],[126.87922,37.55315],[126.87924,37.55475],[126.88046,37.55627],[126.87418,37.55948],[126.86895,37.56202],[126.86629,37.56305],[126.86383,37.56449],[126.86304,37.565]]]},"properties":{"g":"11500","gn":"강서구","d":"10100","n":"염창동"},"id":"LT_C_ADEMD_INFO.1845"},
{"type":"Feature","geometry":{"type":"Polygon","coordinates":[[[126.84101,37.56842],[126.84106,37.56831],[126.84067,37.56658],[126.83954,37.5631],[126.83844,37.55966],[126.83859,37.55965],[126.83824,37.55856],[126.84008,37.55838],[126.84234,37.55815],[126.84441,37.55794],[126.8454,37.55785],[126.84687,37.5577],[126.84803,37.55743],[126.8565,37.55447],[126.8565,37.55427],[126.85761,37.55388],[126.85726,37.55347],[126.85716,37.55307],[126.85737,37.55237],[126.85745,37.55153],[126.85809,37.55147],[126.85743,37.55073],[126.85737,37.55003],[126.85686,37.54963],[126.85701,37.549],[126.85611,37.54718],[126.85537,37.54661],[126.85502,37.5465],[126.85482,37.54599],[126.85482,37.54501],[126.855,37.5447],[126.85442,37.54392],[126.85561,37.54296],[126.85711,37.54247],[126.85751,37.54227],[126.85788,37.54238],[126.85849,37.54215],[126.85976,37.54187],[126.86043,37.54144],[126.86058,37.54043],[126.86037,37.54002],[126.86058,37.53956],[126.86065,37.53854],[126.86091,37.53843],[126.86104,37.53779],[126.86094,37.53717],[126.86123,37.53678],[126.86179,37.53637],[126.86177,37.53554],[126.86347,37.53563],[126.86344,37.53619],[126.86378,37.54026],[126.86378,37.54032],[126.86373,37.54094],[126.86343,37.54172],[126.86279,37.54271],[126.86217,37.54392],[126.86216,37.54393],[126.86212,37.54415],[126.86211,37.54436],[126.86212,37.54449],[126.86289,37.54696],[126.86334,37.54839],[126.8634,37.54859],[126.86399,37.55047],[126.86413,37.55092],[126.86417,37.55104],[126.86421,37.55115],[126.86431,37.55119],[126.86436,37.5512],[126.8644,37.55122],[126.86445,37.55124],[126.86446,37.55124],[126.86447,37.55124],[126.86503,37.55099],[126.86731,37.55418],[126.86658,37.55452],[126.86584,37.55501],[126.86459,37.556],[126.86333,37.55669],[126.85518,37.56106],[126.85323,37.56205],[126.84867,37.56443],[126.8475,37.565],[126.84745,37.56502],[126.84519,37.56624],[126.84456,37.56651],[126.84101,37.56842]]]},"properties":{"g":"11500","gn":"강서구","d":"10200","n":"등촌동"},"id":"LT_C_ADEMD_INFO.1846"},
{"type":"Feature","geometry":{"type":"Polygon","coordinates":[[[126.82976,37.54773],[126.8298,37.54747],[126.82993,37.54689],[126.83,37.54662],[126.83,37.54655],[126.83004,37.54648],[126.83005,37.54645],[126.83013,37.5462],[126.8303,37.54605],[126.83036,37.54559],[126.83017,37.54508],[126.83013,37.54493],[126.83003,37.54464],[126.82991,37.54444],[126.82977,37.54425],[126.82968,37.5441],[126.82968,37.54407],[126.82972,37.54388],[126.82973,37.54386],[126.82972,37.54374],[126.82997,37.54316],[126.83007,37.54295],[126.83023,37.54263],[126.83016,37.54258],[126.83001,37.54252],[126.82999,37.5417],[126.82998,37.54166],[126.8301,37.5416],[126.83013,37.54162],[126.8302,37.5416],[126.83054,37.54176],[126.83191,37.54181],[126.83256,37.54183],[126.83259,37.54183],[126.83268,37.54183],[126.83274,37.5418],[126.83275,37.5418],[126.83276,37.5418],[126.83282,37.54181],[126.83293,37.54183],[126.83301,37.54184],[126.83302,37.54184],[126.83303,37.54184],[126.83306,37.54185],[126.8331,37.54185],[126.83373,37.53984],[126.83516,37.53753],[126.83517,37.53749],[126.83521,37.53723],[126.83515,37.53688],[126.83513,37.53684],[126.83511,37.53673],[126.83441,37.53646],[126.83731,37.53168],[126.84048,37.52649],[126.84838,37.52782],[126.84861,37.52786],[126.84875,37.52788],[126.84887,37.5279],[126.85508,37.52868],[126.85817,37.52906],[126.85949,37.52923],[126.86397,37.52979],[126.86389,37.53071],[126.86348,37.53561],[126.86347,37.53563],[126.86177,37.53554],[126.86179,37.53637],[126.86123,37.53678],[126.86094,37.53717],[126.86104,37.53779],[126.86091,37.53843],[126.86065,37.53854],[126.86058,37.53956],[126.86037,37.54002],[126.86058,37.54043],[126.86043,37.54144],[126.85976,37.54187],[126.85849,37.54215],[126.85788,37.54238],[126.85751,37.54227],[126.85711,37.54247],[126.85561,37.54296],[126.85442,37.54392],[126.855,37.5447],[126.85482,37.54501],[126.85482,37.54599],[126.85502,37.5465],[126.85537,37.54661],[126.85611,37.54718],[126.85701,37.549],[126.85686,37.54963],[126.85737,37.55003],[126.85743,37.55073],[126.85809,37.55147],[126.85745,37.55153],[126.85737,37.55237],[126.85716,37.55307],[126.85726,37.55347],[126.85761,37.55388],[126.8565,37.55427],[126.8565,37.55447],[126.84803,37.55743],[126.84687,37.5577],[126.8454,37.55785],[126.84559,37.55724],[126.84544,37.5566],[126.84574,37.55562],[126.84567,37.5549],[126.84582,37.5545],[126.84566,37.554],[126.84553,37.55384],[126.84537,37.5537],[126.8452,37.55355],[126.84506,37.55342],[126.84478,37.55323],[126.84472,37.5532],[126.84424,37.55298],[126.84351,37.55286],[126.84334,37.5528],[126.84323,37.55273],[126.84317,37.55269],[126.84316,37.55267],[126.84312,37.55262],[126.84306,37.55249],[126.84218,37.5512],[126.84226,37.55102],[126.84186,37.55058],[126.8416,37.55049],[126.84097,37.55043],[126.84061,37.5505],[126.84005,37.55096],[126.84,37.55097],[126.83972,37.55105],[126.83936,37.55115],[126.83933,37.55107],[126.83926,37.55083],[126.83925,37.5508],[126.83783,37.55081],[126.8365,37.55081],[126.83633,37.55081],[126.83633,37.5499],[126.83633,37.54855],[126.83633,37.54821],[126.83633,37.54797],[126.83616,37.54797],[126.83557,37.54797],[126.83331,37.54797],[126.83323,37.5479],[126.83318,37.5476],[126.83317,37.54758],[126.83315,37.54756],[126.83293,37.5474],[126.83284,37.54752],[126.83248,37.54745],[126.83109,37.54749],[126.83092,37.54776],[126.82976,37.54773]]]},"properties":{"g":"11500","gn":"강서구","d":"10300","n":"화곡동"},"id":"LT_C_ADEMD_INFO.1847"},
{"type":"Feature","geometry":{"type":"Polygon","coordinates":[[[126.83825,37.57126],[126.83883,37.57155],[126.83892,37.57153],[126.83899,37.57187],[126.83897,37.57192],[126.83896,37.57208],[126.83896,37.57229],[126.83891,37.57238],[126.83894,37.57312],[126.83902,37.57346],[126.83886,37.57371],[126.83937,37.574],[126.83974,37.57448],[126.83972,37.57515],[126.84001,37.57546],[126.83994,37.5756],[126.83975,37.576],[126.83988,37.57669],[126.84241,37.57926],[126.84233,37.57928],[126.8381,37.58179],[126.83715,37.58256],[126.83459,37.58411],[126.83176,37.58584],[126.82781,37.58748],[126.82635,37.58843],[126.82338,37.58585],[126.82261,37.58527],[126.82145,37.58461],[126.82,37.58482],[126.81881,37.58451],[126.81916,37.58434],[126.8188,37.58385],[126.81863,37.58325],[126.81871,37.58299],[126.81962,37.58227],[126.81977,37.58146],[126.81975,37.58041],[126.81987,37.58034],[126.82002,37.57916],[126.81927,37.57857],[126.81921,37.57802],[126.81956,37.57684],[126.82054,37.5751],[126.82061,37.5748],[126.8206,37.57349],[126.82037,37.57317],[126.81691,37.57326],[126.81695,37.57302],[126.81677,37.56556],[126.81676,37.5652],[126.81675,37.56455],[126.81676,37.56452],[126.8167,37.5609],[126.81656,37.55728],[126.81659,37.55659],[126.81661,37.55634],[126.8199,37.55672],[126.81997,37.55548],[126.82034,37.55518],[126.82259,37.55679],[126.82395,37.55565],[126.8249,37.55559],[126.82575,37.55554],[126.82617,37.55551],[126.83173,37.55517],[126.8322,37.55485],[126.83283,37.55508],[126.83363,37.55505],[126.83624,37.55481],[126.83733,37.55824],[126.83746,37.55864],[126.83824,37.55856],[126.83859,37.55965],[126.83844,37.55966],[126.83844,37.55967],[126.83954,37.5631],[126.84067,37.56658],[126.84106,37.56831],[126.84101,37.56842],[126.84055,37.56867],[126.84053,37.56868],[126.84031,37.5688],[126.84022,37.56885],[126.83998,37.56898],[126.83984,37.56905],[126.83956,37.56921],[126.83954,37.56922],[126.83926,37.56937],[126.83918,37.56941],[126.83906,37.56948],[126.83898,37.56952],[126.83879,37.56962],[126.83836,37.56986],[126.83801,37.57007],[126.83791,37.57012],[126.83803,37.57036],[126.83771,37.57053],[126.83753,37.57063],[126.8378,37.57075],[126.83781,37.57085],[126.83784,37.57111],[126.83794,37.57114],[126.83825,37.57126]]]},"properties":{"g":"11500","gn":"강서구","d":"10500","n":"마곡동"},"id":"LT_C_ADEMD_INFO.1848"},
{"type":"Feature","geometry":{"type":"Polygon","coordinates":[[[126.82747,37.54745],[126.82753,37.54758],[126.82755,37.54761],[126.82758,37.54768],[126.82762,37.54769],[126.82798,37.54756],[126.82976,37.54773],[126.83092,37.54776],[126.83109,37.54749],[126.83248,37.54745],[126.83284,37.54752],[126.83293,37.5474],[126.83313,37.54754],[126.83315,37.54756],[126.83318,37.5476],[126.83323,37.5479],[126.83328,37.54785],[126.83331,37.54797],[126.83616,37.54797],[126.83623,37.54797],[126.83633,37.54797],[126.83633,37.5499],[126.83633,37.55039],[126.83633,37.55076],[126.83633,37.55081],[126.83783,37.55081],[126.83854,37.5508],[126.83925,37.5508],[126.83926,37.55083],[126.83933,37.55107],[126.83936,37.55115],[126.84005,37.55096],[126.84061,37.5505],[126.84097,37.55043],[126.8416,37.55049],[126.84186,37.55058],[126.84226,37.55102],[126.84218,37.5512],[126.84306,37.55249],[126.84312,37.55262],[126.84316,37.55267],[126.84317,37.55269],[126.84334,37.5528],[126.84351,37.55286],[126.84424,37.55298],[126.84472,37.5532],[126.84478,37.55323],[126.84506,37.55342],[126.84553,37.55384],[126.84566,37.554],[126.84582,37.5545],[126.84567,37.5549],[126.84574,37.55562],[126.84544,37.5566],[126.84559,37.55724],[126.84556,37.55754],[126.84549,37.55759],[126.84548,37.55761],[126.84547,37.55766],[126.8454,37.55785],[126.84441,37.55794],[126.84234,37.55815],[126.84008,37.55838],[126.83824,37.55856],[126.83781,37.5586],[126.83751,37.55863],[126.83746,37.55864],[126.83733,37.55824],[126.83624,37.55481],[126.83363,37.55505],[126.83283,37.55508],[126.8322,37.55485],[126.83173,37.55517],[126.82617,37.55551],[126.82575,37.55554],[126.8249,37.55559],[126.82395,37.55565],[126.82514,37.55466],[126.82248,37.55264],[126.8224,37.5525],[126.82121,37.55164],[126.82223,37.55083],[126.82293,37.54969],[126.82242,37.54932],[126.82188,37.54913],[126.82005,37.54889],[126.82115,37.54717],[126.82218,37.54732],[126.82222,37.54698],[126.82383,37.54711],[126.82391,37.54743],[126.82507,37.54742],[126.82572,37.54779],[126.82744,37.54745],[126.82747,37.54745]]]},"properties":{"g":"11500","gn":"강서구","d":"10600","n":"내발산동"},"id":"LT_C_ADEMD_INFO.1849"},
{"type":"Feature","geometry":{"type":"Polygon","coordinates":[[[126.82395,37.55565],[126.82259,37.55679],[126.82034,37.55518],[126.82017,37.55532],[126.8201,37.55526],[126.82006,37.55523],[126.81872,37.55422],[126.81867,37.55418],[126.81837,37.55395],[126.81813,37.55377],[126.81805,37.55371],[126.81795,37.55363],[126.81792,37.55362],[126.81782,37.55354],[126.8177,37.55345],[126.81762,37.55339],[126.81728,37.55312],[126.81721,37.55308],[126.81711,37.55301],[126.81691,37.55286],[126.81678,37.55277],[126.81678,37.55276],[126.81623,37.55234],[126.81417,37.55076],[126.81376,37.55047],[126.81375,37.55047],[126.81367,37.55042],[126.81366,37.55042],[126.81387,37.54973],[126.81378,37.54807],[126.81392,37.54733],[126.81436,37.5468],[126.81447,37.5463],[126.81488,37.54583],[126.81528,37.54559],[126.81491,37.54417],[126.81484,37.54409],[126.81474,37.54406],[126.81468,37.54405],[126.8147,37.54393],[126.81456,37.54375],[126.81436,37.54358],[126.81432,37.54357],[126.8142,37.54356],[126.81415,37.54358],[126.81381,37.54351],[126.81351,37.54341],[126.81336,37.54335],[126.81335,37.54334],[126.8134,37.54326],[126.81352,37.54277],[126.81301,37.54146],[126.81233,37.54074],[126.81351,37.54063],[126.81473,37.54068],[126.81535,37.54058],[126.81657,37.54056],[126.81735,37.54066],[126.81932,37.54074],[126.82094,37.54075],[126.82207,37.54067],[126.82415,37.54136],[126.82443,37.54136],[126.82539,37.54168],[126.8254,37.5417],[126.82541,37.54172],[126.82536,37.54209],[126.82608,37.54295],[126.82608,37.5433],[126.82571,37.54391],[126.82574,37.5443],[126.82601,37.54488],[126.82662,37.54546],[126.82702,37.54608],[126.82712,37.54669],[126.82745,37.547],[126.82747,37.54745],[126.82744,37.54745],[126.82572,37.54779],[126.82507,37.54742],[126.82391,37.54743],[126.82383,37.54711],[126.82222,37.54698],[126.82218,37.54732],[126.82115,37.54717],[126.82005,37.54889],[126.82188,37.54913],[126.82242,37.54932],[126.82293,37.54969],[126.82223,37.55083],[126.82121,37.55164],[126.8224,37.5525],[126.82248,37.55264],[126.82514,37.55466],[126.82395,37.55565]]]},"properties":{"g":"11500","gn":"강서구","d":"10700","n":"외발산동"},"id":"LT_C_ADEMD_INFO.1850"},
{"type":"Feature","geometry":{"type":"Polygon","coordinates":[[[126.81661,37.55634],[126.81659,37.55659],[126.81656,37.55728],[126.8167,37.5609],[126.81676,37.56452],[126.81667,37.56454],[126.81588,37.56453],[126.81532,37.56424],[126.81461,37.56423],[126.81313,37.56448],[126.81249,37.56407],[126.81205,37.56407],[126.81131,37.56442],[126.81038,37.56359],[126.80856,37.56223],[126.80752,37.56163],[126.8062,37.56117],[126.80487,37.56101],[126.80368,37.56121],[126.80192,37.56101],[126.80183,37.56099],[126.8016,37.56097],[126.80123,37.56093],[126.80101,37.56091],[126.80085,37.56089],[126.80005,37.56077],[126.7998,37.56073],[126.79967,37.56071],[126.79957,37.56069],[126.79945,37.56067],[126.79908,37.5606],[126.79897,37.56058],[126.79869,37.56053],[126.79857,37.56052],[126.79814,37.5605],[126.79801,37.5605],[126.79777,37.56049],[126.79742,37.56047],[126.79735,37.56042],[126.79733,37.56029],[126.79733,37.5602],[126.79734,37.56015],[126.79738,37.56005],[126.79741,37.5599],[126.79744,37.55981],[126.79749,37.55965],[126.79751,37.55957],[126.79753,37.55947],[126.79754,37.55939],[126.79759,37.55929],[126.79761,37.55929],[126.79764,37.55923],[126.79758,37.55911],[126.79738,37.55894],[126.79739,37.55888],[126.79742,37.55869],[126.79744,37.55855],[126.79745,37.55851],[126.79746,37.55845],[126.7975,37.55839],[126.79757,37.55825],[126.79766,37.5581],[126.79776,37.55794],[126.7978,37.55787],[126.7979,37.55768],[126.79793,37.55764],[126.79798,37.55756],[126.79806,37.55746],[126.79811,37.5574],[126.79817,37.55733],[126.79835,37.55711],[126.79841,37.55704],[126.79843,37.557],[126.79846,37.55698],[126.79859,37.55682],[126.79863,37.55676],[126.79879,37.55656],[126.79894,37.55639],[126.79897,37.55632],[126.79905,37.55622],[126.79921,37.55602],[126.79941,37.55578],[126.79956,37.55559],[126.79978,37.55529],[126.79992,37.55508],[126.79999,37.55497],[126.80004,37.55489],[126.80013,37.55477],[126.80037,37.55443],[126.80037,37.55442],[126.80049,37.55425],[126.80053,37.5542],[126.80064,37.55396],[126.8007,37.5538],[126.80072,37.55375],[126.80078,37.55362],[126.80084,37.55348],[126.80099,37.5531],[126.801,37.55316],[126.80098,37.55322],[126.80106,37.55315],[126.8011,37.5531],[126.80123,37.55281],[126.8013,37.55261],[126.80136,37.55248],[126.80141,37.55239],[126.80151,37.55218],[126.80155,37.55206],[126.80159,37.55195],[126.80165,37.55181],[126.8017,37.55164],[126.80176,37.55141],[126.8018,37.55128],[126.80185,37.55127],[126.80182,37.55103],[126.80178,37.55081],[126.80177,37.55075],[126.80173,37.55053],[126.80168,37.55027],[126.80166,37.55011],[126.80164,37.55005],[126.80161,37.54979],[126.80166,37.54956],[126.80173,37.54948],[126.80187,37.54919],[126.80186,37.54914],[126.80192,37.549],[126.80205,37.54858],[126.80213,37.5484],[126.80219,37.54823],[126.80221,37.54804],[126.80221,37.54799],[126.80245,37.54739],[126.8028,37.54704],[126.80293,37.54691],[126.803,37.54683],[126.80317,37.54657],[126.80319,37.54654],[126.80332,37.54628],[126.80336,37.54622],[126.80345,37.54609],[126.80359,37.54589],[126.80373,37.54571],[126.80389,37.54557],[126.80402,37.54551],[126.8046,37.54543],[126.80472,37.54539],[126.80474,37.5454],[126.80475,37.54541],[126.80498,37.54529],[126.80556,37.54491],[126.806,37.54459],[126.80624,37.54441],[126.80687,37.5439],[126.80865,37.54288],[126.81059,37.5415],[126.81233,37.54074],[126.81301,37.54146],[126.81352,37.54277],[126.81335,37.54334],[126.81336,37.54335],[126.81351,37.54341],[126.81381,37.54351],[126.81415,37.54358],[126.8142,37.54356],[126.81432,37.54357],[126.81436,37.54358],[126.81437,37.54364],[126.8145,37.54376],[126.81456,37.54375],[126.8147,37.54393],[126.81468,37.54405],[126.81474,37.54406],[126.81484,37.54409],[126.81485,37.54412],[126.81491,37.54417],[126.81528,37.54559],[126.81488,37.54583],[126.81447,37.5463],[126.81436,37.5468],[126.81392,37.54733],[126.81378,37.54807],[126.81387,37.54973],[126.81366,37.55042],[126.81367,37.55042],[126.81375,37.55047],[126.81376,37.55047],[126.81417,37.55076],[126.81623,37.55234],[126.81678,37.55276],[126.81678,37.55277],[126.81691,37.55286],[126.81711,37.55301],[126.81721,37.55308],[126.81728,37.55312],[126.81762,37.55339],[126.8177,37.55345],[126.81782,37.55354],[126.81784,37.55356],[126.81786,37.55357],[126.81792,37.55362],[126.81795,37.55363],[126.81805,37.55371],[126.81813,37.55377],[126.81837,37.55395],[126.81867,37.55418],[126.81872,37.55422],[126.82006,37.55523],[126.8201,37.55526],[126.82017,37.55532],[126.81997,37.55548],[126.8199,37.55672],[126.81661,37.55634]]]},"properties":{"g":"11500","gn":"강서구","d":"10800","n":"공항동"},"id":"LT_C_ADEMD_INFO.1851"},
{"type":"Feature","geometry":{"type":"Polygon","coordinates":[[[126.82635,37.58843],[126.82522,37.58912],[126.82005,37.5924],[126.8193,37.59285],[126.81868,37.59372],[126.81837,37.59321],[126.81787,37.5924],[126.81756,37.592],[126.81749,37.59187],[126.81745,37.59183],[126.8174,37.59178],[126.81705,37.5912],[126.81694,37.59102],[126.81686,37.5909],[126.81665,37.59056],[126.8166,37.5905],[126.81645,37.59031],[126.81637,37.59016],[126.81623,37.58993],[126.8158,37.58923],[126.81568,37.58909],[126.81531,37.58849],[126.81516,37.5883],[126.81513,37.58823],[126.81506,37.5881],[126.81493,37.58792],[126.81477,37.5877],[126.81468,37.58753],[126.81461,37.58742],[126.81456,37.58732],[126.81456,37.58725],[126.81467,37.5872],[126.81499,37.58705],[126.8153,37.58683],[126.81519,37.58657],[126.81529,37.58617],[126.81543,37.58602],[126.81541,37.58585],[126.81532,37.58574],[126.81512,37.58557],[126.81499,37.58544],[126.8149,37.58525],[126.81487,37.58514],[126.81476,37.58487],[126.8147,37.58464],[126.8147,37.58459],[126.81468,37.58454],[126.81471,37.58445],[126.81472,37.58439],[126.81469,37.58428],[126.81473,37.58422],[126.81475,37.58414],[126.81473,37.58411],[126.8146,37.58394],[126.81455,37.58382],[126.81455,37.58376],[126.81455,37.58369],[126.81451,37.58365],[126.81443,37.58346],[126.81415,37.58263],[126.81365,37.58342],[126.8134,37.58347],[126.81293,37.58385],[126.8127,37.58364],[126.81199,37.58305],[126.81183,37.58308],[126.8116,37.58313],[126.81056,37.58348],[126.80996,37.58358],[126.80935,37.58362],[126.80887,37.5835],[126.80806,37.58315],[126.80783,37.58261],[126.80773,37.58238],[126.80728,37.58227],[126.80724,37.58226],[126.80633,37.58202],[126.80636,37.58164],[126.80643,37.58135],[126.80596,37.58048],[126.80595,37.58044],[126.80578,37.57987],[126.80563,37.57957],[126.80624,37.57947],[126.80594,37.57895],[126.80597,37.57789],[126.80518,37.57719],[126.80478,37.57604],[126.80472,37.57568],[126.80446,37.57489],[126.8041,37.57447],[126.80403,37.57437],[126.80393,37.57419],[126.80391,37.57415],[126.80386,37.57406],[126.80385,37.57403],[126.80375,37.57406],[126.80341,37.57432],[126.80314,37.57443],[126.80309,37.57445],[126.80293,37.57452],[126.80283,37.57456],[126.80267,37.57467],[126.80257,37.57468],[126.80255,37.57452],[126.8025,37.57438],[126.80222,37.57368],[126.80207,37.57334],[126.80169,37.57276],[126.80162,37.57269],[126.80147,37.57254],[126.80125,37.5723],[126.80077,37.57192],[126.80069,37.57177],[126.80065,37.57168],[126.80066,37.57166],[126.80066,37.57152],[126.80116,37.57078],[126.80122,37.57066],[126.80123,37.57063],[126.80124,37.57052],[126.80108,37.57027],[126.80106,37.57025],[126.80094,37.57013],[126.80074,37.56993],[126.80066,37.56981],[126.80056,37.5697],[126.80047,37.56958],[126.80021,37.56935],[126.80006,37.56924],[126.79997,37.56915],[126.79981,37.56894],[126.7998,37.56894],[126.79965,37.56874],[126.79943,37.56855],[126.79925,37.56839],[126.79914,37.56829],[126.79898,37.56816],[126.79893,37.56811],[126.79881,37.56803],[126.79855,37.56775],[126.79855,37.56769],[126.79855,37.56762],[126.79853,37.56749],[126.79853,37.56747],[126.79853,37.56739],[126.79847,37.56725],[126.79839,37.56702],[126.79807,37.56637],[126.79798,37.5662],[126.7979,37.56604],[126.79774,37.56571],[126.79765,37.56554],[126.79754,37.56532],[126.79759,37.56522],[126.79766,37.56497],[126.79766,37.56494],[126.79763,37.56479],[126.79761,37.56464],[126.79762,37.56455],[126.7978,37.56444],[126.79826,37.56415],[126.79841,37.56405],[126.79857,37.56398],[126.79891,37.56362],[126.79907,37.56318],[126.79911,37.56307],[126.79914,37.563],[126.79924,37.563],[126.79961,37.56274],[126.80005,37.56249],[126.8003,37.56238],[126.80065,37.56234],[126.80068,37.56231],[126.80105,37.5622],[126.80139,37.5621],[126.80168,37.56193],[126.80176,37.56163],[126.80184,37.56134],[126.8019,37.56109],[126.80192,37.56101],[126.80368,37.56121],[126.80487,37.56101],[126.8062,37.56117],[126.80752,37.56163],[126.80856,37.56223],[126.81038,37.56359],[126.81131,37.56442],[126.81205,37.56407],[126.81249,37.56407],[126.81313,37.56448],[126.81461,37.56423],[126.81532,37.56424],[126.81588,37.56453],[126.81667,37.56454],[126.81675,37.56455],[126.81676,37.5652],[126.81677,37.56556],[126.81695,37.57302],[126.81691,37.57326],[126.82037,37.57317],[126.8206,37.57349],[126.82061,37.5748],[126.82054,37.5751],[126.81956,37.57684],[126.81921,37.57802],[126.81927,37.57857],[126.82002,37.57916],[126.81987,37.58034],[126.81975,37.58041],[126.81977,37.58146],[126.81962,37.58227],[126.81871,37.58299],[126.81863,37.58325],[126.8188,37.58385],[126.81916,37.58434],[126.81881,37.58451],[126.82,37.58482],[126.82145,37.58461],[126.82261,37.58527],[126.82338,37.58585],[126.82635,37.58843]]]},"properties":{"g":"11500","gn":"강서구","d":"10900","n":"방화동"},"id":"LT_C_ADEMD_INFO.1852"},
{"type":"Feature","geometry":{"type":"Polygon","coordinates":[[[126.81837,37.59321],[126.81868,37.59372],[126.81753,37.59533],[126.81656,37.59568],[126.81395,37.59762],[126.81137,37.59896],[126.80824,37.60121],[126.80586,37.60258],[126.80258,37.60503],[126.79994,37.60254],[126.79979,37.60191],[126.79993,37.60144],[126.79922,37.60112],[126.79869,37.60045],[126.79817,37.60034],[126.79786,37.5999],[126.79755,37.59881],[126.79748,37.59767],[126.79708,37.59774],[126.79745,37.59525],[126.79808,37.59424],[126.79866,37.59367],[126.80041,37.59241],[126.80005,37.59203],[126.79961,37.59244],[126.79899,37.59243],[126.7988,37.59132],[126.79945,37.59113],[126.80004,37.59039],[126.80052,37.59031],[126.80123,37.58935],[126.80078,37.58904],[126.80094,37.58817],[126.80074,37.58783],[126.79939,37.58808],[126.79877,37.58807],[126.7976,37.58641],[126.79753,37.58598],[126.79723,37.58539],[126.79668,37.58491],[126.7971,37.58427],[126.79568,37.58336],[126.79554,37.58515],[126.79493,37.5852],[126.79488,37.58441],[126.79493,37.58343],[126.79471,37.58264],[126.79441,37.58269],[126.79454,37.58355],[126.79409,37.58425],[126.79344,37.58452],[126.79391,37.58296],[126.79389,37.58225],[126.79329,37.58032],[126.79286,37.58022],[126.79307,37.57864],[126.79319,37.57843],[126.79322,37.57689],[126.79274,37.57684],[126.79272,37.57743],[126.79254,37.57841],[126.79249,37.57914],[126.79227,37.58005],[126.79167,37.58108],[126.79073,37.58061],[126.79082,37.57897],[126.79057,37.57777],[126.78995,37.57763],[126.78934,37.57772],[126.78847,37.5768],[126.78917,37.57557],[126.78859,37.57575],[126.78814,37.57617],[126.78756,37.57556],[126.79914,37.56852],[126.79893,37.56811],[126.79898,37.56816],[126.79914,37.56829],[126.79925,37.56839],[126.79943,37.56855],[126.79965,37.56874],[126.7998,37.56894],[126.79981,37.56894],[126.79997,37.56915],[126.80006,37.56924],[126.80021,37.56935],[126.80047,37.56958],[126.80056,37.5697],[126.80066,37.56981],[126.80074,37.56993],[126.80094,37.57013],[126.80106,37.57025],[126.80108,37.57027],[126.80124,37.57052],[126.80123,37.57063],[126.80122,37.57066],[126.80116,37.57078],[126.80066,37.57152],[126.80066,37.57166],[126.80065,37.57168],[126.80069,37.57177],[126.80077,37.57192],[126.80125,37.5723],[126.80147,37.57254],[126.80162,37.57269],[126.80169,37.57276],[126.80207,37.57334],[126.80222,37.57368],[126.8025,37.57438],[126.80255,37.57452],[126.80257,37.57468],[126.80267,37.57467],[126.80283,37.57456],[126.80293,37.57452],[126.80309,37.57445],[126.80314,37.57443],[126.80341,37.57432],[126.80375,37.57406],[126.80385,37.57403],[126.80386,37.57406],[126.80391,37.57415],[126.80393,37.57419],[126.80403,37.57437],[126.8041,37.57447],[126.80446,37.57489],[126.80472,37.57568],[126.80478,37.57604],[126.80518,37.57719],[126.80597,37.57789],[126.80594,37.57895],[126.80624,37.57947],[126.80563,37.57957],[126.80578,37.57987],[126.80595,37.58044],[126.80596,37.58048],[126.80643,37.58135],[126.80636,37.58164],[126.80633,37.58202],[126.80724,37.58226],[126.80728,37.58227],[126.80773,37.58238],[126.80783,37.58261],[126.80806,37.58315],[126.80887,37.5835],[126.80935,37.58362],[126.80996,37.58358],[126.81056,37.58348],[126.8116,37.58313],[126.81183,37.58308],[126.81199,37.58305],[126.8127,37.58364],[126.81293,37.58385],[126.8134,37.58347],[126.81365,37.58342],[126.81415,37.58263],[126.81443,37.58346],[126.81451,37.58365],[126.81455,37.58369],[126.81455,37.58376],[126.81455,37.58382],[126.8146,37.58394],[126.81473,37.58411],[126.81475,37.58414],[126.81473,37.58422],[126.81469,37.58428],[126.81472,37.58439],[126.81471,37.58445],[126.81468,37.58454],[126.8147,37.58459],[126.8147,37.58464],[126.81476,37.58487],[126.81487,37.58514],[126.8149,37.58525],[126.81499,37.58544],[126.81512,37.58557],[126.81532,37.58574],[126.81541,37.58585],[126.81543,37.58602],[126.81529,37.58617],[126.81519,37.58657],[126.8153,37.58683],[126.81499,37.58705],[126.81467,37.5872],[126.81456,37.58725],[126.81456,37.58732],[126.81461,37.58742],[126.81468,37.58753],[126.81477,37.5877],[126.81493,37.58792],[126.81506,37.5881],[126.81513,37.58823],[126.81516,37.5883],[126.81531,37.58849],[126.81568,37.58909],[126.8158,37.58923],[126.81623,37.58993],[126.81637,37.59016],[126.81645,37.59031],[126.8166,37.5905],[126.81665,37.59056],[126.81686,37.5909],[126.81694,37.59102],[126.81705,37.5912],[126.8174,37.59178],[126.81745,37.59183],[126.81749,37.59187],[126.81756,37.592],[126.81787,37.5924],[126.81837,37.59321]]]},"properties":{"g":"11500","gn":"강서구","d":"11000","n":"개화동"},"id":"LT_C_ADEMD_INFO.1853"},
{"type":"Feature","geometry":{"type":"Polygon","coordinates":[[[126.78756,37.57556],[126.78525,37.57486],[126.78399,37.5742],[126.78241,37.57361],[126.78214,37.57317],[126.78218,37.57267],[126.7819,37.57181],[126.78145,37.5715],[126.78263,37.57055],[126.78239,37.5703],[126.78132,37.57018],[126.78056,37.57049],[126.78048,37.57027],[126.781,37.5699],[126.78112,37.5696],[126.7818,37.56939],[126.78163,37.5689],[126.78093,37.56871],[126.78047,37.56829],[126.78043,37.56761],[126.78024,37.56745],[126.77921,37.56832],[126.77901,37.56787],[126.77908,37.56733],[126.77781,37.56699],[126.7772,37.56663],[126.77695,37.56621],[126.7766,37.56623],[126.77633,37.56709],[126.7754,37.56732],[126.77556,37.56774],[126.77538,37.56821],[126.77476,37.56771],[126.77475,37.56731],[126.77499,37.56691],[126.77513,37.56588],[126.77544,37.56577],[126.776,37.56513],[126.77611,37.56481],[126.7771,37.56372],[126.77674,37.56324],[126.77663,37.56237],[126.77751,37.56228],[126.77754,37.56169],[126.77794,37.56015],[126.77771,37.56008],[126.77761,37.55986],[126.78091,37.55895],[126.78023,37.55774],[126.78085,37.55734],[126.78221,37.55732],[126.78277,37.55711],[126.78353,37.55706],[126.78406,37.55686],[126.78441,37.55718],[126.78506,37.55743],[126.78552,37.55783],[126.78689,37.55812],[126.7895,37.55901],[126.79045,37.5594],[126.79121,37.55988],[126.79258,37.56021],[126.79342,37.56024],[126.79475,37.55997],[126.79605,37.56018],[126.79682,37.56042],[126.79736,37.56046],[126.79742,37.56047],[126.79777,37.56049],[126.79801,37.5605],[126.79814,37.5605],[126.79857,37.56052],[126.79869,37.56053],[126.79897,37.56058],[126.79908,37.5606],[126.79945,37.56067],[126.79957,37.56069],[126.79967,37.56071],[126.7998,37.56073],[126.80005,37.56077],[126.80085,37.56089],[126.80101,37.56091],[126.80123,37.56093],[126.8016,37.56097],[126.80183,37.56099],[126.8019,37.56109],[126.80184,37.56134],[126.80176,37.56163],[126.80168,37.56193],[126.80139,37.5621],[126.80105,37.5622],[126.80068,37.56231],[126.80065,37.56234],[126.8003,37.56238],[126.80005,37.56249],[126.79961,37.56274],[126.79924,37.563],[126.79914,37.563],[126.79911,37.56307],[126.79907,37.56318],[126.79891,37.56362],[126.79857,37.56398],[126.79841,37.56405],[126.79826,37.56415],[126.7978,37.56444],[126.79762,37.56455],[126.79761,37.56464],[126.79763,37.56479],[126.79766,37.56494],[126.79766,37.56497],[126.79759,37.56522],[126.79754,37.56532],[126.79765,37.56554],[126.79774,37.56571],[126.7979,37.56604],[126.79798,37.5662],[126.79807,37.56637],[126.79839,37.56702],[126.79847,37.56725],[126.79853,37.56739],[126.79853,37.56747],[126.79853,37.56749],[126.79855,37.56762],[126.79855,37.56769],[126.79855,37.56775],[126.79881,37.56803],[126.79893,37.56811],[126.79914,37.56852],[126.78756,37.57556]]]},"properties":{"g":"11500","gn":"강서구","d":"11100","n":"과해동"},"id":"LT_C_ADEMD_INFO.1854"},
{"type":"Feature","geometry":{"type":"Polygon","coordinates":[[[126.79736,37.56046],[126.79682,37.56042],[126.79605,37.56018],[126.79475,37.55997],[126.79342,37.56024],[126.79258,37.56021],[126.79121,37.55988],[126.79045,37.5594],[126.7895,37.55901],[126.78689,37.55812],[126.78552,37.55783],[126.78506,37.55743],[126.78441,37.55718],[126.78406,37.55686],[126.78353,37.55706],[126.78277,37.55711],[126.78221,37.55732],[126.78085,37.55734],[126.78023,37.55774],[126.78091,37.55895],[126.77761,37.55986],[126.77771,37.56008],[126.77735,37.56032],[126.77718,37.5607],[126.77611,37.56186],[126.77553,37.56183],[126.77546,37.56143],[126.77473,37.56135],[126.77495,37.56104],[126.77416,37.56016],[126.77429,37.55976],[126.7736,37.56001],[126.77319,37.55929],[126.77274,37.55941],[126.77245,37.55872],[126.77182,37.5586],[126.77318,37.55753],[126.77238,37.55698],[126.77199,37.55697],[126.77119,37.55717],[126.76987,37.55723],[126.76899,37.5571],[126.76874,37.55682],[126.76719,37.55665],[126.76662,37.55697],[126.7664,37.55674],[126.76675,37.5565],[126.76663,37.55626],[126.76601,37.55613],[126.76505,37.55562],[126.76456,37.55544],[126.76478,37.55507],[126.76605,37.55499],[126.7664,37.55466],[126.7662,37.55424],[126.76673,37.55406],[126.76741,37.55422],[126.76764,37.55395],[126.76729,37.55368],[126.76762,37.55344],[126.76737,37.55313],[126.76771,37.55283],[126.76746,37.55195],[126.76811,37.55165],[126.76935,37.55136],[126.76979,37.55107],[126.76992,37.55018],[126.77027,37.55],[126.77084,37.54935],[126.77105,37.54869],[126.77169,37.54831],[126.77258,37.54875],[126.77358,37.54887],[126.77529,37.54897],[126.77674,37.5482],[126.77756,37.54671],[126.77875,37.54671],[126.7794,37.54652],[126.78049,37.54639],[126.78167,37.54614],[126.78197,37.5463],[126.78331,37.54602],[126.78447,37.54612],[126.78548,37.546],[126.78695,37.54598],[126.78726,37.54608],[126.78773,37.54574],[126.7884,37.54502],[126.78939,37.54548],[126.79035,37.54513],[126.79069,37.54522],[126.79218,37.54486],[126.79256,37.54508],[126.79337,37.54524],[126.79377,37.54553],[126.79452,37.54583],[126.79572,37.54682],[126.79754,37.54785],[126.79782,37.54808],[126.79969,37.54932],[126.80039,37.55017],[126.80181,37.55127],[126.8018,37.55128],[126.80176,37.55141],[126.8017,37.55164],[126.80165,37.55181],[126.80159,37.55195],[126.80155,37.55206],[126.80151,37.55218],[126.80141,37.55239],[126.80136,37.55248],[126.8013,37.55261],[126.80123,37.55281],[126.8011,37.5531],[126.80106,37.55315],[126.80098,37.55322],[126.801,37.55316],[126.80099,37.5531],[126.80084,37.55348],[126.80078,37.55362],[126.80072,37.55375],[126.8007,37.5538],[126.80064,37.55396],[126.80053,37.5542],[126.80049,37.55425],[126.80037,37.55442],[126.80037,37.55443],[126.80013,37.55477],[126.80004,37.55489],[126.79999,37.55497],[126.79992,37.55508],[126.79978,37.55529],[126.79956,37.55559],[126.79941,37.55578],[126.79921,37.55602],[126.79905,37.55622],[126.79897,37.55632],[126.79894,37.55639],[126.79879,37.55656],[126.79863,37.55676],[126.79859,37.55682],[126.79846,37.55698],[126.79843,37.557],[126.79841,37.55704],[126.79835,37.55711],[126.79817,37.55733],[126.79811,37.5574],[126.79806,37.55746],[126.79798,37.55756],[126.79793,37.55764],[126.7979,37.55768],[126.7978,37.55787],[126.79776,37.55794],[126.79766,37.5581],[126.79757,37.55825],[126.7975,37.55839],[126.79746,37.55845],[126.79745,37.55851],[126.79744,37.55855],[126.79742,37.55869],[126.79739,37.55888],[126.79738,37.55894],[126.79758,37.55911],[126.79764,37.55923],[126.79761,37.55929],[126.79759,37.55929],[126.79754,37.55939],[126.79753,37.55947],[126.79751,37.55957],[126.79749,37.55965],[126.79744,37.55981],[126.79741,37.5599],[126.79738,37.56005],[126.79734,37.56015],[126.79733,37.5602],[126.79733,37.56029],[126.79735,37.56042],[126.79736,37.56046]]]},"properties":{"g":"11500","gn":"강서구","d":"11200","n":"오곡동"},"id":"LT_C_ADEMD_INFO.1855"},
{"type":"Feature","geometry":{"type":"Polygon","coordinates":[[[126.80181,37.55127],[126.80039,37.55017],[126.79969,37.54932],[126.79782,37.54808],[126.79754,37.54785],[126.79572,37.54682],[126.79452,37.54583],[126.79377,37.54553],[126.79337,37.54524],[126.79256,37.54508],[126.79218,37.54486],[126.79069,37.54522],[126.79035,37.54513],[126.78939,37.54548],[126.7884,37.54502],[126.78939,37.54446],[126.79076,37.54384],[126.79182,37.54375],[126.79158,37.54306],[126.79159,37.54245],[126.79181,37.5419],[126.79302,37.54159],[126.79494,37.54137],[126.7949,37.54108],[126.79437,37.54037],[126.79326,37.5397],[126.79388,37.53955],[126.79394,37.53902],[126.79422,37.53829],[126.79406,37.53807],[126.79396,37.53736],[126.79437,37.53625],[126.79479,37.53596],[126.79604,37.53675],[126.79662,37.53677],[126.79701,37.53706],[126.79781,37.53705],[126.79817,37.53733],[126.79825,37.53771],[126.79909,37.53757],[126.79948,37.53777],[126.79919,37.53883],[126.79924,37.53929],[126.79874,37.5394],[126.79886,37.54029],[126.79942,37.54021],[126.79927,37.54063],[126.80039,37.5408],[126.8003,37.54119],[126.80055,37.54147],[126.80047,37.54177],[126.80185,37.54272],[126.80349,37.54309],[126.80526,37.5433],[126.80681,37.5436],[126.80701,37.54375],[126.80624,37.54441],[126.806,37.54459],[126.80556,37.54491],[126.80498,37.54529],[126.80475,37.54541],[126.80474,37.5454],[126.80472,37.54539],[126.8046,37.54543],[126.80402,37.54551],[126.80389,37.54557],[126.80373,37.54571],[126.80359,37.54589],[126.80345,37.54609],[126.80336,37.54622],[126.80332,37.54628],[126.80319,37.54654],[126.80317,37.54657],[126.803,37.54683],[126.80293,37.54691],[126.8028,37.54704],[126.80245,37.54739],[126.80221,37.54799],[126.80221,37.54804],[126.80219,37.54823],[126.80213,37.5484],[126.80205,37.54858],[126.80192,37.549],[126.80186,37.54914],[126.80187,37.54919],[126.80173,37.54948],[126.80166,37.54956],[126.80161,37.54979],[126.80164,37.55005],[126.80166,37.55011],[126.80168,37.55027],[126.80173,37.55053],[126.80177,37.55075],[126.80178,37.55081],[126.80182,37.55103],[126.80185,37.55127],[126.80181,37.55127]]]},"properties":{"g":"11500","gn":"강서구","d":"11300","n":"오쇠동"},"id":"LT_C_ADEMD_INFO.1856"},
{"type":"Feature","geometry":{"type":"Polygon","coordinates":[[[126.87948,37.51778],[126.87957,37.51771],[126.87959,37.5177],[126.87929,37.51749],[126.87862,37.51757],[126.87855,37.51754],[126.87853,37.51739],[126.87859,37.5173],[126.87871,37.5172],[126.87881,37.51715],[126.87894,37.51708],[126.879,37.51696],[126.879,37.5169],[126.87848,37.51635],[126.87816,37.51621],[126.87795,37.51614],[126.87783,37.5156],[126.87778,37.51522],[126.87771,37.5151],[126.8776,37.51486],[126.87766,37.51438],[126.87772,37.51373],[126.87782,37.51363],[126.87673,37.51372],[126.87638,37.51325],[126.87645,37.51293],[126.8762,37.51252],[126.8761,37.51242],[126.87573,37.5122],[126.87513,37.51238],[126.874,37.5113],[126.87405,37.51087],[126.87432,37.51068],[126.8748,37.51085],[126.87489,37.51103],[126.8748,37.51149],[126.87518,37.51183],[126.8757,37.51136],[126.87656,37.51115],[126.87684,37.51084],[126.87673,37.51068],[126.87652,37.51062],[126.87639,37.51071],[126.87635,37.51081],[126.87622,37.51098],[126.87561,37.51112],[126.87537,37.51093],[126.87521,37.51069],[126.87518,37.51051],[126.8756,37.50966],[126.87542,37.50945],[126.87462,37.50942],[126.87441,37.50949],[126.87432,37.50949],[126.87419,37.50946],[126.8741,37.50943],[126.87403,37.50939],[126.87401,37.50937],[126.87378,37.50902],[126.87379,37.50881],[126.87385,37.50873],[126.8739,37.50867],[126.8742,37.50853],[126.87442,37.50844],[126.87457,37.5084],[126.8748,37.50826],[126.87499,37.50759],[126.87485,37.50749],[126.87484,37.50749],[126.87473,37.50748],[126.87465,37.50746],[126.87448,37.50738],[126.87445,37.50736],[126.87438,37.50732],[126.8743,37.50726],[126.87421,37.50717],[126.87424,37.50698],[126.87471,37.50667],[126.87548,37.50688],[126.87575,37.50681],[126.87585,37.50636],[126.87684,37.50557],[126.87855,37.50494],[126.87928,37.50449],[126.88004,37.50452],[126.88051,37.50439],[126.88075,37.50413],[126.88189,37.50364],[126.88206,37.50347],[126.88273,37.50341],[126.88372,37.50414],[126.88553,37.50527],[126.88825,37.50688],[126.89039,37.50821],[126.89228,37.50906],[126.89233,37.5091],[126.89202,37.50983],[126.8917,37.51031],[126.89105,37.51037],[126.89064,37.51089],[126.88981,37.51172],[126.88971,37.51223],[126.88879,37.51224],[126.88836,37.51234],[126.88784,37.51301],[126.8875,37.51319],[126.88634,37.51336],[126.88568,37.51358],[126.8846,37.51371],[126.88409,37.51439],[126.88271,37.51514],[126.88271,37.51577],[126.88202,37.5161],[126.88173,37.51642],[126.87948,37.51778]]]},"properties":{"g":"11530","gn":"구로구","d":"10100","n":"신도림동"},"id":"LT_C_ADEMD_INFO.1857"},
{"type":"Feature","geometry":{"type":"Polygon","coordinates":[[[126.9032,37.485],[126.90171,37.48523],[126.90012,37.48592],[126.89814,37.48695],[126.89612,37.48934],[126.89601,37.49021],[126.8957,37.49085],[126.8946,37.49516],[126.89404,37.49816],[126.89362,37.49959],[126.89293,37.50036],[126.89276,37.50083],[126.89293,37.50157],[126.89273,37.50207],[126.89313,37.50268],[126.89269,37.50331],[126.8933,37.50405],[126.89323,37.50463],[126.89378,37.50473],[126.89397,37.50501],[126.89324,37.50673],[126.89301,37.50694],[126.89297,37.5074],[126.89228,37.50906],[126.89039,37.50821],[126.88825,37.50688],[126.88553,37.50527],[126.88372,37.50414],[126.88273,37.50341],[126.88206,37.50347],[126.88189,37.50364],[126.88075,37.50413],[126.88051,37.50439],[126.88004,37.50452],[126.87928,37.50449],[126.87855,37.50494],[126.87684,37.50557],[126.87585,37.50636],[126.87575,37.50681],[126.87548,37.50688],[126.87471,37.50667],[126.87442,37.50609],[126.87417,37.50531],[126.87371,37.50476],[126.87369,37.50456],[126.8737,37.50445],[126.87376,37.50421],[126.87357,37.50355],[126.87318,37.50376],[126.87274,37.50384],[126.87243,37.50403],[126.87233,37.50407],[126.87212,37.50411],[126.87187,37.50413],[126.87155,37.50382],[126.8718,37.50341],[126.87164,37.50297],[126.87012,37.50218],[126.86969,37.50115],[126.86974,37.50062],[126.8694,37.50002],[126.86892,37.49869],[126.86892,37.49868],[126.86837,37.49715],[126.86833,37.4966],[126.86852,37.49606],[126.86741,37.49555],[126.86759,37.49482],[126.86835,37.49511],[126.86924,37.49453],[126.86971,37.4941],[126.87007,37.49349],[126.86958,37.49311],[126.86945,37.4926],[126.86996,37.49251],[126.86998,37.49221],[126.86946,37.49211],[126.86935,37.49164],[126.86989,37.49125],[126.86999,37.49087],[126.86968,37.49049],[126.87023,37.49011],[126.87023,37.4896],[126.87066,37.48956],[126.87126,37.48977],[126.87158,37.49021],[126.87147,37.49057],[126.87183,37.49078],[126.87225,37.4906],[126.87272,37.49082],[126.8733,37.49085],[126.87377,37.49122],[126.87437,37.49122],[126.87484,37.49075],[126.87445,37.49043],[126.87458,37.48977],[126.87411,37.48978],[126.87409,37.49021],[126.87358,37.49048],[126.87284,37.49001],[126.87244,37.48954],[126.87267,37.48855],[126.87308,37.48825],[126.87373,37.48864],[126.87449,37.48886],[126.875,37.48849],[126.87537,37.48861],[126.87582,37.48903],[126.87638,37.48894],[126.87679,37.48857],[126.87669,37.48785],[126.87597,37.48691],[126.87536,37.4869],[126.875,37.48649],[126.87502,37.48601],[126.87456,37.48537],[126.87518,37.48547],[126.87762,37.48608],[126.87846,37.48666],[126.87945,37.48622],[126.88059,37.48582],[126.88089,37.48572],[126.88036,37.48697],[126.88047,37.48751],[126.88184,37.48706],[126.88202,37.48694],[126.88321,37.48656],[126.88354,37.4867],[126.88424,37.48646],[126.88492,37.48579],[126.88593,37.48494],[126.88763,37.48481],[126.88815,37.48462],[126.89067,37.48402],[126.89155,37.48366],[126.8909,37.48312],[126.89102,37.48269],[126.89186,37.48188],[126.89217,37.48066],[126.89317,37.4804],[126.89372,37.48014],[126.89422,37.48017],[126.89519,37.47925],[126.89623,37.47895],[126.89585,37.47851],[126.89656,37.47871],[126.89899,37.47915],[126.89942,37.48024],[126.90007,37.48118],[126.9032,37.485]]]},"properties":{"g":"11530","gn":"구로구","d":"10200","n":"구로동"},"id":"LT_C_ADEMD_INFO.1858"},
{"type":"Feature","geometry":{"type":"Polygon","coordinates":[[[126.89585,37.47851],[126.89623,37.47895],[126.89519,37.47925],[126.89422,37.48017],[126.89372,37.48014],[126.89317,37.4804],[126.89217,37.48066],[126.89186,37.48188],[126.89102,37.48269],[126.8909,37.48312],[126.89155,37.48366],[126.89067,37.48402],[126.88815,37.48462],[126.88763,37.48481],[126.88593,37.48494],[126.88492,37.48579],[126.88424,37.48646],[126.88354,37.4867],[126.88321,37.48656],[126.88202,37.48694],[126.88184,37.48706],[126.88047,37.48751],[126.88036,37.48697],[126.88089,37.48572],[126.88093,37.4857],[126.88135,37.48556],[126.88272,37.48475],[126.88616,37.48235],[126.88773,37.48044],[126.88878,37.47979],[126.88988,37.47939],[126.89509,37.4785],[126.89585,37.47851]]]},"properties":{"g":"11530","gn":"구로구","d":"10300","n":"가리봉동"},"id":"LT_C_ADEMD_INFO.1859"},
{"type":"Feature","geometry":{"type":"Polygon","coordinates":[[[126.86044,37.50674],[126.86027,37.5067],[126.85936,37.50821],[126.85885,37.50906],[126.85833,37.50992],[126.8583,37.50992],[126.85722,37.50963],[126.85561,37.50916],[126.8552,37.50971],[126.85404,37.51022],[126.8531,37.51059],[126.85287,37.51069],[126.85216,37.51048],[126.85139,37.51013],[126.85076,37.51001],[126.85009,37.51013],[126.84952,37.50964],[126.84903,37.50907],[126.84871,37.50888],[126.84869,37.50889],[126.8479,37.5092],[126.8476,37.50935],[126.84729,37.50948],[126.84664,37.50906],[126.84662,37.50905],[126.84623,37.50898],[126.84629,37.5087],[126.84626,37.50847],[126.84609,37.50815],[126.846,37.50804],[126.84576,37.50797],[126.84545,37.50784],[126.84536,37.50779],[126.84534,37.50777],[126.84549,37.50738],[126.84557,37.5072],[126.84618,37.50644],[126.84665,37.5056],[126.84707,37.50519],[126.84708,37.50519],[126.84767,37.50427],[126.84829,37.50309],[126.8486,37.50277],[126.84959,37.50202],[126.84991,37.5014],[126.85154,37.50051],[126.85186,37.50015],[126.85279,37.49946],[126.85302,37.49956],[126.85339,37.5003],[126.85353,37.50105],[126.85462,37.50254],[126.85609,37.50219],[126.85559,37.50005],[126.85551,37.49929],[126.85582,37.49897],[126.85669,37.49865],[126.8568,37.49817],[126.85672,37.49752],[126.85858,37.49735],[126.85948,37.49715],[126.85954,37.49701],[126.86149,37.4968],[126.86188,37.49642],[126.86321,37.49652],[126.86361,37.49609],[126.86411,37.49479],[126.8639,37.49474],[126.86414,37.49411],[126.8652,37.49453],[126.86741,37.49555],[126.86852,37.49606],[126.86833,37.4966],[126.86837,37.49715],[126.86892,37.49868],[126.86892,37.49869],[126.8694,37.50002],[126.86974,37.50062],[126.86969,37.50115],[126.87012,37.50218],[126.87164,37.50297],[126.8718,37.50341],[126.87155,37.50382],[126.87187,37.50413],[126.87183,37.5042],[126.87147,37.50469],[126.87145,37.50507],[126.8712,37.50513],[126.87064,37.50575],[126.87025,37.50584],[126.86901,37.50485],[126.86796,37.50488],[126.86714,37.50529],[126.86679,37.50529],[126.86646,37.50525],[126.86657,37.50528],[126.86642,37.50539],[126.86623,37.50545],[126.86605,37.50553],[126.86594,37.50554],[126.86544,37.50557],[126.86516,37.50556],[126.86484,37.5055],[126.86455,37.50499],[126.8642,37.50508],[126.86369,37.50502],[126.8636,37.50502],[126.86338,37.50511],[126.86314,37.50532],[126.86284,37.50594],[126.86276,37.5064],[126.86294,37.50656],[126.86279,37.50669],[126.86263,37.50681],[126.86279,37.50696],[126.86307,37.50729],[126.86331,37.50752],[126.86378,37.50801],[126.86385,37.50809],[126.86399,37.50823],[126.86408,37.50834],[126.86384,37.50818],[126.86372,37.5081],[126.86358,37.50803],[126.86318,37.50786],[126.86315,37.50784],[126.8627,37.5074],[126.86167,37.5071],[126.86125,37.50698],[126.86086,37.50687],[126.86044,37.50674]]]},"properties":{"g":"11530","gn":"구로구","d":"10600","n":"고척동"},"id":"LT_C_ADEMD_INFO.1860"},
{"type":"Feature","geometry":{"type":"Polygon","coordinates":[[[126.84587,37.48505],[126.84604,37.48454],[126.84762,37.48451],[126.84799,37.48432],[126.84735,37.48373],[126.84743,37.4824],[126.84699,37.48222],[126.84699,37.48189],[126.8478,37.48208],[126.84847,37.48209],[126.85042,37.48157],[126.85167,37.48159],[126.8527,37.48182],[126.85313,37.48231],[126.85316,37.48262],[126.85364,37.48262],[126.85395,37.48297],[126.85487,37.48479],[126.85551,37.48541],[126.85642,37.4857],[126.85729,37.48576],[126.85797,37.48608],[126.86138,37.48997],[126.86177,37.49033],[126.86259,37.49076],[126.86403,37.49102],[126.86515,37.49159],[126.8654,37.49151],[126.86581,37.49215],[126.8663,37.49263],[126.86669,37.49266],[126.86737,37.49307],[126.86776,37.49358],[126.86761,37.49426],[126.86704,37.49395],[126.86689,37.49432],[126.86759,37.49482],[126.86741,37.49555],[126.8652,37.49453],[126.86414,37.49411],[126.8639,37.49474],[126.86411,37.49479],[126.86361,37.49609],[126.86321,37.49652],[126.86188,37.49642],[126.86149,37.4968],[126.85954,37.49701],[126.85948,37.49715],[126.85858,37.49735],[126.85672,37.49752],[126.8568,37.49817],[126.85669,37.49865],[126.85582,37.49897],[126.85551,37.49929],[126.85559,37.50005],[126.85609,37.50219],[126.85462,37.50254],[126.85353,37.50105],[126.85339,37.5003],[126.85302,37.49956],[126.85279,37.49946],[126.85186,37.50015],[126.85154,37.50051],[126.84991,37.5014],[126.84959,37.50202],[126.8486,37.50277],[126.84829,37.50309],[126.84767,37.50427],[126.84708,37.50519],[126.84707,37.50519],[126.84665,37.5056],[126.84618,37.50644],[126.84557,37.5072],[126.84549,37.50738],[126.84534,37.50777],[126.84506,37.50753],[126.84493,37.5074],[126.84487,37.50732],[126.84438,37.50649],[126.8445,37.50571],[126.84441,37.50568],[126.84358,37.50582],[126.84347,37.5058],[126.84269,37.50549],[126.84243,37.50548],[126.84207,37.50567],[126.84117,37.50583],[126.84074,37.50604],[126.8405,37.50552],[126.84017,37.50543],[126.84012,37.50538],[126.84006,37.50519],[126.83999,37.50496],[126.83995,37.50488],[126.83959,37.5045],[126.83932,37.50445],[126.8388,37.50455],[126.83849,37.50442],[126.83841,37.50435],[126.83815,37.50381],[126.83749,37.50328],[126.83692,37.50332],[126.8365,37.50313],[126.8364,37.50308],[126.83652,37.50256],[126.83629,37.50209],[126.83633,37.50138],[126.83571,37.50057],[126.83648,37.50096],[126.83713,37.50076],[126.8373,37.50017],[126.83925,37.49997],[126.84045,37.49948],[126.84093,37.50001],[126.84189,37.49994],[126.8422,37.49973],[126.84319,37.49966],[126.84337,37.49981],[126.84414,37.49969],[126.84501,37.49924],[126.84551,37.49846],[126.84597,37.49803],[126.84696,37.49757],[126.84756,37.49789],[126.84822,37.49765],[126.8488,37.49768],[126.85057,37.49556],[126.84852,37.49505],[126.84849,37.49499],[126.84818,37.49465],[126.84821,37.4946],[126.8482,37.49454],[126.84845,37.49459],[126.84823,37.49363],[126.84793,37.49339],[126.848,37.49296],[126.84919,37.49253],[126.84947,37.49171],[126.84944,37.49112],[126.84925,37.49097],[126.84882,37.49009],[126.84804,37.48968],[126.84734,37.48886],[126.84691,37.48811],[126.84605,37.48729],[126.84542,37.48693],[126.84474,37.48687],[126.8439,37.48666],[126.84418,37.48641],[126.8448,37.48625],[126.84556,37.48592],[126.84557,37.4859],[126.84596,37.48548],[126.84587,37.48505]]]},"properties":{"g":"11530","gn":"구로구","d":"10700","n":"개봉동"},"id":"LT_C_ADEMD_INFO.1861"},
{"type":"Feature","geometry":{"type":"Polygon","coordinates":[[[126.83218,37.48393],[126.83323,37.48409],[126.83358,37.48405],[126.83473,37.48369],[126.83525,37.48395],[126.83593,37.48385],[126.83622,37.48354],[126.83778,37.48358],[126.83745,37.48465],[126.83715,37.48514],[126.83626,37.4852],[126.83579,37.4857],[126.83654,37.48577],[126.83685,37.48654],[126.83669,37.48692],[126.83832,37.48704],[126.8382,37.48726],[126.83927,37.48771],[126.83973,37.48777],[126.84185,37.48886],[126.8422,37.48829],[126.84312,37.48796],[126.8432,37.48776],[126.84244,37.4869],[126.84274,37.48662],[126.84381,37.48613],[126.84418,37.48641],[126.8439,37.48666],[126.84474,37.48687],[126.84542,37.48693],[126.84605,37.48729],[126.84691,37.48811],[126.84734,37.48886],[126.84804,37.48968],[126.84882,37.49009],[126.84925,37.49097],[126.84944,37.49112],[126.84947,37.49171],[126.84919,37.49253],[126.848,37.49296],[126.84793,37.49339],[126.84823,37.49363],[126.84845,37.49459],[126.8482,37.49454],[126.84821,37.4946],[126.84818,37.49465],[126.84849,37.49499],[126.84852,37.49505],[126.85057,37.49556],[126.8488,37.49768],[126.84822,37.49765],[126.84756,37.49789],[126.84696,37.49757],[126.84597,37.49803],[126.84551,37.49846],[126.84501,37.49924],[126.84414,37.49969],[126.84337,37.49981],[126.84319,37.49966],[126.8422,37.49973],[126.84189,37.49994],[126.84093,37.50001],[126.84045,37.49948],[126.83925,37.49997],[126.8373,37.50017],[126.83713,37.50076],[126.83648,37.50096],[126.83571,37.50057],[126.83514,37.49998],[126.83512,37.49973],[126.83442,37.49916],[126.83412,37.49862],[126.835,37.49729],[126.83632,37.49657],[126.83699,37.4961],[126.83739,37.4953],[126.83736,37.49457],[126.83791,37.49323],[126.83611,37.49318],[126.83285,37.49315],[126.83142,37.49316],[126.8287,37.49309],[126.82714,37.49314],[126.82712,37.49254],[126.82733,37.49236],[126.82736,37.49175],[126.8278,37.49145],[126.8277,37.49094],[126.82657,37.49062],[126.82613,37.49042],[126.8251,37.48947],[126.82409,37.48879],[126.8239,37.48831],[126.82474,37.48851],[126.8254,37.48842],[126.82608,37.4882],[126.82767,37.48842],[126.82777,37.48811],[126.82814,37.48792],[126.82829,37.48724],[126.82808,37.48694],[126.82881,37.48611],[126.82942,37.486],[126.82981,37.48573],[126.83037,37.48491],[126.83074,37.48479],[126.83218,37.48393]]]},"properties":{"g":"11530","gn":"구로구","d":"10800","n":"오류동"},"id":"LT_C_ADEMD_INFO.1862"},
{"type":"Feature","geometry":{"type":"Polygon","coordinates":[[[126.82852,37.50867],[126.82811,37.5088],[126.82765,37.50868],[126.82714,37.5085],[126.82699,37.5085],[126.82692,37.50849],[126.82688,37.50852],[126.82627,37.50877],[126.82613,37.50872],[126.82487,37.50836],[126.82446,37.50826],[126.82359,37.50814],[126.82255,37.50771],[126.82222,37.50769],[126.82238,37.50611],[126.82255,37.50569],[126.82202,37.50508],[126.82183,37.50454],[126.82198,37.5039],[126.82156,37.5029],[126.82156,37.50216],[126.82,37.50143],[126.81942,37.50079],[126.81947,37.49978],[126.81964,37.49921],[126.82028,37.49836],[126.82158,37.49834],[126.82178,37.49803],[126.82188,37.49723],[126.82222,37.49705],[126.82317,37.49695],[126.82402,37.49636],[126.82447,37.4962],[126.82566,37.49531],[126.82611,37.4948],[126.8265,37.49467],[126.8271,37.4939],[126.82714,37.49314],[126.8287,37.49309],[126.83142,37.49316],[126.83285,37.49315],[126.83611,37.49318],[126.83791,37.49323],[126.83736,37.49457],[126.83739,37.4953],[126.83699,37.4961],[126.83632,37.49657],[126.835,37.49729],[126.83412,37.49862],[126.83442,37.49916],[126.83512,37.49973],[126.83514,37.49998],[126.83571,37.50057],[126.83633,37.50138],[126.83629,37.50209],[126.83652,37.50256],[126.8364,37.50308],[126.83639,37.50308],[126.83525,37.50287],[126.83394,37.50343],[126.83384,37.50357],[126.83362,37.50387],[126.83301,37.50409],[126.83291,37.50426],[126.83207,37.50463],[126.8316,37.50511],[126.8312,37.50577],[126.8309,37.50609],[126.83061,37.50631],[126.83061,37.50694],[126.83065,37.50701],[126.83098,37.50771],[126.83102,37.50782],[126.83104,37.5079],[126.83103,37.50803],[126.83065,37.50822],[126.82984,37.50835],[126.82949,37.50832],[126.82852,37.50867]]]},"properties":{"g":"11530","gn":"구로구","d":"10900","n":"궁동"},"id":"LT_C_ADEMD_INFO.1863"},
{"type":"Feature","geometry":{"type":"Polygon","coordinates":[[[126.82714,37.49314],[126.8271,37.4939],[126.8265,37.49467],[126.82611,37.4948],[126.82566,37.49531],[126.82447,37.4962],[126.82402,37.49636],[126.82317,37.49695],[126.82222,37.49705],[126.82188,37.49723],[126.82178,37.49803],[126.82158,37.49834],[126.82028,37.49836],[126.81964,37.49921],[126.81891,37.49875],[126.81821,37.49886],[126.81758,37.49823],[126.81689,37.49802],[126.8161,37.49764],[126.81577,37.49764],[126.81514,37.49801],[126.81414,37.49813],[126.81404,37.49735],[126.81325,37.49673],[126.81301,37.4964],[126.81387,37.4949],[126.81435,37.49443],[126.81432,37.49376],[126.81457,37.49319],[126.81549,37.4932],[126.81587,37.49263],[126.81789,37.49154],[126.81857,37.49156],[126.81925,37.49131],[126.81953,37.49105],[126.82034,37.49073],[126.82098,37.49079],[126.82102,37.49059],[126.82163,37.49029],[126.82276,37.48998],[126.82305,37.48929],[126.82304,37.48838],[126.82318,37.48813],[126.82409,37.48879],[126.8251,37.48947],[126.82613,37.49042],[126.82657,37.49062],[126.8277,37.49094],[126.8278,37.49145],[126.82736,37.49175],[126.82733,37.49236],[126.82712,37.49254],[126.82714,37.49314]]]},"properties":{"g":"11530","gn":"구로구","d":"11000","n":"온수동"},"id":"LT_C_ADEMD_INFO.1864"},
{"type":"Feature","geometry":{"type":"Polygon","coordinates":[[[126.91645,37.51765],[126.91455,37.51845],[126.91336,37.51863],[126.91189,37.51824],[126.90845,37.51705],[126.90844,37.51701],[126.9085,37.51682],[126.91043,37.51695],[126.91255,37.51703],[126.91594,37.51723],[126.91687,37.51724],[126.91645,37.51765]]]},"properties":{"g":"11560","gn":"영등포구","d":"10200","n":"영등포동1가"},"id":"LT_C_ADEMD_INFO.1865"},
{"type":"Feature","geometry":{"type":"Polygon","coordinates":[[[126.84418,37.48641],[126.84381,37.48613],[126.84274,37.48662],[126.84244,37.4869],[126.8432,37.48776],[126.84312,37.48796],[126.8422,37.48829],[126.84185,37.48886],[126.83973,37.48777],[126.83927,37.48771],[126.8382,37.48726],[126.83832,37.48704],[126.83669,37.48692],[126.83685,37.48654],[126.83654,37.48577],[126.83579,37.4857],[126.83626,37.4852],[126.83715,37.48514],[126.83745,37.48465],[126.83778,37.48358],[126.83622,37.48354],[126.83593,37.48385],[126.83525,37.48395],[126.83473,37.48369],[126.83358,37.48405],[126.83323,37.48409],[126.83218,37.48393],[126.83215,37.48288],[126.83163,37.48258],[126.83086,37.48143],[126.83216,37.48117],[126.8321,37.48042],[126.83265,37.47947],[126.83248,37.47847],[126.83175,37.47765],[126.83348,37.47716],[126.83393,37.47678],[126.83408,37.47642],[126.83487,37.47575],[126.83461,37.47487],[126.83483,37.47442],[126.83572,37.47438],[126.83618,37.47481],[126.8372,37.47488],[126.8383,37.47539],[126.83923,37.47517],[126.83969,37.47514],[126.84011,37.47476],[126.84103,37.47465],[126.84278,37.47497],[126.84354,37.47454],[126.84432,37.4743],[126.84491,37.4735],[126.84536,37.47381],[126.84576,37.47781],[126.84588,37.47964],[126.84605,37.48093],[126.84641,37.4815],[126.84699,37.48189],[126.84699,37.48222],[126.84743,37.4824],[126.84735,37.48373],[126.84799,37.48432],[126.84762,37.48451],[126.84604,37.48454],[126.84587,37.48505],[126.84596,37.48548],[126.84557,37.4859],[126.84556,37.48592],[126.8448,37.48625],[126.84418,37.48641]]]},"properties":{"g":"11530","gn":"구로구","d":"11100","n":"천왕동"},"id":"LT_C_ADEMD_INFO.1866"},
{"type":"Feature","geometry":{"type":"Polygon","coordinates":[[[126.83218,37.48393],[126.83074,37.48479],[126.83037,37.48491],[126.82981,37.48573],[126.82942,37.486],[126.82881,37.48611],[126.82808,37.48694],[126.82829,37.48724],[126.82814,37.48792],[126.82777,37.48811],[126.82767,37.48842],[126.82608,37.4882],[126.8254,37.48842],[126.82474,37.48851],[126.8239,37.48831],[126.82409,37.48879],[126.82318,37.48813],[126.82304,37.48838],[126.82301,37.48815],[126.82351,37.48774],[126.82248,37.48692],[126.82239,37.48672],[126.82164,37.48652],[126.82129,37.48618],[126.81933,37.4855],[126.81949,37.48481],[126.81932,37.48413],[126.81957,37.48365],[126.81939,37.48331],[126.81958,37.48244],[126.81998,37.48164],[126.81958,37.48079],[126.81954,37.48032],[126.819,37.47916],[126.81826,37.47816],[126.81721,37.47814],[126.81641,37.47754],[126.81607,37.47708],[126.81611,37.47674],[126.8153,37.47636],[126.81496,37.47586],[126.81463,37.47465],[126.81547,37.47405],[126.81656,37.47399],[126.81695,37.47368],[126.81708,37.47329],[126.81764,37.47319],[126.81792,37.47369],[126.81863,37.47408],[126.81832,37.4753],[126.81907,37.47545],[126.81908,37.47613],[126.81958,37.47636],[126.81987,37.47622],[126.82115,37.4763],[126.82173,37.47611],[126.82211,37.47575],[126.82365,37.47613],[126.82395,37.47647],[126.82433,37.47625],[126.82612,37.47622],[126.82787,37.47599],[126.8292,37.4762],[126.82962,37.4769],[126.83046,37.47734],[126.83175,37.47765],[126.83248,37.47847],[126.83265,37.47947],[126.8321,37.48042],[126.83216,37.48117],[126.83086,37.48143],[126.83163,37.48258],[126.83215,37.48288],[126.83218,37.48393]]]},"properties":{"g":"11530","gn":"구로구","d":"11200","n":"항동"},"id":"LT_C_ADEMD_INFO.1867"},
{"type":"Feature","geometry":{"type":"Polygon","coordinates":[[[126.87456,37.48537],[126.87422,37.48519],[126.87381,37.48532],[126.87314,37.48615],[126.87244,37.48611],[126.87176,37.48527],[126.8718,37.485],[126.87221,37.48443],[126.87278,37.48437],[126.87329,37.48409],[126.87276,37.48338],[126.87274,37.48243],[126.87338,37.48243],[126.87427,37.48042],[126.87599,37.4771],[126.87801,37.47383],[126.88047,37.47069],[126.88159,37.46942],[126.88145,37.469],[126.88163,37.46846],[126.88253,37.46793],[126.88301,37.46706],[126.88328,37.46686],[126.88399,37.46667],[126.88462,37.46601],[126.88457,37.46565],[126.8858,37.46426],[126.88968,37.46588],[126.88699,37.47203],[126.88922,37.47195],[126.89054,37.47234],[126.89388,37.47222],[126.89403,37.47353],[126.89465,37.47384],[126.8941,37.47454],[126.89668,37.47582],[126.89585,37.47851],[126.89509,37.4785],[126.88988,37.47939],[126.88878,37.47979],[126.88773,37.48044],[126.88616,37.48235],[126.88272,37.48475],[126.88135,37.48556],[126.88093,37.4857],[126.88059,37.48582],[126.87945,37.48622],[126.87846,37.48666],[126.87762,37.48608],[126.87518,37.48547],[126.87456,37.48537]]]},"properties":{"g":"11545","gn":"금천구","d":"10100","n":"가산동"},"id":"LT_C_ADEMD_INFO.1868"},
{"type":"Feature","geometry":{"type":"Polygon","coordinates":[[[126.89899,37.47915],[126.89656,37.47871],[126.89585,37.47851],[126.89668,37.47582],[126.8941,37.47454],[126.89465,37.47384],[126.89403,37.47353],[126.89388,37.47222],[126.89054,37.47234],[126.88922,37.47195],[126.88699,37.47203],[126.88968,37.46588],[126.8858,37.46426],[126.88457,37.46565],[126.88418,37.46539],[126.88315,37.46513],[126.88277,37.46483],[126.88275,37.46439],[126.88378,37.46318],[126.88432,37.46272],[126.88514,37.46247],[126.88584,37.4627],[126.88712,37.4629],[126.88888,37.46095],[126.88834,37.46078],[126.88747,37.46107],[126.88607,37.46086],[126.88565,37.46043],[126.88535,37.45986],[126.88538,37.45947],[126.88629,37.45911],[126.88632,37.45845],[126.88591,37.45782],[126.88588,37.45751],[126.88619,37.45652],[126.8864,37.45617],[126.88737,37.45546],[126.88802,37.45558],[126.88834,37.45509],[126.88926,37.45448],[126.88908,37.45397],[126.88967,37.45352],[126.8895,37.4527],[126.88964,37.45232],[126.89032,37.4525],[126.89136,37.45221],[126.8919,37.45231],[126.89239,37.452],[126.89276,37.45204],[126.89305,37.45259],[126.89361,37.45282],[126.89398,37.45272],[126.89483,37.45244],[126.89508,37.4528],[126.89399,37.45493],[126.89343,37.45618],[126.89285,37.45793],[126.89319,37.45804],[126.89391,37.45732],[126.89434,37.45715],[126.89505,37.45712],[126.8949,37.45742],[126.89569,37.45733],[126.89651,37.45751],[126.89719,37.45787],[126.8968,37.45886],[126.89845,37.45934],[126.89891,37.45817],[126.89956,37.458],[126.90015,37.45815],[126.8999,37.45847],[126.90052,37.45901],[126.90101,37.45902],[126.90181,37.45944],[126.90174,37.45989],[126.90246,37.4606],[126.90259,37.46225],[126.90316,37.46214],[126.90435,37.4623],[126.90405,37.46274],[126.9049,37.46269],[126.90511,37.46366],[126.90596,37.46357],[126.90666,37.46393],[126.90709,37.46442],[126.90809,37.46454],[126.90835,37.46485],[126.9089,37.4649],[126.90924,37.46509],[126.90952,37.46564],[126.91071,37.46542],[126.91162,37.46552],[126.91238,37.46588],[126.91238,37.46625],[126.91164,37.4668],[126.91161,37.46712],[126.91109,37.46773],[126.91104,37.46808],[126.90996,37.46876],[126.91024,37.46924],[126.90955,37.47045],[126.90959,37.4707],[126.90878,37.47178],[126.90819,37.47273],[126.90856,37.47296],[126.91003,37.47343],[126.91075,37.4736],[126.91136,37.47448],[126.91118,37.47522],[126.91137,37.47599],[126.91162,37.4763],[126.9118,37.47686],[126.91182,37.47781],[126.91066,37.47795],[126.91043,37.47836],[126.90946,37.47803],[126.90862,37.47908],[126.90882,37.47955],[126.9091,37.47964],[126.90898,37.48009],[126.90993,37.48025],[126.90979,37.48077],[126.90552,37.47998],[126.90524,37.48011],[126.89894,37.47894],[126.89899,37.47915]]]},"properties":{"g":"11545","gn":"금천구","d":"10200","n":"독산동"},"id":"LT_C_ADEMD_INFO.1869"},
{"type":"Feature","geometry":{"type":"Polygon","coordinates":[[[126.91238,37.46588],[126.91162,37.46552],[126.91071,37.46542],[126.90952,37.46564],[126.90924,37.46509],[126.9089,37.4649],[126.90835,37.46485],[126.90809,37.46454],[126.90709,37.46442],[126.90666,37.46393],[126.90596,37.46357],[126.90511,37.46366],[126.9049,37.46269],[126.90405,37.46274],[126.90435,37.4623],[126.90316,37.46214],[126.90259,37.46225],[126.90246,37.4606],[126.90174,37.45989],[126.90181,37.45944],[126.90101,37.45902],[126.90052,37.45901],[126.8999,37.45847],[126.90015,37.45815],[126.89956,37.458],[126.89891,37.45817],[126.89845,37.45934],[126.8968,37.45886],[126.89719,37.45787],[126.89651,37.45751],[126.89569,37.45733],[126.8949,37.45742],[126.89505,37.45712],[126.89434,37.45715],[126.89391,37.45732],[126.89319,37.45804],[126.89285,37.45793],[126.89343,37.45618],[126.89399,37.45493],[126.89508,37.4528],[126.89483,37.45244],[126.89398,37.45272],[126.8946,37.45116],[126.8949,37.45063],[126.89591,37.44842],[126.89523,37.44837],[126.89475,37.4477],[126.89465,37.4467],[126.89531,37.44621],[126.89551,37.44578],[126.89578,37.44563],[126.89676,37.4457],[126.89727,37.44544],[126.89878,37.44206],[126.899,37.44118],[126.89949,37.4406],[126.8999,37.43955],[126.89928,37.43964],[126.89876,37.43928],[126.89914,37.43867],[126.90034,37.43773],[126.90085,37.43698],[126.90275,37.43586],[126.90279,37.43478],[126.90299,37.43407],[126.90353,37.43416],[126.90482,37.43399],[126.90611,37.43399],[126.90637,37.4337],[126.90693,37.4337],[126.90725,37.43352],[126.90793,37.43372],[126.90859,37.43369],[126.9094,37.43386],[126.91003,37.43432],[126.91022,37.43482],[126.91068,37.4355],[126.91133,37.43617],[126.9112,37.4372],[126.91143,37.43762],[126.9118,37.43777],[126.91231,37.43858],[126.91281,37.43872],[126.91319,37.4391],[126.91389,37.43931],[126.91483,37.43938],[126.91612,37.44005],[126.91786,37.44015],[126.91926,37.43985],[126.92027,37.44047],[126.92117,37.44255],[126.92166,37.44281],[126.92236,37.4437],[126.92276,37.44404],[126.92295,37.44487],[126.9229,37.44517],[126.92325,37.44577],[126.92498,37.44678],[126.92602,37.4477],[126.92652,37.44839],[126.92774,37.44898],[126.92828,37.44935],[126.9284,37.45021],[126.92851,37.45055],[126.92837,37.451],[126.92788,37.45109],[126.92732,37.451],[126.92669,37.45173],[126.92628,37.45254],[126.92543,37.45299],[126.92479,37.45283],[126.92426,37.45338],[126.92418,37.45368],[126.92335,37.4542],[126.92283,37.45516],[126.92253,37.45633],[126.92219,37.45663],[126.92089,37.45683],[126.91968,37.45676],[126.91914,37.45689],[126.91832,37.45693],[126.91748,37.45711],[126.9169,37.45752],[126.91626,37.45734],[126.9156,37.45743],[126.91495,37.45731],[126.91457,37.45745],[126.91403,37.45789],[126.91402,37.45845],[126.91424,37.45894],[126.914,37.45947],[126.91425,37.45995],[126.91418,37.46096],[126.91439,37.46158],[126.91395,37.46194],[126.91371,37.46279],[126.91329,37.46306],[126.91296,37.46356],[126.91295,37.46422],[126.91369,37.46538],[126.91238,37.46588]]]},"properties":{"g":"11545","gn":"금천구","d":"10300","n":"시흥동"},"id":"LT_C_ADEMD_INFO.1870"},
{"type":"Feature","geometry":{"type":"Polygon","coordinates":[[[126.90999,37.51244],[126.91052,37.51273],[126.91151,37.51385],[126.91186,37.51394],[126.91292,37.51455],[126.91342,37.51472],[126.91494,37.5156],[126.9152,37.51602],[126.91487,37.51681],[126.91594,37.51723],[126.91255,37.51703],[126.91043,37.51695],[126.9085,37.51682],[126.90844,37.51701],[126.90669,37.51638],[126.90636,37.51623],[126.90321,37.51514],[126.90393,37.51486],[126.90406,37.51462],[126.90097,37.5133],[126.8994,37.51259],[126.8976,37.51184],[126.89801,37.51126],[126.90033,37.51205],[126.9011,37.51166],[126.90112,37.51133],[126.90172,37.50987],[126.90253,37.50963],[126.90355,37.50959],[126.90406,37.50966],[126.90467,37.50997],[126.90584,37.51074],[126.90604,37.51119],[126.90677,37.51156],[126.90765,37.51236],[126.90814,37.51228],[126.90879,37.51241],[126.90931,37.51233],[126.90999,37.51244]]]},"properties":{"g":"11560","gn":"영등포구","d":"10100","n":"영등포동"},"id":"LT_C_ADEMD_INFO.1871"},
{"type":"Feature","geometry":{"type":"Polygon","coordinates":[[[126.91736,37.51898],[126.91611,37.5197],[126.91357,37.52248],[126.91249,37.52411],[126.90911,37.52264],[126.90864,37.52216],[126.90862,37.5218],[126.90817,37.51999],[126.90794,37.51936],[126.91184,37.5185],[126.91189,37.51824],[126.91336,37.51863],[126.91455,37.51845],[126.91645,37.51765],[126.91736,37.51898]]]},"properties":{"g":"11560","gn":"영등포구","d":"10300","n":"영등포동2가"},"id":"LT_C_ADEMD_INFO.1872"},
{"type":"Feature","geometry":{"type":"Polygon","coordinates":[[[126.90844,37.51701],[126.90845,37.51705],[126.91189,37.51824],[126.91184,37.5185],[126.90794,37.51936],[126.90546,37.51986],[126.90488,37.51986],[126.90578,37.51809],[126.90572,37.51803],[126.90669,37.51638],[126.90844,37.51701]]]},"properties":{"g":"11560","gn":"영등포구","d":"10400","n":"영등포동3가"},"id":"LT_C_ADEMD_INFO.1873"},
{"type":"Feature","geometry":{"type":"Polygon","coordinates":[[[126.9048,37.51999],[126.90512,37.52271],[126.90185,37.5232],[126.90209,37.52408],[126.90279,37.52596],[126.90272,37.52596],[126.90218,37.52461],[126.90174,37.52324],[126.90111,37.52112],[126.90092,37.51984],[126.90112,37.5188],[126.9012,37.51856],[126.90107,37.51966],[126.90112,37.52057],[126.9048,37.51999]]]},"properties":{"g":"11560","gn":"영등포구","d":"10700","n":"영등포동6가"},"id":"LT_C_ADEMD_INFO.1874"},
{"type":"Feature","geometry":{"type":"Polygon","coordinates":[[[126.91249,37.52411],[126.91106,37.52634],[126.90862,37.52601],[126.90719,37.52565],[126.90707,37.52569],[126.90643,37.52541],[126.90392,37.52579],[126.90292,37.5261],[126.90279,37.52596],[126.90209,37.52408],[126.90185,37.5232],[126.90512,37.52271],[126.90864,37.52216],[126.90911,37.52264],[126.91249,37.52411]]]},"properties":{"g":"11560","gn":"영등포구","d":"10800","n":"영등포동7가"},"id":"LT_C_ADEMD_INFO.1875"},
{"type":"Feature","geometry":{"type":"Polygon","coordinates":[[[126.9218,37.54143],[126.91714,37.54143],[126.90483,37.54142],[126.90654,37.53935],[126.9076,37.5361],[126.90818,37.53282],[126.90917,37.53082],[126.91032,37.52819],[126.91106,37.52634],[126.91249,37.52411],[126.91357,37.52248],[126.91611,37.5197],[126.91736,37.51898],[126.91873,37.51806],[126.92367,37.5165],[126.92575,37.51561],[126.92686,37.51554],[126.929,37.51542],[126.93239,37.51558],[126.93414,37.51591],[126.93928,37.51608],[126.94241,37.51654],[126.94956,37.51762],[126.94989,37.51751],[126.94988,37.52703],[126.94741,37.53017],[126.94711,37.53063],[126.94548,37.53267],[126.94459,37.53378],[126.94422,37.53424],[126.94035,37.5367],[126.93856,37.53784],[126.9372,37.53847],[126.93534,37.53935],[126.9329,37.54052],[126.93185,37.54087],[126.93033,37.54136],[126.92765,37.53907],[126.9271,37.53904],[126.92586,37.53946],[126.92482,37.53974],[126.92308,37.54045],[126.92283,37.54062],[126.92242,37.54143],[126.9218,37.54143]]]},"properties":{"g":"11560","gn":"영등포구","d":"11000","n":"여의도동"},"id":"LT_C_ADEMD_INFO.1876"},
{"type":"Feature","geometry":{"type":"Polygon","coordinates":[[[126.90174,37.52324],[126.90218,37.52461],[126.90272,37.52596],[126.90279,37.52613],[126.89712,37.52775],[126.89414,37.52923],[126.89274,37.52744],[126.89258,37.52706],[126.89202,37.52472],[126.89623,37.52407],[126.90174,37.52324]]]},"properties":{"g":"11560","gn":"영등포구","d":"11300","n":"당산동3가"},"id":"LT_C_ADEMD_INFO.1877"},
{"type":"Feature","geometry":{"type":"Polygon","coordinates":[[[126.90279,37.52596],[126.90292,37.5261],[126.90409,37.52888],[126.9026,37.5293],[126.89655,37.5323],[126.89414,37.52923],[126.89712,37.52775],[126.90279,37.52613],[126.90272,37.52596],[126.90279,37.52596]]]},"properties":{"g":"11560","gn":"영등포구","d":"11400","n":"당산동4가"},"id":"LT_C_ADEMD_INFO.1878"},
{"type":"Feature","geometry":{"type":"Polygon","coordinates":[[[126.89301,37.50854],[126.89296,37.50983],[126.895,37.51074],[126.89591,37.51106],[126.8976,37.51184],[126.8994,37.51259],[126.90097,37.5133],[126.90406,37.51462],[126.90393,37.51486],[126.90321,37.51514],[126.90307,37.5152],[126.89723,37.51316],[126.8941,37.51208],[126.89186,37.51095],[126.89216,37.51063],[126.89182,37.51036],[126.89105,37.51037],[126.8917,37.51031],[126.89202,37.50983],[126.89233,37.5091],[126.89301,37.50854]]]},"properties":{"g":"11560","gn":"영등포구","d":"11900","n":"문래동1가"},"id":"LT_C_ADEMD_INFO.1879"},
{"type":"Feature","geometry":{"type":"Polygon","coordinates":[[[126.89105,37.51037],[126.89182,37.51036],[126.89216,37.51063],[126.89186,37.51095],[126.8941,37.51208],[126.89723,37.51316],[126.89331,37.51506],[126.89298,37.51462],[126.89141,37.51334],[126.89044,37.51261],[126.89076,37.51235],[126.89046,37.51199],[126.88981,37.51172],[126.89064,37.51089],[126.89105,37.51037]]]},"properties":{"g":"11560","gn":"영등포구","d":"12000","n":"문래동2가"},"id":"LT_C_ADEMD_INFO.1880"},
{"type":"Feature","geometry":{"type":"Polygon","coordinates":[[[126.89723,37.51316],[126.90307,37.5152],[126.90265,37.51542],[126.9021,37.51613],[126.9012,37.51856],[126.90112,37.5188],[126.90054,37.51924],[126.9,37.51944],[126.89529,37.52019],[126.89163,37.52075],[126.88973,37.52105],[126.88881,37.51723],[126.89331,37.51506],[126.89723,37.51316]]]},"properties":{"g":"11560","gn":"영등포구","d":"12100","n":"문래동3가"},"id":"LT_C_ADEMD_INFO.1881"},
{"type":"Feature","geometry":{"type":"Polygon","coordinates":[[[126.88981,37.51172],[126.89046,37.51199],[126.89076,37.51235],[126.89044,37.51261],[126.89141,37.51334],[126.89298,37.51462],[126.89331,37.51506],[126.88881,37.51723],[126.88881,37.51722],[126.88733,37.51394],[126.88696,37.51349],[126.88706,37.51327],[126.88756,37.51323],[126.88784,37.51301],[126.88836,37.51234],[126.88879,37.51224],[126.88971,37.51223],[126.88981,37.51172]]]},"properties":{"g":"11560","gn":"영등포구","d":"12200","n":"문래동4가"},"id":"LT_C_ADEMD_INFO.1882"},
{"type":"Feature","geometry":{"type":"Polygon","coordinates":[[[126.88173,37.52244],[126.8819,37.52104],[126.885,37.52057],[126.88529,37.52173],[126.88623,37.52561],[126.88299,37.5261],[126.88239,37.52557],[126.88191,37.52493],[126.8816,37.52411],[126.88173,37.52244]]]},"properties":{"g":"11560","gn":"영등포구","d":"12600","n":"양평동2가"},"id":"LT_C_ADEMD_INFO.1883"},
{"type":"Feature","geometry":{"type":"Polygon","coordinates":[[[126.89909,37.53858],[126.89907,37.53859],[126.89814,37.53912],[126.89791,37.53929],[126.89773,37.53941],[126.89602,37.54055],[126.89181,37.53516],[126.89184,37.53462],[126.89655,37.5323],[126.89895,37.53536],[126.90063,37.53749],[126.90035,37.53766],[126.90034,37.53768],[126.89909,37.53858]]]},"properties":{"g":"11560","gn":"영등포구","d":"12800","n":"양평동4가"},"id":"LT_C_ADEMD_INFO.1884"},
{"type":"Feature","geometry":{"type":"Polygon","coordinates":[[[126.88299,37.5261],[126.88623,37.52561],[126.89202,37.52472],[126.89258,37.52706],[126.89274,37.52744],[126.89414,37.52923],[126.89655,37.5323],[126.89184,37.53462],[126.89171,37.53351],[126.89129,37.53262],[126.8909,37.53192],[126.89089,37.5319],[126.89076,37.53174],[126.89073,37.53171],[126.89068,37.53166],[126.89048,37.53141],[126.89047,37.5314],[126.89047,37.53139],[126.89036,37.53124],[126.89015,37.53094],[126.88965,37.53024],[126.88954,37.53],[126.88893,37.52899],[126.88818,37.52825],[126.88717,37.52763],[126.88661,37.5274],[126.88357,37.52634],[126.88299,37.5261]]]},"properties":{"g":"11560","gn":"영등포구","d":"12700","n":"양평동3가"},"id":"LT_C_ADEMD_INFO.1885"},
{"type":"Feature","geometry":{"type":"Polygon","coordinates":[[[126.89181,37.53516],[126.89602,37.54055],[126.89559,37.54086],[126.89413,37.54165],[126.89332,37.54209],[126.89232,37.54266],[126.89007,37.53978],[126.88982,37.53961],[126.88992,37.53924],[126.89152,37.53608],[126.89181,37.53516]]]},"properties":{"g":"11560","gn":"영등포구","d":"12900","n":"양평동5가"},"id":"LT_C_ADEMD_INFO.1886"},
{"type":"Feature","geometry":{"type":"Polygon","coordinates":[[[127.00765,37.52466],[127.00648,37.52346],[127.00319,37.52116],[127.00079,37.5195],[126.99894,37.51832],[126.99752,37.51742],[126.99742,37.51736],[127.00113,37.5136],[126.99776,37.51192],[127.00015,37.50709],[127.00115,37.505],[127.02133,37.5111],[127.02052,37.5128],[127.01953,37.51611],[127.01782,37.52181],[127.01694,37.52302],[127.01522,37.52485],[127.01318,37.52259],[127.0106,37.52427],[127.0092,37.52519],[127.00889,37.52539],[127.00858,37.5256],[127.00848,37.5255],[127.00801,37.52502],[127.00781,37.52482],[127.00765,37.52466]]]},"properties":{"g":"11650","gn":"서초구","d":"10600","n":"잠원동"},"id":"LT_C_ADEMD_INFO.1887"},
{"type":"Feature","geometry":{"type":"Polygon","coordinates":[[[126.88982,37.53961],[126.89007,37.53978],[126.89232,37.54266],[126.89069,37.54357],[126.89031,37.54367],[126.88828,37.54472],[126.88651,37.54582],[126.88676,37.54539],[126.88727,37.54421],[126.88758,37.54382],[126.88813,37.54276],[126.88839,37.54233],[126.88982,37.53961]]]},"properties":{"g":"11560","gn":"영등포구","d":"13000","n":"양평동6가"},"id":"LT_C_ADEMD_INFO.1888"},
{"type":"Feature","geometry":{"type":"Polygon","coordinates":[[[126.88046,37.55627],[126.87924,37.55475],[126.87922,37.55315],[126.87824,37.55358],[126.87795,37.55345],[126.87805,37.5517],[126.87921,37.55031],[126.87985,37.54936],[126.88036,37.54845],[126.88068,37.54818],[126.88074,37.54813],[126.88079,37.54809],[126.88081,37.54808],[126.88088,37.548],[126.88102,37.54787],[126.88125,37.54765],[126.8817,37.54714],[126.88176,37.54708],[126.88188,37.54696],[126.88195,37.5469],[126.88198,37.54687],[126.882,37.54685],[126.88202,37.54683],[126.88207,37.54678],[126.88208,37.54677],[126.88209,37.54677],[126.88211,37.54674],[126.88213,37.54672],[126.88275,37.54575],[126.88409,37.54464],[126.88422,37.5444],[126.88425,37.54357],[126.88443,37.54338],[126.88509,37.54331],[126.88513,37.54317],[126.88529,37.54274],[126.88543,37.54233],[126.88544,37.54231],[126.88566,37.54239],[126.88681,37.54259],[126.88738,37.54277],[126.88813,37.54276],[126.88758,37.54382],[126.88727,37.54421],[126.88676,37.54539],[126.88651,37.54582],[126.88828,37.54472],[126.89031,37.54367],[126.89069,37.54357],[126.89232,37.54266],[126.89332,37.54209],[126.89384,37.54222],[126.89449,37.54214],[126.89568,37.54171],[126.89604,37.54247],[126.89649,37.54297],[126.89785,37.54246],[126.89837,37.54277],[126.89902,37.54221],[126.90012,37.54178],[126.90055,37.54213],[126.901,37.54223],[126.90066,37.5428],[126.90151,37.54329],[126.90148,37.54356],[126.90219,37.54413],[126.90183,37.54502],[126.89894,37.54801],[126.89573,37.54904],[126.89468,37.54939],[126.89194,37.55058],[126.88812,37.55229],[126.88682,37.55309],[126.88439,37.55429],[126.88046,37.55627]]]},"properties":{"g":"11560","gn":"영등포구","d":"13100","n":"양화동"},"id":"LT_C_ADEMD_INFO.1889"},
{"type":"Feature","geometry":{"type":"Polygon","coordinates":[[[126.92686,37.51554],[126.92575,37.51561],[126.92367,37.5165],[126.91873,37.51806],[126.91736,37.51898],[126.91645,37.51765],[126.91687,37.51724],[126.91594,37.51723],[126.91487,37.51681],[126.9152,37.51602],[126.91494,37.5156],[126.91342,37.51472],[126.91292,37.51455],[126.91186,37.51394],[126.91151,37.51385],[126.91052,37.51273],[126.90999,37.51244],[126.90986,37.51173],[126.91017,37.51082],[126.91011,37.51036],[126.90908,37.50996],[126.9069,37.50902],[126.90668,37.50917],[126.90329,37.50766],[126.90292,37.5074],[126.90138,37.50677],[126.90125,37.50665],[126.89824,37.50537],[126.89933,37.50436],[126.89923,37.50403],[126.89963,37.50375],[126.89975,37.5032],[126.90206,37.50122],[126.90167,37.50049],[126.90108,37.49972],[126.90144,37.4992],[126.90222,37.49842],[126.90329,37.4975],[126.90383,37.49727],[126.90456,37.49725],[126.90529,37.49761],[126.90567,37.49768],[126.90671,37.49727],[126.90754,37.49722],[126.90818,37.49758],[126.90825,37.49683],[126.90842,37.49659],[126.90834,37.49556],[126.90883,37.49435],[126.909,37.49368],[126.90925,37.49331],[126.90929,37.49287],[126.90954,37.49266],[126.91084,37.49429],[126.91181,37.49588],[126.91213,37.49618],[126.9129,37.49642],[126.91486,37.49661],[126.91941,37.4976],[126.91982,37.4978],[126.92025,37.49851],[126.92035,37.50004],[126.92099,37.50167],[126.92539,37.51252],[126.92679,37.5128],[126.92696,37.51322],[126.92698,37.51401],[126.9267,37.51427],[126.92686,37.51554]]]},"properties":{"g":"11560","gn":"영등포구","d":"13200","n":"신길동"},"id":"LT_C_ADEMD_INFO.1890"},
{"type":"Feature","geometry":{"type":"Polygon","coordinates":[[[126.89923,37.50403],[126.89853,37.50428],[126.89674,37.50596],[126.8964,37.50659],[126.89549,37.50716],[126.89533,37.5074],[126.8945,37.508],[126.89385,37.50836],[126.89301,37.50854],[126.89233,37.5091],[126.89228,37.50906],[126.89297,37.5074],[126.89301,37.50694],[126.89324,37.50673],[126.89397,37.50501],[126.89378,37.50473],[126.89323,37.50463],[126.8933,37.50405],[126.89269,37.50331],[126.89313,37.50268],[126.89273,37.50207],[126.89293,37.50157],[126.89276,37.50083],[126.89293,37.50036],[126.89362,37.49959],[126.89404,37.49816],[126.8946,37.49516],[126.8957,37.49085],[126.89601,37.49021],[126.89612,37.48934],[126.89814,37.48695],[126.90012,37.48592],[126.90171,37.48523],[126.9032,37.485],[126.90664,37.48921],[126.90678,37.48919],[126.90752,37.49001],[126.90841,37.49134],[126.90954,37.49266],[126.90929,37.49287],[126.90925,37.49331],[126.909,37.49368],[126.90883,37.49435],[126.90834,37.49556],[126.90842,37.49659],[126.90825,37.49683],[126.90818,37.49758],[126.90754,37.49722],[126.90671,37.49727],[126.90567,37.49768],[126.90529,37.49761],[126.90456,37.49725],[126.90383,37.49727],[126.90329,37.4975],[126.90222,37.49842],[126.90144,37.4992],[126.90108,37.49972],[126.90167,37.50049],[126.90206,37.50122],[126.89975,37.5032],[126.89963,37.50375],[126.89923,37.50403]]]},"properties":{"g":"11560","gn":"영등포구","d":"13300","n":"대림동"},"id":"LT_C_ADEMD_INFO.1891"},
{"type":"Feature","geometry":{"type":"MultiPolygon","coordinates":[[[[126.88299,37.5261],[126.88357,37.52634],[126.88661,37.5274],[126.88717,37.52763],[126.88818,37.52825],[126.88893,37.52899],[126.88954,37.53],[126.88894,37.53033],[126.88846,37.53041],[126.88769,37.53037],[126.88718,37.53019],[126.88703,37.5301],[126.88676,37.52992],[126.88656,37.52978],[126.88648,37.52973],[126.88632,37.52963],[126.88626,37.52959],[126.88624,37.52958],[126.88622,37.52957],[126.8862,37.52955],[126.88617,37.52953],[126.886,37.52945],[126.88594,37.52942],[126.88522,37.52918],[126.88504,37.5291],[126.88452,37.52884],[126.88432,37.52876],[126.88418,37.52867],[126.88402,37.52854],[126.88391,37.52839],[126.88389,37.52804],[126.88388,37.52791],[126.88388,37.52788],[126.88385,37.5278],[126.88375,37.52759],[126.88375,37.52758],[126.88373,37.52756],[126.88362,37.52745],[126.88345,37.52734],[126.88343,37.52733],[126.88328,37.52727],[126.88322,37.52725],[126.88313,37.52723],[126.88312,37.52723],[126.88294,37.52723],[126.88291,37.52723],[126.88273,37.52725],[126.88258,37.52732],[126.88256,37.52733],[126.88191,37.52763],[126.88176,37.52767],[126.88169,37.52769],[126.88135,37.52778],[126.88118,37.52779],[126.88101,37.52775],[126.88091,37.52771],[126.8808,37.52765],[126.88067,37.52755],[126.8806,37.52742],[126.8806,37.5274],[126.88061,37.52732],[126.88063,37.52724],[126.88068,37.52711],[126.88095,37.52683],[126.88117,37.52654],[126.88117,37.52652],[126.88118,37.52635],[126.88112,37.52613],[126.88094,37.52591],[126.88081,37.52584],[126.88071,37.52578],[126.88058,37.52575],[126.88047,37.52574],[126.88032,37.52574],[126.88024,37.52574],[126.88018,37.52574],[126.88014,37.52574],[126.88012,37.52574],[126.87993,37.52574],[126.87941,37.52574],[126.87928,37.52572],[126.87924,37.5257],[126.87919,37.52568],[126.87915,37.52566],[126.87905,37.5256],[126.87875,37.52535],[126.87873,37.52531],[126.87861,37.52507],[126.87861,37.52505],[126.87861,37.52472],[126.87861,37.52468],[126.87886,37.52409],[126.87892,37.52368],[126.87889,37.52325],[126.87889,37.5232],[126.87889,37.52315],[126.87892,37.52292],[126.87894,37.52288],[126.87897,37.52278],[126.87903,37.52261],[126.87907,37.52261],[126.87917,37.52266],[126.87945,37.52283],[126.87993,37.52285],[126.88173,37.52244],[126.8816,37.52411],[126.88191,37.52493],[126.88239,37.52557],[126.88299,37.5261]]],[[[126.90123,37.53708],[126.90106,37.53787],[126.90075,37.53814],[126.90035,37.53766],[126.90063,37.53749],[126.90123,37.53708]]],[[[126.90034,37.53768],[126.90073,37.53814],[126.90062,37.5383],[126.89935,37.5386],[126.89909,37.53858],[126.90034,37.53768]]],[[[126.89907,37.53859],[126.89956,37.53924],[126.89815,37.53975],[126.89814,37.53912],[126.89907,37.53859]]],[[[126.89413,37.54165],[126.89384,37.54222],[126.89332,37.54209],[126.89413,37.54165]]],[[[126.89068,37.53166],[126.89073,37.53171],[126.89076,37.53174],[126.89089,37.5319],[126.8909,37.53192],[126.89129,37.53262],[126.89171,37.53351],[126.89184,37.53462],[126.89181,37.53516],[126.89152,37.53608],[126.88992,37.53924],[126.88982,37.53961],[126.88839,37.54233],[126.88813,37.54276],[126.88738,37.54277],[126.88681,37.54259],[126.88566,37.54239],[126.88544,37.54231],[126.88551,37.54158],[126.88572,37.54106],[126.88579,37.5409],[126.88595,37.54054],[126.88623,37.53994],[126.88685,37.53883],[126.88704,37.53868],[126.88708,37.53863],[126.88711,37.53859],[126.88748,37.53794],[126.88767,37.53757],[126.88808,37.53697],[126.88826,37.53671],[126.88859,37.53631],[126.8887,37.53622],[126.88882,37.53613],[126.88943,37.53554],[126.88992,37.53486],[126.89,37.53471],[126.89013,37.53438],[126.89004,37.53371],[126.88983,37.53343],[126.88955,37.53325],[126.88946,37.53321],[126.88936,37.53316],[126.88922,37.5331],[126.88875,37.53285],[126.88874,37.53284],[126.88869,37.53281],[126.88866,37.53276],[126.88863,37.53273],[126.88862,37.53271],[126.88856,37.53264],[126.88855,37.5326],[126.88853,37.53255],[126.88854,37.53239],[126.88854,37.53232],[126.88855,37.53228],[126.88863,37.53212],[126.88874,37.53205],[126.88883,37.53198],[126.88895,37.53193],[126.88903,37.53192],[126.88909,37.53191],[126.88955,37.53191],[126.88966,37.53191],[126.89029,37.53187],[126.89048,37.53178],[126.89058,37.53172],[126.89068,37.53166]]]]},"properties":{"g":"11560","gn":"영등포구","d":"13400","n":"양평동"},"id":"LT_C_ADEMD_INFO.1892"},
{"type":"Feature","geometry":{"type":"Polygon","coordinates":[[[126.93521,37.5069],[126.93593,37.5071],[126.93638,37.50707],[126.93654,37.5065],[126.93714,37.50656],[126.93741,37.50632],[126.9381,37.506],[126.93841,37.50549],[126.93871,37.50537],[126.93973,37.50547],[126.93996,37.50524],[126.94128,37.50527],[126.94132,37.5057],[126.94261,37.50625],[126.94311,37.50622],[126.94406,37.50676],[126.94463,37.50696],[126.94593,37.50691],[126.94616,37.50714],[126.94702,37.50692],[126.94723,37.50634],[126.94729,37.50623],[126.94782,37.50688],[126.94838,37.50684],[126.94925,37.50698],[126.94953,37.50731],[126.95013,37.50753],[126.95061,37.50806],[126.94902,37.5086],[126.94877,37.50957],[126.94848,37.5098],[126.94831,37.51068],[126.94879,37.51143],[126.94898,37.5123],[126.94972,37.5127],[126.94965,37.51289],[126.95009,37.51343],[126.9486,37.51439],[126.94838,37.51557],[126.94934,37.5164],[126.95021,37.51742],[126.94989,37.51751],[126.94956,37.51762],[126.94241,37.51654],[126.93928,37.51608],[126.93414,37.51591],[126.93239,37.51558],[126.93259,37.51464],[126.93331,37.51431],[126.93408,37.51366],[126.93442,37.51313],[126.93466,37.51237],[126.93469,37.5108],[126.93495,37.51051],[126.93496,37.50927],[126.93478,37.50889],[126.93473,37.5083],[126.93521,37.5069]]]},"properties":{"g":"11590","gn":"동작구","d":"10100","n":"노량진동"},"id":"LT_C_ADEMD_INFO.1893"},
{"type":"Feature","geometry":{"type":"Polygon","coordinates":[[[126.94723,37.50634],[126.94702,37.50692],[126.94616,37.50714],[126.94593,37.50691],[126.94463,37.50696],[126.94406,37.50676],[126.94311,37.50622],[126.94261,37.50625],[126.94132,37.5057],[126.94128,37.50527],[126.93996,37.50524],[126.93973,37.50547],[126.93871,37.50537],[126.93841,37.50549],[126.9381,37.506],[126.93741,37.50632],[126.93714,37.50656],[126.93654,37.5065],[126.93638,37.50707],[126.93593,37.5071],[126.93521,37.5069],[126.93473,37.50676],[126.93461,37.50627],[126.9346,37.50623],[126.93443,37.50571],[126.93394,37.50522],[126.93348,37.50523],[126.933,37.50562],[126.9327,37.50559],[126.93259,37.50456],[126.93267,37.50407],[126.93236,37.50377],[126.93158,37.50365],[126.93052,37.50346],[126.92969,37.50413],[126.92927,37.50422],[126.92891,37.50385],[126.92837,37.50368],[126.92816,37.50305],[126.92856,37.50259],[126.92877,37.50209],[126.92873,37.50118],[126.9288,37.50107],[126.92949,37.50062],[126.93032,37.49995],[126.93024,37.49954],[126.92865,37.49886],[126.92922,37.4984],[126.92944,37.498],[126.92955,37.49789],[126.93009,37.49779],[126.92993,37.49742],[126.9299,37.49735],[126.9297,37.49697],[126.92975,37.49616],[126.92943,37.49574],[126.92942,37.49535],[126.92986,37.49399],[126.93042,37.49379],[126.93057,37.4937],[126.93136,37.49322],[126.93244,37.49292],[126.93383,37.49315],[126.93537,37.49276],[126.93655,37.49199],[126.93726,37.49193],[126.93834,37.49237],[126.93923,37.49221],[126.93944,37.4923],[126.93995,37.49289],[126.94056,37.49285],[126.94083,37.49289],[126.94107,37.49241],[126.94173,37.49217],[126.94262,37.49215],[126.94337,37.49226],[126.94396,37.4925],[126.94444,37.4925],[126.94454,37.49314],[126.9461,37.4935],[126.94697,37.49408],[126.94753,37.49372],[126.94833,37.49369],[126.94878,37.49382],[126.94881,37.49314],[126.94942,37.49297],[126.94957,37.49274],[126.95024,37.49249],[126.95169,37.49218],[126.95224,37.49166],[126.95285,37.49133],[126.95371,37.49063],[126.95418,37.49094],[126.95485,37.49098],[126.95521,37.49133],[126.95536,37.49141],[126.95623,37.4915],[126.95748,37.49198],[126.9576,37.49236],[126.95845,37.49262],[126.9587,37.49292],[126.95895,37.49361],[126.95932,37.4938],[126.96029,37.49374],[126.96105,37.49326],[126.96138,37.49287],[126.96161,37.49304],[126.9622,37.49422],[126.96291,37.49477],[126.96282,37.49546],[126.96236,37.49579],[126.96239,37.49653],[126.96194,37.49744],[126.95984,37.49819],[126.95894,37.49847],[126.95803,37.49859],[126.95752,37.49876],[126.95642,37.49961],[126.95624,37.50001],[126.95625,37.50053],[126.95595,37.50106],[126.95502,37.50221],[126.95529,37.50284],[126.95502,37.50386],[126.95441,37.50392],[126.95356,37.50441],[126.9536,37.50493],[126.95391,37.50522],[126.95379,37.50549],[126.95461,37.50754],[126.95382,37.50767],[126.95312,37.50871],[126.95236,37.50854],[126.95191,37.50803],[126.95164,37.50807],[126.95178,37.50759],[126.95212,37.50743],[126.95232,37.50666],[126.95293,37.50702],[126.95333,37.50702],[126.95335,37.50582],[126.95294,37.50515],[126.95301,37.50466],[126.95238,37.5046],[126.95246,37.50402],[126.95277,37.50369],[126.95323,37.50367],[126.95348,37.50132],[126.95241,37.50088],[126.95236,37.50062],[126.95343,37.50083],[126.95348,37.50077],[126.95291,37.50032],[126.95204,37.50031],[126.95176,37.50002],[126.95073,37.49927],[126.95094,37.49892],[126.95064,37.49868],[126.95028,37.49912],[126.95059,37.49932],[126.95015,37.50003],[126.94923,37.50107],[126.94873,37.50094],[126.94811,37.50169],[126.9475,37.50176],[126.94617,37.50321],[126.94985,37.50522],[126.95025,37.50634],[126.9508,37.50688],[126.95162,37.50744],[126.95129,37.50801],[126.95061,37.50806],[126.95013,37.50753],[126.94953,37.50731],[126.94925,37.50698],[126.94838,37.50684],[126.94782,37.50688],[126.94729,37.50623],[126.94723,37.50634]]]},"properties":{"g":"11590","gn":"동작구","d":"10200","n":"상도동"},"id":"LT_C_ADEMD_INFO.1894"},
{"type":"Feature","geometry":{"type":"Polygon","coordinates":[[[126.95164,37.50807],[126.95129,37.50801],[126.95162,37.50744],[126.9508,37.50688],[126.95025,37.50634],[126.94985,37.50522],[126.94617,37.50321],[126.9475,37.50176],[126.94811,37.50169],[126.94873,37.50094],[126.94923,37.50107],[126.95015,37.50003],[126.95059,37.49932],[126.95028,37.49912],[126.95064,37.49868],[126.95094,37.49892],[126.95073,37.49927],[126.95176,37.50002],[126.95204,37.50031],[126.95291,37.50032],[126.95348,37.50077],[126.95343,37.50083],[126.95236,37.50062],[126.95241,37.50088],[126.95348,37.50132],[126.95323,37.50367],[126.95277,37.50369],[126.95246,37.50402],[126.95238,37.5046],[126.95301,37.50466],[126.95294,37.50515],[126.95335,37.50582],[126.95333,37.50702],[126.95293,37.50702],[126.95232,37.50666],[126.95212,37.50743],[126.95178,37.50759],[126.95164,37.50807]]]},"properties":{"g":"11590","gn":"동작구","d":"10300","n":"상도1동"},"id":"LT_C_ADEMD_INFO.1895"},
{"type":"Feature","geometry":{"type":"Polygon","coordinates":[[[126.95021,37.51742],[126.94934,37.5164],[126.94838,37.51557],[126.9486,37.51439],[126.95009,37.51343],[126.94965,37.51289],[126.94972,37.5127],[126.94898,37.5123],[126.94879,37.51143],[126.94831,37.51068],[126.94848,37.5098],[126.94877,37.50957],[126.94902,37.5086],[126.95061,37.50806],[126.95129,37.50801],[126.95164,37.50807],[126.95191,37.50803],[126.95236,37.50854],[126.95312,37.50871],[126.95382,37.50767],[126.95461,37.50754],[126.95503,37.50768],[126.95536,37.50881],[126.95523,37.50907],[126.95623,37.50962],[126.95754,37.5101],[126.95807,37.5112],[126.95882,37.51122],[126.95917,37.51155],[126.95989,37.51164],[126.96188,37.5131],[126.96119,37.51346],[126.95981,37.51396],[126.95555,37.51571],[126.95471,37.51603],[126.95344,37.5164],[126.95021,37.51742]]]},"properties":{"g":"11590","gn":"동작구","d":"10400","n":"본동"},"id":"LT_C_ADEMD_INFO.1896"},
{"type":"Feature","geometry":{"type":"Polygon","coordinates":[[[126.96188,37.5131],[126.95989,37.51164],[126.95917,37.51155],[126.95882,37.51122],[126.95807,37.5112],[126.95754,37.5101],[126.95623,37.50962],[126.95523,37.50907],[126.95536,37.50881],[126.95503,37.50768],[126.95461,37.50754],[126.95379,37.50549],[126.95391,37.50522],[126.9536,37.50493],[126.95356,37.50441],[126.95441,37.50392],[126.95502,37.50386],[126.95529,37.50284],[126.95502,37.50221],[126.95595,37.50106],[126.95625,37.50053],[126.95624,37.50001],[126.95642,37.49961],[126.95752,37.49876],[126.95803,37.49859],[126.95894,37.49847],[126.95984,37.49819],[126.96194,37.49744],[126.96218,37.49794],[126.96297,37.49852],[126.96302,37.49894],[126.96332,37.49959],[126.96414,37.50013],[126.96431,37.50049],[126.96512,37.50083],[126.96554,37.50159],[126.96644,37.50212],[126.96658,37.50277],[126.96721,37.50302],[126.96816,37.50354],[126.96973,37.50381],[126.97011,37.50409],[126.97127,37.5042],[126.97198,37.50464],[126.97201,37.50554],[126.97264,37.50624],[126.97406,37.50748],[126.97012,37.50901],[126.967,37.50985],[126.96497,37.51082],[126.96258,37.51262],[126.96188,37.5131]]]},"properties":{"g":"11590","gn":"동작구","d":"10500","n":"흑석동"},"id":"LT_C_ADEMD_INFO.1897"},
{"type":"Feature","geometry":{"type":"Polygon","coordinates":[[[126.97406,37.50748],[126.97264,37.50624],[126.97201,37.50554],[126.97198,37.50464],[126.97127,37.5042],[126.97011,37.50409],[126.96973,37.50381],[126.96816,37.50354],[126.96721,37.50302],[126.96658,37.50277],[126.96644,37.50212],[126.96554,37.50159],[126.96512,37.50083],[126.96431,37.50049],[126.96414,37.50013],[126.96332,37.49959],[126.96302,37.49894],[126.96297,37.49852],[126.96218,37.49794],[126.96194,37.49744],[126.96239,37.49653],[126.96236,37.49579],[126.96282,37.49546],[126.96291,37.49477],[126.96352,37.49444],[126.96387,37.49411],[126.96491,37.49338],[126.96552,37.49332],[126.96582,37.49366],[126.96756,37.49392],[126.968,37.49414],[126.96829,37.49387],[126.96897,37.49366],[126.96948,37.49368],[126.96997,37.49345],[126.97033,37.49353],[126.9715,37.49325],[126.97299,37.49342],[126.97303,37.49382],[126.97353,37.4943],[126.97426,37.49446],[126.97484,37.49497],[126.97528,37.49489],[126.97576,37.49454],[126.97668,37.49457],[126.97793,37.49424],[126.97762,37.49366],[126.97862,37.49349],[126.97904,37.49391],[126.97956,37.49359],[126.97982,37.49311],[126.98051,37.49283],[126.98093,37.49282],[126.98144,37.4924],[126.98177,37.49233],[126.98278,37.49265],[126.98281,37.49267],[126.98293,37.49699],[126.98319,37.49737],[126.98538,37.49986],[126.98428,37.50071],[126.98203,37.50204],[126.98054,37.50269],[126.98021,37.50321],[126.98013,37.5037],[126.97983,37.50418],[126.9804,37.50459],[126.9804,37.50654],[126.97817,37.50656],[126.97525,37.50702],[126.97406,37.50748]]]},"properties":{"g":"11590","gn":"동작구","d":"10600","n":"동작동"},"id":"LT_C_ADEMD_INFO.1898"},
{"type":"Feature","geometry":{"type":"Polygon","coordinates":[[[126.96291,37.49477],[126.9622,37.49422],[126.96161,37.49304],[126.96138,37.49287],[126.9614,37.49148],[126.96078,37.49083],[126.96087,37.49018],[126.96139,37.48913],[126.96175,37.48899],[126.96195,37.4886],[126.96169,37.4872],[126.96184,37.48711],[126.9618,37.48632],[126.96167,37.48599],[126.96199,37.48518],[126.96164,37.48471],[126.96163,37.48423],[126.96107,37.48356],[126.96183,37.48294],[126.96205,37.48245],[126.96269,37.48206],[126.96328,37.48137],[126.96394,37.48102],[126.96441,37.47982],[126.96479,37.47949],[126.96634,37.47892],[126.96728,37.47802],[126.96778,37.47784],[126.96883,37.4766],[126.97027,37.47648],[126.9703,37.47587],[126.97052,37.47538],[126.97226,37.47579],[126.97429,37.4762],[126.97842,37.47665],[126.98169,37.47653],[126.98168,37.47717],[126.98219,37.48673],[126.98232,37.48854],[126.98263,37.49008],[126.98268,37.49167],[126.98278,37.49265],[126.98177,37.49233],[126.98144,37.4924],[126.98093,37.49282],[126.98051,37.49283],[126.97982,37.49311],[126.97956,37.49359],[126.97904,37.49391],[126.97862,37.49349],[126.97762,37.49366],[126.97793,37.49424],[126.97668,37.49457],[126.97576,37.49454],[126.97528,37.49489],[126.97484,37.49497],[126.97426,37.49446],[126.97353,37.4943],[126.97303,37.49382],[126.97299,37.49342],[126.9715,37.49325],[126.97033,37.49353],[126.96997,37.49345],[126.96948,37.49368],[126.96897,37.49366],[126.96829,37.49387],[126.968,37.49414],[126.96756,37.49392],[126.96582,37.49366],[126.96552,37.49332],[126.96491,37.49338],[126.96387,37.49411],[126.96352,37.49444],[126.96291,37.49477]]]},"properties":{"g":"11590","gn":"동작구","d":"10700","n":"사당동"},"id":"LT_C_ADEMD_INFO.1899"},
{"type":"Feature","geometry":{"type":"Polygon","coordinates":[[[126.92686,37.51554],[126.9267,37.51427],[126.92698,37.51401],[126.92696,37.51322],[126.92679,37.5128],[126.92539,37.51252],[126.92099,37.50167],[126.92035,37.50004],[126.92025,37.49851],[126.92155,37.49798],[126.92227,37.49793],[126.92415,37.49843],[126.92584,37.499],[126.92703,37.49935],[126.92865,37.49886],[126.93024,37.49954],[126.93032,37.49995],[126.92949,37.50062],[126.9288,37.50107],[126.92873,37.50118],[126.92877,37.50209],[126.92856,37.50259],[126.92816,37.50305],[126.92837,37.50368],[126.92891,37.50385],[126.92927,37.50422],[126.92969,37.50413],[126.93052,37.50346],[126.93158,37.50365],[126.93236,37.50377],[126.93267,37.50407],[126.93259,37.50456],[126.9327,37.50559],[126.933,37.50562],[126.93348,37.50523],[126.93394,37.50522],[126.93443,37.50571],[126.9346,37.50623],[126.93461,37.50627],[126.93473,37.50676],[126.93521,37.5069],[126.93473,37.5083],[126.93478,37.50889],[126.93496,37.50927],[126.93495,37.51051],[126.93469,37.5108],[126.93466,37.51237],[126.93442,37.51313],[126.93408,37.51366],[126.93331,37.51431],[126.93259,37.51464],[126.93239,37.51558],[126.929,37.51542],[126.92686,37.51554]]]},"properties":{"g":"11590","gn":"동작구","d":"10800","n":"대방동"},"id":"LT_C_ADEMD_INFO.1900"},
{"type":"Feature","geometry":{"type":"Polygon","coordinates":[[[126.92865,37.49886],[126.92703,37.49935],[126.92584,37.499],[126.92415,37.49843],[126.92227,37.49793],[126.92155,37.49798],[126.92025,37.49851],[126.91982,37.4978],[126.91941,37.4976],[126.91486,37.49661],[126.9129,37.49642],[126.91213,37.49618],[126.91181,37.49588],[126.91084,37.49429],[126.90954,37.49266],[126.90841,37.49134],[126.90752,37.49001],[126.90678,37.48919],[126.90664,37.48921],[126.9032,37.485],[126.90553,37.48491],[126.9061,37.48496],[126.90939,37.4859],[126.91061,37.48606],[126.91192,37.48651],[126.91307,37.48738],[126.91357,37.48801],[126.91486,37.48869],[126.91665,37.48955],[126.91871,37.49014],[126.91946,37.49028],[126.9213,37.49033],[126.92218,37.49015],[126.92415,37.48996],[126.92415,37.49034],[126.92482,37.49092],[126.92539,37.49214],[126.92558,37.4928],[126.92649,37.49349],[126.92664,37.49416],[126.92713,37.49455],[126.92745,37.49499],[126.92791,37.49507],[126.92847,37.49483],[126.92986,37.49399],[126.92942,37.49535],[126.92943,37.49574],[126.92975,37.49616],[126.9297,37.49697],[126.9299,37.49735],[126.92993,37.49742],[126.93009,37.49779],[126.92955,37.49789],[126.92944,37.498],[126.92922,37.4984],[126.92865,37.49886]]]},"properties":{"g":"11590","gn":"동작구","d":"10900","n":"신대방동"},"id":"LT_C_ADEMD_INFO.1901"},
{"type":"Feature","geometry":{"type":"Polygon","coordinates":[[[126.92986,37.49399],[126.92847,37.49483],[126.92791,37.49507],[126.92745,37.49499],[126.92713,37.49455],[126.92664,37.49416],[126.92649,37.49349],[126.92558,37.4928],[126.92539,37.49214],[126.92482,37.49092],[126.92415,37.49034],[126.92415,37.48996],[126.92544,37.48998],[126.92627,37.48986],[126.92756,37.48956],[126.92887,37.48909],[126.9342,37.4867],[126.93421,37.4848],[126.93443,37.48465],[126.93544,37.48467],[126.93652,37.48444],[126.93779,37.48389],[126.93778,37.48331],[126.93729,37.48292],[126.93697,37.48248],[126.93752,37.48223],[126.93631,37.48119],[126.93558,37.48098],[126.93559,37.48071],[126.93613,37.48051],[126.93654,37.4802],[126.93709,37.47941],[126.93796,37.47932],[126.93855,37.47894],[126.93954,37.47884],[126.9393,37.47831],[126.93968,37.47753],[126.94031,37.47725],[126.94124,37.47648],[126.94207,37.47615],[126.94281,37.47538],[126.94427,37.47427],[126.94524,37.47368],[126.94583,37.47352],[126.946,37.47318],[126.94679,37.4726],[126.94786,37.47241],[126.94907,37.4728],[126.94971,37.47235],[126.95041,37.47158],[126.95078,37.47143],[126.9514,37.47167],[126.95232,37.47106],[126.95305,37.47103],[126.95325,37.47083],[126.95373,37.46894],[126.95396,37.46878],[126.9542,37.46795],[126.95516,37.46716],[126.9551,37.46695],[126.95569,37.46607],[126.95616,37.4658],[126.95568,37.46438],[126.95605,37.46385],[126.95557,37.46269],[126.95695,37.46077],[126.9571,37.45976],[126.95753,37.45964],[126.9596,37.45801],[126.96165,37.45612],[126.96546,37.45499],[126.96661,37.45607],[126.96691,37.45735],[126.96658,37.45796],[126.96838,37.45923],[126.96906,37.45997],[126.96904,37.46038],[126.96981,37.461],[126.9703,37.46203],[126.97066,37.46217],[126.97114,37.46274],[126.97164,37.46284],[126.9719,37.4632],[126.97269,37.4635],[126.9734,37.46353],[126.97353,37.46402],[126.97399,37.46507],[126.97302,37.46571],[126.97315,37.46604],[126.97276,37.46698],[126.97167,37.46788],[126.97152,37.46852],[126.97114,37.46944],[126.97141,37.46993],[126.97106,37.47197],[126.97117,37.47268],[126.97149,37.4731],[126.97137,37.47348],[126.97074,37.47421],[126.97087,37.47461],[126.97052,37.47538],[126.9703,37.47587],[126.97027,37.47648],[126.96883,37.4766],[126.96778,37.47784],[126.96728,37.47802],[126.96634,37.47892],[126.96479,37.47949],[126.96441,37.47982],[126.96394,37.48102],[126.96328,37.48137],[126.96269,37.48206],[126.96205,37.48245],[126.96183,37.48294],[126.96107,37.48356],[126.96163,37.48423],[126.96164,37.48471],[126.96199,37.48518],[126.96167,37.48599],[126.9618,37.48632],[126.96184,37.48711],[126.96169,37.4872],[126.96195,37.4886],[126.96175,37.48899],[126.96139,37.48913],[126.96087,37.49018],[126.96078,37.49083],[126.9614,37.49148],[126.96138,37.49287],[126.96105,37.49326],[126.96029,37.49374],[126.95932,37.4938],[126.95895,37.49361],[126.9587,37.49292],[126.95845,37.49262],[126.9576,37.49236],[126.95748,37.49198],[126.95623,37.4915],[126.95536,37.49141],[126.95521,37.49133],[126.95485,37.49098],[126.95418,37.49094],[126.95371,37.49063],[126.95285,37.49133],[126.95224,37.49166],[126.95169,37.49218],[126.95024,37.49249],[126.94957,37.49274],[126.94942,37.49297],[126.94881,37.49314],[126.94878,37.49382],[126.94833,37.49369],[126.94753,37.49372],[126.94697,37.49408],[126.9461,37.4935],[126.94454,37.49314],[126.94444,37.4925],[126.94396,37.4925],[126.94337,37.49226],[126.94262,37.49215],[126.94173,37.49217],[126.94107,37.49241],[126.94083,37.49289],[126.94056,37.49285],[126.93995,37.49289],[126.93944,37.4923],[126.93923,37.49221],[126.93834,37.49237],[126.93726,37.49193],[126.93655,37.49199],[126.93537,37.49276],[126.93383,37.49315],[126.93244,37.49292],[126.93136,37.49322],[126.93057,37.4937],[126.93042,37.49379],[126.92986,37.49399]]]},"properties":{"g":"11620","gn":"관악구","d":"10100","n":"봉천동"},"id":"LT_C_ADEMD_INFO.1902"},
{"type":"Feature","geometry":{"type":"Polygon","coordinates":[[[126.9032,37.485],[126.90007,37.48118],[126.89942,37.48024],[126.89899,37.47915],[126.89894,37.47894],[126.90524,37.48011],[126.90552,37.47998],[126.90979,37.48077],[126.90993,37.48025],[126.90898,37.48009],[126.9091,37.47964],[126.90882,37.47955],[126.90862,37.47908],[126.90946,37.47803],[126.91043,37.47836],[126.91066,37.47795],[126.91182,37.47781],[126.9118,37.47686],[126.91162,37.4763],[126.91137,37.47599],[126.91118,37.47522],[126.91136,37.47448],[126.91075,37.4736],[126.91003,37.47343],[126.90856,37.47296],[126.90819,37.47273],[126.90878,37.47178],[126.90959,37.4707],[126.90955,37.47045],[126.91024,37.46924],[126.90996,37.46876],[126.91104,37.46808],[126.91109,37.46773],[126.91161,37.46712],[126.91164,37.4668],[126.91238,37.46625],[126.91238,37.46588],[126.91369,37.46538],[126.91295,37.46422],[126.91296,37.46356],[126.91329,37.46306],[126.91371,37.46279],[126.91395,37.46194],[126.91439,37.46158],[126.91418,37.46096],[126.91425,37.45995],[126.914,37.45947],[126.91424,37.45894],[126.91402,37.45845],[126.91403,37.45789],[126.91457,37.45745],[126.91495,37.45731],[126.9156,37.45743],[126.91626,37.45734],[126.9169,37.45752],[126.91748,37.45711],[126.91832,37.45693],[126.91914,37.45689],[126.91968,37.45676],[126.92089,37.45683],[126.92219,37.45663],[126.92253,37.45633],[126.92283,37.45516],[126.92335,37.4542],[126.92418,37.45368],[126.92426,37.45338],[126.92479,37.45283],[126.92543,37.45299],[126.92628,37.45254],[126.92669,37.45173],[126.92732,37.451],[126.92788,37.45109],[126.92837,37.451],[126.92851,37.45055],[126.9284,37.45021],[126.92891,37.44987],[126.93017,37.44838],[126.93037,37.4477],[126.93016,37.44638],[126.93055,37.44547],[126.93175,37.44498],[126.93322,37.44408],[126.93403,37.44349],[126.93456,37.4432],[126.93489,37.44322],[126.93564,37.44218],[126.93599,37.44214],[126.93665,37.44175],[126.93681,37.44144],[126.93786,37.4402],[126.93769,37.43968],[126.93725,37.43921],[126.93727,37.43863],[126.93774,37.43788],[126.93775,37.43739],[126.93801,37.43719],[126.93857,37.43642],[126.93862,37.43603],[126.93936,37.43603],[126.94022,37.43571],[126.94053,37.43628],[126.94142,37.4374],[126.94198,37.43751],[126.94338,37.43728],[126.94509,37.43709],[126.94568,37.43731],[126.94659,37.43793],[126.94679,37.43817],[126.94836,37.43871],[126.94877,37.43865],[126.94928,37.43825],[126.94984,37.43838],[126.95003,37.43862],[126.95093,37.43873],[126.95147,37.43858],[126.95241,37.43919],[126.9539,37.43901],[126.95511,37.43869],[126.95637,37.43875],[126.95897,37.43907],[126.95954,37.43998],[126.96006,37.4404],[126.96176,37.44028],[126.96294,37.44028],[126.9638,37.44079],[126.96378,37.44129],[126.96463,37.44204],[126.96438,37.44258],[126.9643,37.44377],[126.96442,37.44431],[126.96393,37.44521],[126.96429,37.44627],[126.96766,37.44838],[126.97057,37.44945],[126.97031,37.45103],[126.96877,37.45283],[126.96839,37.45405],[126.96764,37.45583],[126.96661,37.45607],[126.96546,37.45499],[126.96165,37.45612],[126.9596,37.45801],[126.95753,37.45964],[126.9571,37.45976],[126.95695,37.46077],[126.95557,37.46269],[126.95605,37.46385],[126.95568,37.46438],[126.95616,37.4658],[126.95569,37.46607],[126.9551,37.46695],[126.95516,37.46716],[126.9542,37.46795],[126.95396,37.46878],[126.95373,37.46894],[126.95325,37.47083],[126.95305,37.47103],[126.95232,37.47106],[126.9514,37.47167],[126.95078,37.47143],[126.95041,37.47158],[126.94971,37.47235],[126.94907,37.4728],[126.94786,37.47241],[126.94679,37.4726],[126.946,37.47318],[126.94583,37.47352],[126.94524,37.47368],[126.94427,37.47427],[126.94281,37.47538],[126.94207,37.47615],[126.94124,37.47648],[126.94031,37.47725],[126.93968,37.47753],[126.9393,37.47831],[126.93954,37.47884],[126.93855,37.47894],[126.93796,37.47932],[126.93709,37.47941],[126.93654,37.4802],[126.93613,37.48051],[126.93559,37.48071],[126.93558,37.48098],[126.93631,37.48119],[126.93752,37.48223],[126.93697,37.48248],[126.93729,37.48292],[126.93778,37.48331],[126.93779,37.48389],[126.93652,37.48444],[126.93544,37.48467],[126.93443,37.48465],[126.93421,37.4848],[126.9342,37.4867],[126.92887,37.48909],[126.92756,37.48956],[126.92627,37.48986],[126.92544,37.48998],[126.92415,37.48996],[126.92218,37.49015],[126.9213,37.49033],[126.91946,37.49028],[126.91871,37.49014],[126.91665,37.48955],[126.91486,37.48869],[126.91357,37.48801],[126.91307,37.48738],[126.91192,37.48651],[126.91061,37.48606],[126.90939,37.4859],[126.9061,37.48496],[126.90553,37.48491],[126.9032,37.485]]]},"properties":{"g":"11620","gn":"관악구","d":"10200","n":"신림동"},"id":"LT_C_ADEMD_INFO.1903"},
{"type":"Feature","geometry":{"type":"Polygon","coordinates":[[[126.97052,37.47538],[126.97087,37.47461],[126.97074,37.47421],[126.97137,37.47348],[126.97149,37.4731],[126.97117,37.47268],[126.97106,37.47197],[126.97141,37.46993],[126.97114,37.46944],[126.97152,37.46852],[126.97167,37.46788],[126.97276,37.46698],[126.97315,37.46604],[126.97302,37.46571],[126.97399,37.46507],[126.97353,37.46402],[126.9734,37.46353],[126.97269,37.4635],[126.9719,37.4632],[126.97164,37.46284],[126.97114,37.46274],[126.97066,37.46217],[126.9703,37.46203],[126.96981,37.461],[126.96904,37.46038],[126.96906,37.45997],[126.96838,37.45923],[126.96658,37.45796],[126.96691,37.45735],[126.96661,37.45607],[126.96764,37.45583],[126.96839,37.45405],[126.96877,37.45283],[126.97031,37.45103],[126.97057,37.44945],[126.97175,37.45174],[126.97284,37.45238],[126.97337,37.45324],[126.97458,37.45441],[126.97776,37.4552],[126.97848,37.45573],[126.97979,37.45565],[126.9824,37.45589],[126.9819,37.45694],[126.98289,37.45683],[126.98439,37.45711],[126.9849,37.45704],[126.98526,37.45718],[126.98661,37.45721],[126.98678,37.4574],[126.98864,37.45817],[126.98846,37.45854],[126.98769,37.45963],[126.98752,37.46067],[126.98813,37.46304],[126.98834,37.464],[126.98794,37.46593],[126.98725,37.46723],[126.98727,37.46762],[126.98693,37.46797],[126.98532,37.46925],[126.98403,37.47054],[126.98319,37.47161],[126.98216,37.47372],[126.98172,37.47568],[126.98169,37.47653],[126.97842,37.47665],[126.97429,37.4762],[126.97226,37.47579],[126.97052,37.47538]]]},"properties":{"g":"11620","gn":"관악구","d":"10300","n":"남현동"},"id":"LT_C_ADEMD_INFO.1904"},
{"type":"Feature","geometry":{"type":"Polygon","coordinates":[[[126.98538,37.49986],[126.98319,37.49737],[126.98293,37.49699],[126.98281,37.49267],[126.98278,37.49265],[126.98268,37.49167],[126.98263,37.49008],[126.98232,37.48854],[126.98219,37.48673],[126.98168,37.47717],[126.98169,37.47653],[126.98172,37.47568],[126.98216,37.47372],[126.98319,37.47161],[126.98403,37.47054],[126.98532,37.46925],[126.98693,37.46797],[126.98727,37.46762],[126.98725,37.46723],[126.98794,37.46593],[126.98834,37.464],[126.98813,37.46304],[126.98752,37.46067],[126.98769,37.45963],[126.98846,37.45854],[126.98864,37.45817],[126.9895,37.45852],[126.98999,37.45946],[126.99133,37.46014],[126.9917,37.46052],[126.99265,37.46034],[126.99289,37.46095],[126.99335,37.4615],[126.99429,37.46142],[126.99677,37.46187],[126.99698,37.46316],[126.99737,37.46369],[126.99719,37.46418],[126.99662,37.46478],[126.99664,37.46543],[126.99623,37.46661],[126.99675,37.46707],[126.99743,37.46724],[126.9978,37.46702],[126.99878,37.46723],[127.00048,37.46706],[127.00149,37.46732],[127.00196,37.46709],[127.00273,37.46712],[127.00368,37.46772],[127.00444,37.46888],[127.00449,37.46926],[127.00515,37.4697],[127.00555,37.47023],[127.00648,37.47066],[127.00676,37.47063],[127.00818,37.47141],[127.00897,37.47115],[127.01001,37.47231],[127.01011,37.47254],[127.00823,37.47608],[127.0077,37.47665],[127.0074,37.47724],[127.00704,37.47742],[127.00447,37.48274],[127.00223,37.48231],[127.00185,37.48272],[127.00174,37.48312],[127.00081,37.48356],[127.00086,37.48438],[127.00059,37.4851],[127.00024,37.48563],[127.00065,37.48598],[127.00136,37.48684],[127.00099,37.48788],[127.00041,37.48854],[127.00049,37.48972],[126.99982,37.49018],[126.99985,37.49157],[127.00029,37.49181],[126.99981,37.49304],[126.99841,37.49341],[126.99672,37.49416],[126.99563,37.49409],[126.99538,37.49429],[126.99535,37.49474],[126.99483,37.49539],[126.99476,37.49585],[126.99415,37.49603],[126.9934,37.49604],[126.9928,37.49636],[126.99282,37.49677],[126.99233,37.49703],[126.99142,37.49723],[126.991,37.49751],[126.991,37.4978],[126.99059,37.49797],[126.98947,37.49799],[126.98931,37.49839],[126.98883,37.49861],[126.98874,37.49884],[126.98794,37.49864],[126.98729,37.49861],[126.9864,37.49891],[126.98538,37.49986]]]},"properties":{"g":"11650","gn":"서초구","d":"10100","n":"방배동"},"id":"LT_C_ADEMD_INFO.1905"},
{"type":"Feature","geometry":{"type":"Polygon","coordinates":[[[127.044,37.47994],[127.04389,37.48056],[127.04314,37.48187],[127.04161,37.48524],[127.04175,37.48544],[127.03409,37.48437],[127.03365,37.48415],[127.03408,37.48311],[127.03439,37.48271],[127.0343,37.48221],[127.03371,37.48191],[127.03332,37.48151],[127.03285,37.48133],[127.03254,37.48101],[127.03181,37.48074],[127.03132,37.48074],[127.03042,37.4803],[127.02933,37.48055],[127.02855,37.48108],[127.02811,37.48105],[127.02764,37.48073],[127.0265,37.4805],[127.02558,37.48087],[127.02438,37.48061],[127.02402,37.47987],[127.02344,37.4794],[127.0228,37.47914],[127.02259,37.47839],[127.02217,37.47808],[127.02171,37.47746],[127.02163,37.477],[127.02205,37.47683],[127.02274,37.47633],[127.02324,37.47637],[127.02427,37.47597],[127.02484,37.47543],[127.02575,37.47517],[127.02606,37.47497],[127.02691,37.47479],[127.02734,37.47443],[127.02805,37.47414],[127.02845,37.47418],[127.02911,37.47391],[127.0294,37.47366],[127.02936,37.47323],[127.0303,37.47335],[127.03203,37.47149],[127.03092,37.47041],[127.02897,37.46772],[127.02993,37.46535],[127.0312,37.46563],[127.03192,37.46552],[127.03314,37.46502],[127.03348,37.46464],[127.03469,37.46415],[127.03453,37.46334],[127.03392,37.46213],[127.03373,37.46124],[127.03401,37.4603],[127.0345,37.46006],[127.03492,37.46018],[127.03504,37.45901],[127.03492,37.45844],[127.03502,37.45789],[127.03576,37.45748],[127.03674,37.45644],[127.03685,37.45582],[127.03713,37.45521],[127.03642,37.45465],[127.03627,37.45426],[127.03559,37.45409],[127.03547,37.45344],[127.03482,37.45311],[127.03475,37.45262],[127.03537,37.45223],[127.03578,37.4522],[127.03608,37.45166],[127.03641,37.4515],[127.03708,37.4519],[127.03679,37.45258],[127.03695,37.4532],[127.03721,37.45349],[127.03872,37.45441],[127.03861,37.45508],[127.03823,37.45597],[127.03893,37.45658],[127.03912,37.45703],[127.03924,37.45824],[127.03972,37.45874],[127.04005,37.45945],[127.04066,37.46019],[127.04132,37.4606],[127.04212,37.46153],[127.0434,37.46168],[127.04423,37.46163],[127.04543,37.4613],[127.04637,37.46117],[127.04712,37.4608],[127.04747,37.46039],[127.04778,37.46054],[127.04796,37.46069],[127.04789,37.46092],[127.04775,37.46124],[127.04768,37.46137],[127.04729,37.46203],[127.04729,37.46205],[127.04721,37.4623],[127.04718,37.46239],[127.04668,37.46274],[127.04663,37.46281],[127.04642,37.46291],[127.04615,37.46305],[127.04538,37.46353],[127.04491,37.4639],[127.04301,37.46566],[127.04886,37.46989],[127.04867,37.47006],[127.05062,37.47141],[127.05083,37.47164],[127.04547,37.47686],[127.04504,37.47732],[127.04414,37.47929],[127.044,37.47994]]]},"properties":{"g":"11650","gn":"서초구","d":"10200","n":"양재동"},"id":"LT_C_ADEMD_INFO.1906"},
{"type":"Feature","geometry":{"type":"Polygon","coordinates":[[[127.06546,37.52507],[127.06371,37.52161],[127.06315,37.52165],[127.06229,37.52188],[127.05705,37.52005],[127.04127,37.51722],[127.04385,37.51028],[127.04437,37.50904],[127.04467,37.50864],[127.04531,37.50811],[127.04733,37.50688],[127.04824,37.50603],[127.04899,37.50452],[127.0665,37.50989],[127.06887,37.5103],[127.06839,37.51447],[127.0679,37.51831],[127.06773,37.51932],[127.06761,37.52088],[127.0675,37.52458],[127.06646,37.52496],[127.06546,37.52507]]]},"properties":{"g":"11680","gn":"강남구","d":"10500","n":"삼성동"},"id":"LT_C_ADEMD_INFO.1907"},
{"type":"Feature","geometry":{"type":"Polygon","coordinates":[[[127.02163,37.477],[127.02107,37.47728],[127.02017,37.47697],[127.01971,37.47702],[127.01817,37.47654],[127.01752,37.4765],[127.01653,37.47605],[127.01639,37.47529],[127.01586,37.4752],[127.01538,37.47493],[127.01497,37.47431],[127.01489,37.4739],[127.01394,37.47323],[127.01297,37.47332],[127.01211,37.4732],[127.01165,37.47286],[127.01106,37.47285],[127.01011,37.47254],[127.01001,37.47231],[127.00897,37.47115],[127.00818,37.47141],[127.00676,37.47063],[127.00648,37.47066],[127.00555,37.47023],[127.00515,37.4697],[127.00449,37.46926],[127.00444,37.46888],[127.00368,37.46772],[127.00452,37.4668],[127.00449,37.46633],[127.00491,37.46584],[127.00468,37.46517],[127.00481,37.46488],[127.00447,37.46407],[127.00475,37.46384],[127.00497,37.46319],[127.00533,37.46279],[127.00577,37.46255],[127.00613,37.46173],[127.00704,37.46022],[127.00727,37.46014],[127.00821,37.4591],[127.00853,37.45805],[127.00923,37.45722],[127.00985,37.45693],[127.01065,37.45604],[127.01082,37.45542],[127.01115,37.45538],[127.01237,37.45555],[127.01339,37.45535],[127.01451,37.45486],[127.01557,37.45492],[127.01629,37.45523],[127.01695,37.45597],[127.01755,37.45614],[127.01884,37.45579],[127.01969,37.45579],[127.02037,37.45616],[127.0215,37.45623],[127.0222,37.45662],[127.02279,37.45725],[127.02371,37.45732],[127.02413,37.45745],[127.02528,37.45749],[127.026,37.45782],[127.02644,37.45834],[127.0264,37.45945],[127.02657,37.45964],[127.02753,37.45983],[127.02836,37.45989],[127.02846,37.46013],[127.02816,37.46062],[127.02804,37.46125],[127.02932,37.4627],[127.02961,37.46328],[127.02969,37.46391],[127.02951,37.46447],[127.02953,37.46537],[127.02993,37.46535],[127.02897,37.46772],[127.03092,37.47041],[127.03203,37.47149],[127.0303,37.47335],[127.02936,37.47323],[127.0294,37.47366],[127.02911,37.47391],[127.02845,37.47418],[127.02805,37.47414],[127.02734,37.47443],[127.02691,37.47479],[127.02606,37.47497],[127.02575,37.47517],[127.02484,37.47543],[127.02427,37.47597],[127.02324,37.47637],[127.02274,37.47633],[127.02205,37.47683],[127.02163,37.477]]]},"properties":{"g":"11650","gn":"서초구","d":"10300","n":"우면동"},"id":"LT_C_ADEMD_INFO.1908"},
{"type":"Feature","geometry":{"type":"Polygon","coordinates":[[[127.04543,37.4613],[127.04423,37.46163],[127.0434,37.46168],[127.04212,37.46153],[127.04132,37.4606],[127.04066,37.46019],[127.04005,37.45945],[127.03972,37.45874],[127.03924,37.45824],[127.03912,37.45703],[127.03893,37.45658],[127.03823,37.45597],[127.03861,37.45508],[127.03872,37.45441],[127.03721,37.45349],[127.03695,37.4532],[127.03679,37.45258],[127.03708,37.4519],[127.03641,37.4515],[127.03691,37.45081],[127.0373,37.45001],[127.03774,37.44942],[127.03781,37.44892],[127.03737,37.44856],[127.03716,37.44801],[127.03753,37.44736],[127.03725,37.44645],[127.03821,37.44586],[127.03823,37.44518],[127.03793,37.44418],[127.03757,37.44384],[127.03748,37.44327],[127.03697,37.4429],[127.03684,37.44236],[127.03643,37.44183],[127.03562,37.44133],[127.03517,37.44094],[127.03532,37.43997],[127.03549,37.43976],[127.03557,37.439],[127.03632,37.43878],[127.03707,37.43828],[127.03844,37.43836],[127.03903,37.43815],[127.04005,37.43824],[127.04109,37.43777],[127.04114,37.43741],[127.04144,37.43711],[127.04265,37.43637],[127.04419,37.43506],[127.04436,37.43442],[127.04495,37.43385],[127.04591,37.43348],[127.04631,37.43345],[127.04654,37.43265],[127.04722,37.43204],[127.04718,37.43173],[127.04737,37.4307],[127.04755,37.43061],[127.04958,37.43027],[127.04986,37.43031],[127.05019,37.4299],[127.05136,37.4292],[127.05217,37.42834],[127.05291,37.42854],[127.05368,37.42897],[127.05477,37.42927],[127.05555,37.42936],[127.05611,37.42961],[127.05807,37.43001],[127.05906,37.42966],[127.05996,37.42957],[127.06114,37.42999],[127.06117,37.43044],[127.06167,37.43071],[127.06196,37.43108],[127.06181,37.4314],[127.0621,37.43204],[127.06201,37.43301],[127.06297,37.43347],[127.0635,37.43391],[127.06336,37.43445],[127.06397,37.43577],[127.06398,37.4362],[127.06348,37.43744],[127.06353,37.4379],[127.0627,37.43897],[127.06206,37.43937],[127.0617,37.43985],[127.06059,37.44076],[127.06004,37.44096],[127.05964,37.44135],[127.05946,37.4418],[127.05906,37.44218],[127.0586,37.44299],[127.05838,37.44431],[127.05804,37.44462],[127.05763,37.44525],[127.05709,37.44563],[127.05707,37.44596],[127.05671,37.44647],[127.05599,37.44666],[127.05529,37.44756],[127.05426,37.44844],[127.05388,37.44896],[127.05349,37.44916],[127.05297,37.44988],[127.0529,37.45035],[127.05193,37.45103],[127.05096,37.45195],[127.05052,37.45283],[127.0507,37.45375],[127.04959,37.45577],[127.04782,37.45741],[127.04682,37.45826],[127.046,37.45962],[127.04592,37.46036],[127.04548,37.46097],[127.04543,37.4613]]]},"properties":{"g":"11650","gn":"서초구","d":"10400","n":"원지동"},"id":"LT_C_ADEMD_INFO.1909"},
{"type":"Feature","geometry":{"type":"Polygon","coordinates":[[[126.97346,37.57401],[126.97327,37.57398],[126.97137,37.57444],[126.97051,37.57474],[126.97007,37.57442],[126.96995,37.57389],[126.97027,37.57348],[126.97046,37.57281],[126.97129,37.57241],[126.9717,37.57199],[126.97199,37.57216],[126.97404,37.57241],[126.9743,37.57264],[126.97346,37.57401]]]},"properties":{"g":"11110","gn":"종로구","d":"11800","n":"내수동"},"id":"LT_C_ADEMD_INFO.191"},
{"type":"Feature","geometry":{"type":"Polygon","coordinates":[[[127.11165,37.48379],[127.11096,37.48347],[127.11067,37.48302],[127.11002,37.4832],[127.10763,37.48299],[127.10666,37.48279],[127.1056,37.48276],[127.10528,37.48288],[127.10433,37.48413],[127.10379,37.48514],[127.10276,37.48502],[127.10163,37.48453],[127.1014,37.48398],[127.10077,37.48323],[127.10049,37.48339],[127.0998,37.48322],[127.09923,37.48293],[127.09811,37.48214],[127.09773,37.48164],[127.09758,37.48103],[127.09822,37.48033],[127.09823,37.47986],[127.09805,37.47938],[127.09842,37.47872],[127.09848,37.47822],[127.09783,37.47799],[127.09696,37.47827],[127.09536,37.47799],[127.09327,37.47782],[127.09231,37.47761],[127.09166,37.47796],[127.08986,37.47726],[127.08954,37.47665],[127.08903,37.47671],[127.08838,37.47622],[127.08634,37.47632],[127.08533,37.47583],[127.08488,37.47551],[127.08451,37.47511],[127.08448,37.47404],[127.08417,37.47282],[127.08503,37.4712],[127.0859,37.4711],[127.08659,37.47076],[127.08719,37.46988],[127.08753,37.46976],[127.08816,37.46832],[127.08845,37.4681],[127.08904,37.46824],[127.08949,37.46835],[127.0902,37.46852],[127.09013,37.46883],[127.09161,37.46921],[127.09165,37.46911],[127.09206,37.46896],[127.0923,37.46938],[127.09279,37.46969],[127.09317,37.46956],[127.09414,37.47013],[127.09499,37.4702],[127.09558,37.47012],[127.09714,37.47006],[127.09787,37.4701],[127.09895,37.4705],[127.0996,37.47058],[127.10067,37.47032],[127.10119,37.47065],[127.10212,37.47128],[127.10216,37.47129],[127.10276,37.47143],[127.10338,37.47162],[127.1046,37.47294],[127.10507,37.47337],[127.10564,37.47352],[127.10589,37.4738],[127.10605,37.47437],[127.10604,37.4744],[127.10641,37.47446],[127.10614,37.47561],[127.10614,37.47562],[127.10652,37.47547],[127.10654,37.47544],[127.10701,37.47358],[127.10714,37.47354],[127.10815,37.47411],[127.10863,37.4742],[127.10873,37.4742],[127.10958,37.47412],[127.11131,37.47318],[127.11179,37.47321],[127.1134,37.47393],[127.11338,37.47425],[127.11438,37.47692],[127.11452,37.47698],[127.11457,37.47699],[127.11541,37.47756],[127.11603,37.4776],[127.11297,37.48172],[127.11166,37.48379],[127.11165,37.48379]]]},"properties":{"g":"11680","gn":"강남구","d":"11200","n":"자곡동"},"id":"LT_C_ADEMD_INFO.1910"},
{"type":"Feature","geometry":{"type":"Polygon","coordinates":[[[126.99068,37.5131],[126.98749,37.50906],[126.98554,37.50655],[126.98241,37.50654],[126.9804,37.50654],[126.9804,37.50459],[126.97983,37.50418],[126.98013,37.5037],[126.98021,37.50321],[126.98054,37.50269],[126.98203,37.50204],[126.98428,37.50071],[126.98538,37.49986],[126.9864,37.49891],[126.98729,37.49861],[126.98794,37.49864],[126.98874,37.49884],[126.98883,37.49861],[126.98931,37.49839],[126.98947,37.49799],[126.99059,37.49797],[126.991,37.4978],[126.991,37.49751],[126.99142,37.49723],[126.99233,37.49703],[126.99282,37.49677],[126.9928,37.49636],[126.9934,37.49604],[126.99415,37.49603],[126.99476,37.49585],[126.99483,37.49539],[126.99535,37.49474],[126.99538,37.49429],[126.99563,37.49409],[126.99672,37.49416],[126.99841,37.49341],[126.99981,37.49304],[127.00029,37.49181],[127.00086,37.49179],[127.00125,37.49198],[127.00183,37.49278],[127.00224,37.49311],[127.00239,37.49349],[127.00327,37.4944],[127.00355,37.49503],[127.00352,37.49597],[127.00398,37.4961],[127.00494,37.49667],[127.00561,37.49684],[127.00615,37.4967],[127.00715,37.49689],[127.00759,37.49718],[127.00843,37.49701],[127.00877,37.4968],[127.00961,37.49717],[127.0107,37.49743],[127.01078,37.49857],[127.01038,37.49822],[127.00991,37.49807],[127.00933,37.49813],[127.00927,37.49852],[127.01252,37.49897],[127.01239,37.49952],[127.0134,37.49966],[127.01586,37.50153],[127.01668,37.50111],[127.01976,37.5],[127.0186,37.50303],[127.01951,37.50307],[127.02046,37.50326],[127.02448,37.50448],[127.02133,37.5111],[127.00115,37.505],[127.00015,37.50709],[126.99776,37.51192],[127.00113,37.5136],[126.99742,37.51736],[126.99068,37.5131]]]},"properties":{"g":"11650","gn":"서초구","d":"10700","n":"반포동"},"id":"LT_C_ADEMD_INFO.1911"},
{"type":"Feature","geometry":{"type":"Polygon","coordinates":[[[127.02448,37.50448],[127.02046,37.50326],[127.01951,37.50307],[127.0186,37.50303],[127.01976,37.5],[127.01668,37.50111],[127.01586,37.50153],[127.0134,37.49966],[127.01239,37.49952],[127.01252,37.49897],[127.00927,37.49852],[127.00933,37.49813],[127.00991,37.49807],[127.01038,37.49822],[127.01078,37.49857],[127.0107,37.49743],[127.00961,37.49717],[127.00877,37.4968],[127.00843,37.49701],[127.00759,37.49718],[127.00715,37.49689],[127.00615,37.4967],[127.00561,37.49684],[127.00494,37.49667],[127.00398,37.4961],[127.00352,37.49597],[127.00355,37.49503],[127.00327,37.4944],[127.00239,37.49349],[127.00224,37.49311],[127.00183,37.49278],[127.00125,37.49198],[127.00086,37.49179],[127.00029,37.49181],[126.99985,37.49157],[126.99982,37.49018],[127.00049,37.48972],[127.00041,37.48854],[127.00099,37.48788],[127.00136,37.48684],[127.00065,37.48598],[127.00024,37.48563],[127.00059,37.4851],[127.00086,37.48438],[127.00081,37.48356],[127.00174,37.48312],[127.00185,37.48272],[127.00223,37.48231],[127.00447,37.48274],[127.00704,37.47742],[127.0074,37.47724],[127.0077,37.47665],[127.00823,37.47608],[127.01011,37.47254],[127.01106,37.47285],[127.01165,37.47286],[127.01211,37.4732],[127.01297,37.47332],[127.01394,37.47323],[127.01489,37.4739],[127.01497,37.47431],[127.01538,37.47493],[127.01586,37.4752],[127.01639,37.47529],[127.01653,37.47605],[127.01752,37.4765],[127.01817,37.47654],[127.01971,37.47702],[127.02017,37.47697],[127.02107,37.47728],[127.02163,37.477],[127.02171,37.47746],[127.02217,37.47808],[127.02259,37.47839],[127.0228,37.47914],[127.02344,37.4794],[127.02402,37.47987],[127.02438,37.48061],[127.02558,37.48087],[127.0265,37.4805],[127.02764,37.48073],[127.02811,37.48105],[127.02855,37.48108],[127.02933,37.48055],[127.03042,37.4803],[127.03132,37.48074],[127.03181,37.48074],[127.03254,37.48101],[127.03285,37.48133],[127.03332,37.48151],[127.03371,37.48191],[127.0343,37.48221],[127.03439,37.48271],[127.03408,37.48311],[127.03365,37.48415],[127.03409,37.48437],[127.03161,37.48955],[127.02448,37.50448]]]},"properties":{"g":"11650","gn":"서초구","d":"10800","n":"서초동"},"id":"LT_C_ADEMD_INFO.1912"},
{"type":"Feature","geometry":{"type":"Polygon","coordinates":[[[127.05286,37.49631],[127.04672,37.49419],[127.03456,37.49046],[127.03456,37.49031],[127.03201,37.48953],[127.03161,37.48955],[127.03409,37.48437],[127.04175,37.48544],[127.04161,37.48524],[127.04314,37.48187],[127.04389,37.48056],[127.044,37.47994],[127.04466,37.48073],[127.04796,37.48254],[127.05152,37.48465],[127.05643,37.48759],[127.05543,37.49073],[127.05549,37.49076],[127.05286,37.49631]]]},"properties":{"g":"11680","gn":"강남구","d":"11800","n":"도곡동"},"id":"LT_C_ADEMD_INFO.1913"},
{"type":"Feature","geometry":{"type":"Polygon","coordinates":[[[127.08488,37.47551],[127.0845,37.47561],[127.08392,37.47542],[127.08323,37.47553],[127.08275,37.4753],[127.08188,37.47529],[127.07899,37.47477],[127.07852,37.47496],[127.07793,37.47474],[127.07691,37.47516],[127.07675,37.47492],[127.07669,37.47482],[127.07646,37.47446],[127.07642,37.47442],[127.07628,37.4743],[127.07594,37.474],[127.07589,37.47395],[127.07545,37.47356],[127.07529,37.47344],[127.07423,37.47295],[127.07384,37.47294],[127.07353,37.47265],[127.07268,37.47196],[127.07192,37.47188],[127.07175,37.47173],[127.07075,37.47136],[127.07042,37.47105],[127.06994,37.47093],[127.06962,37.47105],[127.06857,37.47101],[127.06827,37.47076],[127.06787,37.47043],[127.06645,37.47014],[127.06625,37.4699],[127.06587,37.46976],[127.0651,37.46934],[127.06416,37.46921],[127.06381,37.469],[127.06297,37.46916],[127.0624,37.46933],[127.06236,37.4693],[127.06214,37.46908],[127.06186,37.46905],[127.06148,37.46896],[127.06208,37.46795],[127.06241,37.46615],[127.06227,37.46571],[127.06232,37.46455],[127.06218,37.46387],[127.06214,37.46342],[127.06237,37.46296],[127.06183,37.46265],[127.06137,37.46228],[127.06097,37.46194],[127.06005,37.46155],[127.05984,37.46148],[127.05901,37.46082],[127.05886,37.46057],[127.05898,37.46018],[127.05905,37.46003],[127.05923,37.45986],[127.05921,37.45982],[127.05883,37.45936],[127.05862,37.45912],[127.05866,37.45891],[127.05873,37.45828],[127.05873,37.45791],[127.05873,37.45782],[127.0586,37.45741],[127.05859,37.45735],[127.05857,37.45728],[127.05843,37.45688],[127.0584,37.45661],[127.0589,37.4561],[127.05876,37.45543],[127.05956,37.45512],[127.0594,37.45449],[127.05949,37.45404],[127.0588,37.45307],[127.05915,37.45258],[127.06134,37.45147],[127.06189,37.45108],[127.06221,37.44976],[127.06348,37.44838],[127.06404,37.44795],[127.06414,37.44787],[127.06476,37.44749],[127.06575,37.44644],[127.06642,37.44635],[127.06687,37.44655],[127.06769,37.44664],[127.06872,37.44619],[127.06939,37.44602],[127.06981,37.44544],[127.07058,37.44495],[127.0712,37.44436],[127.07146,37.44376],[127.07209,37.44288],[127.07214,37.44226],[127.07299,37.44202],[127.07385,37.44221],[127.07476,37.44222],[127.07524,37.44194],[127.07601,37.44214],[127.07672,37.44194],[127.07736,37.44163],[127.07775,37.44186],[127.07818,37.44155],[127.07853,37.44156],[127.07908,37.4413],[127.07958,37.44139],[127.08017,37.44105],[127.08125,37.44112],[127.0821,37.44135],[127.08243,37.44158],[127.08321,37.44257],[127.08333,37.44296],[127.0838,37.44342],[127.08386,37.44392],[127.0857,37.44442],[127.08642,37.44426],[127.08785,37.44489],[127.08816,37.44539],[127.08837,37.44724],[127.08864,37.4476],[127.08841,37.44808],[127.08833,37.44863],[127.08843,37.44899],[127.08896,37.44946],[127.08882,37.44975],[127.08954,37.45017],[127.08962,37.45089],[127.0903,37.45127],[127.09096,37.45278],[127.09188,37.45347],[127.09273,37.45363],[127.09322,37.45472],[127.09314,37.45491],[127.09354,37.45589],[127.09377,37.45608],[127.09522,37.45639],[127.09545,37.45748],[127.09535,37.45788],[127.0949,37.45848],[127.09517,37.45946],[127.09506,37.45977],[127.09561,37.46025],[127.09568,37.461],[127.09464,37.46095],[127.09319,37.46127],[127.09202,37.46227],[127.09205,37.46392],[127.09201,37.46492],[127.09162,37.46563],[127.09112,37.46611],[127.09044,37.46703],[127.09017,37.46705],[127.08946,37.46757],[127.08904,37.46824],[127.08845,37.4681],[127.08816,37.46832],[127.08753,37.46976],[127.08719,37.46988],[127.08659,37.47076],[127.0859,37.4711],[127.08503,37.4712],[127.08417,37.47282],[127.08448,37.47404],[127.08451,37.47511],[127.08488,37.47551]]]},"properties":{"g":"11650","gn":"서초구","d":"10900","n":"내곡동"},"id":"LT_C_ADEMD_INFO.1914"},
{"type":"Feature","geometry":{"type":"Polygon","coordinates":[[[127.06145,37.469],[127.06092,37.46892],[127.06035,37.46913],[127.05909,37.46919],[127.05871,37.46891],[127.05783,37.4689],[127.0572,37.46901],[127.05653,37.46848],[127.05599,37.46847],[127.05539,37.46882],[127.05491,37.46863],[127.05421,37.46811],[127.05332,37.46816],[127.05305,37.46806],[127.05195,37.46777],[127.05116,37.46739],[127.05076,37.4674],[127.05092,37.46756],[127.0511,37.46859],[127.05103,37.46936],[127.05064,37.46961],[127.05044,37.46975],[127.04962,37.46982],[127.04886,37.46989],[127.04301,37.46566],[127.04491,37.4639],[127.04538,37.46353],[127.04615,37.46305],[127.04642,37.46291],[127.04663,37.46281],[127.04668,37.46274],[127.04718,37.46239],[127.04721,37.4623],[127.04729,37.46205],[127.04729,37.46203],[127.04768,37.46137],[127.04775,37.46124],[127.04789,37.46092],[127.04796,37.46069],[127.04778,37.46054],[127.04789,37.45988],[127.04841,37.45906],[127.04848,37.45899],[127.04872,37.45856],[127.04916,37.45818],[127.04941,37.45805],[127.04987,37.45768],[127.05028,37.45705],[127.05084,37.45727],[127.05107,37.45728],[127.05185,37.45742],[127.05246,37.4576],[127.05289,37.45753],[127.05378,37.45763],[127.05424,37.45734],[127.05483,37.45709],[127.05498,37.45699],[127.05502,37.45696],[127.05547,37.45681],[127.05567,37.45679],[127.05668,37.45671],[127.05674,37.45671],[127.05689,37.45653],[127.05688,37.4564],[127.05692,37.45639],[127.05717,37.45651],[127.05738,37.45662],[127.05744,37.45664],[127.0578,37.45675],[127.05783,37.45675],[127.05797,37.45675],[127.05835,37.45686],[127.05857,37.45728],[127.05859,37.45735],[127.0586,37.45741],[127.05873,37.45782],[127.05873,37.45791],[127.05873,37.45828],[127.05866,37.45891],[127.05862,37.45912],[127.05883,37.45936],[127.05921,37.45982],[127.05923,37.45986],[127.05905,37.46003],[127.05898,37.46018],[127.05886,37.46057],[127.05901,37.46082],[127.05984,37.46148],[127.06005,37.46155],[127.06097,37.46194],[127.06137,37.46228],[127.06183,37.46265],[127.06237,37.46296],[127.06214,37.46342],[127.06218,37.46387],[127.06232,37.46455],[127.06227,37.46571],[127.06241,37.46615],[127.06208,37.46795],[127.06148,37.46896],[127.06145,37.469]]]},"properties":{"g":"11650","gn":"서초구","d":"11000","n":"염곡동"},"id":"LT_C_ADEMD_INFO.1915"},
{"type":"Feature","geometry":{"type":"Polygon","coordinates":[[[127.04778,37.46054],[127.04747,37.46039],[127.04712,37.4608],[127.04637,37.46117],[127.04543,37.4613],[127.04548,37.46097],[127.04592,37.46036],[127.046,37.45962],[127.04682,37.45826],[127.04782,37.45741],[127.04959,37.45577],[127.0507,37.45375],[127.05052,37.45283],[127.05096,37.45195],[127.05193,37.45103],[127.0529,37.45035],[127.05297,37.44988],[127.05349,37.44916],[127.05388,37.44896],[127.05426,37.44844],[127.05529,37.44756],[127.05599,37.44666],[127.05671,37.44647],[127.05707,37.44596],[127.05709,37.44563],[127.05763,37.44525],[127.05804,37.44462],[127.05838,37.44431],[127.0586,37.44299],[127.05906,37.44218],[127.05946,37.4418],[127.05964,37.44135],[127.06004,37.44096],[127.06059,37.44076],[127.0617,37.43985],[127.06206,37.43937],[127.0627,37.43897],[127.06353,37.4379],[127.06348,37.43744],[127.06398,37.4362],[127.06397,37.43577],[127.06336,37.43445],[127.0635,37.43391],[127.06297,37.43347],[127.06201,37.43301],[127.0621,37.43204],[127.06181,37.4314],[127.06196,37.43108],[127.06167,37.43071],[127.06117,37.43044],[127.06114,37.42999],[127.06288,37.4297],[127.06332,37.42975],[127.06439,37.42911],[127.06568,37.42899],[127.06596,37.42953],[127.06672,37.43013],[127.06783,37.43041],[127.06827,37.43068],[127.06896,37.43043],[127.06962,37.43061],[127.07003,37.43091],[127.07033,37.43048],[127.07088,37.43019],[127.07121,37.43082],[127.07096,37.4317],[127.07063,37.43204],[127.07057,37.43242],[127.07073,37.43294],[127.07112,37.4334],[127.07152,37.43412],[127.07145,37.43504],[127.07127,37.43535],[127.07144,37.43586],[127.07209,37.43616],[127.07302,37.43641],[127.07384,37.43741],[127.07376,37.43779],[127.07297,37.43821],[127.07201,37.43886],[127.07221,37.43938],[127.07186,37.44103],[127.07163,37.44152],[127.07214,37.44226],[127.07209,37.44288],[127.07146,37.44376],[127.0712,37.44436],[127.07058,37.44495],[127.06981,37.44544],[127.06939,37.44602],[127.06872,37.44619],[127.06769,37.44664],[127.06687,37.44655],[127.06642,37.44635],[127.06575,37.44644],[127.06476,37.44749],[127.06414,37.44787],[127.06404,37.44795],[127.06348,37.44838],[127.06221,37.44976],[127.06189,37.45108],[127.06134,37.45147],[127.05915,37.45258],[127.0588,37.45307],[127.05949,37.45404],[127.0594,37.45449],[127.05956,37.45512],[127.05876,37.45543],[127.0589,37.4561],[127.0584,37.45661],[127.05843,37.45688],[127.05835,37.45686],[127.05797,37.45675],[127.05783,37.45675],[127.0578,37.45675],[127.05744,37.45664],[127.05738,37.45662],[127.05717,37.45651],[127.05692,37.45639],[127.05688,37.4564],[127.05689,37.45653],[127.05674,37.45671],[127.05668,37.45671],[127.05567,37.45679],[127.05547,37.45681],[127.05502,37.45696],[127.05498,37.45699],[127.05483,37.45709],[127.05424,37.45734],[127.05378,37.45763],[127.05289,37.45753],[127.05246,37.4576],[127.05185,37.45742],[127.05107,37.45728],[127.05084,37.45727],[127.05028,37.45705],[127.04987,37.45768],[127.04941,37.45805],[127.04916,37.45818],[127.04872,37.45856],[127.04848,37.45899],[127.04841,37.45906],[127.04789,37.45988],[127.04778,37.46054]]]},"properties":{"g":"11650","gn":"서초구","d":"11100","n":"신원동"},"id":"LT_C_ADEMD_INFO.1916"},
{"type":"Feature","geometry":{"type":"Polygon","coordinates":[[[127.04899,37.50452],[127.04824,37.50603],[127.04733,37.50688],[127.04531,37.50811],[127.04467,37.50864],[127.04437,37.50904],[127.04385,37.51028],[127.03847,37.5087],[127.02448,37.50448],[127.03161,37.48955],[127.03201,37.48953],[127.03456,37.49031],[127.03456,37.49046],[127.04672,37.49419],[127.05286,37.49631],[127.04899,37.50452]]]},"properties":{"g":"11680","gn":"강남구","d":"10100","n":"역삼동"},"id":"LT_C_ADEMD_INFO.1917"},
{"type":"Feature","geometry":{"type":"Polygon","coordinates":[[[127.05152,37.48465],[127.04796,37.48254],[127.04466,37.48073],[127.044,37.47994],[127.04414,37.47929],[127.04504,37.47732],[127.04547,37.47686],[127.05083,37.47164],[127.05062,37.47141],[127.04867,37.47006],[127.04886,37.46989],[127.04962,37.46982],[127.05044,37.46975],[127.05064,37.46961],[127.05103,37.46936],[127.0511,37.46859],[127.05092,37.46756],[127.05076,37.4674],[127.05116,37.46739],[127.05195,37.46777],[127.05305,37.46806],[127.05332,37.46816],[127.05421,37.46811],[127.05491,37.46863],[127.05539,37.46882],[127.05599,37.46847],[127.05653,37.46848],[127.0572,37.46901],[127.05783,37.4689],[127.05871,37.46891],[127.05909,37.46919],[127.06035,37.46913],[127.06092,37.46892],[127.06145,37.469],[127.06186,37.46905],[127.06214,37.46908],[127.06236,37.4693],[127.0624,37.46933],[127.06297,37.46916],[127.06381,37.469],[127.06416,37.46921],[127.0651,37.46934],[127.06587,37.46976],[127.06625,37.4699],[127.06645,37.47014],[127.0672,37.47027],[127.06787,37.47043],[127.06827,37.47076],[127.06857,37.47101],[127.06962,37.47105],[127.06994,37.47093],[127.07042,37.47105],[127.07075,37.47136],[127.07175,37.47173],[127.07192,37.47188],[127.07268,37.47196],[127.07353,37.47265],[127.07384,37.47294],[127.07423,37.47295],[127.07529,37.47344],[127.07545,37.47356],[127.07589,37.47395],[127.07594,37.474],[127.07628,37.4743],[127.07642,37.47442],[127.07646,37.47446],[127.07669,37.47482],[127.07675,37.47492],[127.07691,37.47516],[127.07664,37.4754],[127.07609,37.47539],[127.07579,37.47562],[127.07435,37.47616],[127.07386,37.47738],[127.07308,37.47796],[127.07292,37.47816],[127.07269,37.47867],[127.07259,37.47938],[127.07311,37.47961],[127.07356,37.48],[127.07479,37.48058],[127.07511,37.481],[127.07569,37.48223],[127.07606,37.48262],[127.07592,37.48304],[127.07675,37.48403],[127.0774,37.48471],[127.07803,37.48612],[127.07752,37.4868],[127.0772,37.48678],[127.07626,37.4864],[127.07576,37.48611],[127.07561,37.48604],[127.07466,37.48782],[127.07316,37.49062],[127.07266,37.49155],[127.07292,37.49168],[127.07314,37.49171],[127.07344,37.49181],[127.07498,37.49231],[127.07552,37.49249],[127.08035,37.49406],[127.08028,37.49442],[127.08142,37.49548],[127.08079,37.49628],[127.07879,37.49742],[127.07848,37.4976],[127.07846,37.49755],[127.07845,37.49751],[127.07839,37.49742],[127.07828,37.49739],[127.07724,37.49705],[127.07709,37.497],[127.07649,37.49681],[127.07639,37.49678],[127.07634,37.49676],[127.07567,37.49655],[127.07545,37.49648],[127.0748,37.49627],[127.07477,37.49626],[127.07468,37.49618],[127.07463,37.49595],[127.07421,37.49489],[127.07417,37.49483],[127.07385,37.49438],[127.07305,37.49424],[127.0723,37.49425],[127.07214,37.49421],[127.07209,37.49416],[127.06976,37.49189],[127.06814,37.49093],[127.0669,37.49045],[127.06112,37.48938],[127.05924,37.48893],[127.05708,37.48798],[127.05659,37.48769],[127.05152,37.48465]]]},"properties":{"g":"11680","gn":"강남구","d":"10300","n":"개포동"},"id":"LT_C_ADEMD_INFO.1918"},
{"type":"Feature","geometry":{"type":"Polygon","coordinates":[[[127.04652,37.53395],[127.04537,37.53017],[127.04496,37.53031],[127.04376,37.52703],[127.04069,37.52781],[127.03906,37.52318],[127.04127,37.51722],[127.05705,37.52005],[127.06229,37.52188],[127.06315,37.52165],[127.06371,37.52161],[127.06546,37.52507],[127.06016,37.52709],[127.05622,37.52832],[127.05513,37.52867],[127.05208,37.53062],[127.0495,37.53222],[127.04897,37.53252],[127.04816,37.53299],[127.04755,37.53335],[127.04709,37.53362],[127.04652,37.53394],[127.04652,37.53395]]]},"properties":{"g":"11680","gn":"강남구","d":"10400","n":"청담동"},"id":"LT_C_ADEMD_INFO.1919"},
{"type":"Feature","geometry":{"type":"Polygon","coordinates":[[[127.06887,37.5103],[127.0665,37.50989],[127.04899,37.50452],[127.05286,37.49631],[127.05549,37.49076],[127.05543,37.49073],[127.05643,37.48759],[127.05659,37.48769],[127.05708,37.48798],[127.05924,37.48893],[127.06112,37.48938],[127.0669,37.49045],[127.06814,37.49093],[127.06976,37.49189],[127.07209,37.49416],[127.07214,37.49421],[127.0723,37.49425],[127.07305,37.49424],[127.07385,37.49438],[127.07417,37.49483],[127.07421,37.49489],[127.07463,37.49595],[127.07468,37.49618],[127.07477,37.49626],[127.0748,37.49627],[127.07545,37.49648],[127.07567,37.49655],[127.07634,37.49676],[127.07639,37.49678],[127.07649,37.49681],[127.07709,37.497],[127.07724,37.49705],[127.07828,37.49739],[127.07839,37.49742],[127.07845,37.49751],[127.07846,37.49755],[127.07848,37.4976],[127.07878,37.49743],[127.07949,37.49825],[127.08029,37.49958],[127.07993,37.50109],[127.07699,37.50207],[127.06982,37.50274],[127.0697,37.50347],[127.06887,37.5103]]]},"properties":{"g":"11680","gn":"강남구","d":"10600","n":"대치동"},"id":"LT_C_ADEMD_INFO.1920"},
{"type":"Feature","geometry":{"type":"MultiPolygon","coordinates":[[[[127.01953,37.51611],[127.02806,37.51969],[127.03906,37.52318],[127.04069,37.52781],[127.03637,37.52891],[127.0362,37.52896],[127.03552,37.52908],[127.0343,37.52917],[127.03274,37.52903],[127.0319,37.52882],[127.03065,37.52832],[127.01782,37.52181],[127.01953,37.51611]]],[[[127.00858,37.5256],[127.00889,37.52539],[127.0092,37.52519],[127.0106,37.52427],[127.01318,37.52259],[127.01522,37.52485],[127.01634,37.526],[127.01604,37.52634],[127.01365,37.5286],[127.01245,37.52968],[127.0124,37.52964],[127.01229,37.52954],[127.01142,37.52862],[127.01,37.52704],[127.00897,37.52599],[127.0089,37.52591],[127.00875,37.52577],[127.00859,37.5256],[127.00858,37.5256]]]]},"properties":{"g":"11680","gn":"강남구","d":"10700","n":"신사동"},"id":"LT_C_ADEMD_INFO.1921"},
{"type":"Feature","geometry":{"type":"Polygon","coordinates":[[[127.04127,37.51722],[127.03906,37.52318],[127.02806,37.51969],[127.01953,37.51611],[127.02052,37.5128],[127.02133,37.5111],[127.02448,37.50448],[127.03847,37.5087],[127.04385,37.51028],[127.04127,37.51722]]]},"properties":{"g":"11680","gn":"강남구","d":"10800","n":"논현동"},"id":"LT_C_ADEMD_INFO.1922"},
{"type":"Feature","geometry":{"type":"Polygon","coordinates":[[[127.04652,37.53395],[127.04601,37.53426],[127.04019,37.53577],[127.03968,37.53584],[127.03017,37.53584],[127.02464,37.53582],[127.02118,37.53582],[127.01775,37.53425],[127.01718,37.53378],[127.01684,37.53349],[127.01629,37.53305],[127.01601,37.53281],[127.01555,37.53243],[127.01507,37.53216],[127.01502,37.53213],[127.01403,37.53121],[127.01334,37.53055],[127.01245,37.52968],[127.01365,37.5286],[127.01604,37.52634],[127.01634,37.526],[127.01522,37.52485],[127.01694,37.52302],[127.01782,37.52181],[127.03065,37.52832],[127.0319,37.52882],[127.03274,37.52903],[127.0343,37.52917],[127.03552,37.52908],[127.0362,37.52896],[127.03637,37.52891],[127.04069,37.52781],[127.04376,37.52703],[127.04496,37.53031],[127.04537,37.53017],[127.04652,37.53395]]]},"properties":{"g":"11680","gn":"강남구","d":"11000","n":"압구정동"},"id":"LT_C_ADEMD_INFO.1923"},
{"type":"Feature","geometry":{"type":"Polygon","coordinates":[[[127.06761,37.52088],[127.06773,37.51932],[127.0679,37.51831],[127.06839,37.51447],[127.06887,37.5103],[127.0697,37.50347],[127.06982,37.50274],[127.07699,37.50207],[127.07993,37.50109],[127.08211,37.50036],[127.08271,37.50089],[127.08361,37.50063],[127.08524,37.50109],[127.09074,37.50753],[127.09729,37.50654],[127.09837,37.50645],[127.09954,37.50659],[127.1004,37.50687],[127.10183,37.50747],[127.10316,37.50816],[127.10397,37.50874],[127.10179,37.51113],[127.10013,37.51325],[127.09541,37.51937],[127.09422,37.52194],[127.09163,37.52114],[127.09096,37.52107],[127.08854,37.52134],[127.08584,37.52125],[127.08333,37.52104],[127.08261,37.52104],[127.08191,37.52135],[127.08061,37.52132],[127.07961,37.52121],[127.0758,37.52055],[127.07338,37.52056],[127.071,37.52072],[127.06929,37.521],[127.06881,37.521],[127.06963,37.52005],[127.07036,37.51908],[127.06951,37.51842],[127.06894,37.5176],[127.06866,37.51758],[127.06866,37.521],[127.06761,37.52088]]]},"properties":{"g":"11710","gn":"송파구","d":"10100","n":"잠실동"},"id":"LT_C_ADEMD_INFO.1924"},
{"type":"Feature","geometry":{"type":"Polygon","coordinates":[[[127.09522,37.45639],[127.09577,37.45652],[127.09637,37.45635],[127.09824,37.45637],[127.09869,37.45615],[127.0991,37.45622],[127.09974,37.45735],[127.10077,37.45776],[127.10128,37.45824],[127.10116,37.45854],[127.10138,37.45897],[127.10269,37.45972],[127.10344,37.45975],[127.10394,37.46005],[127.10402,37.46056],[127.10447,37.46103],[127.10478,37.46116],[127.10434,37.46217],[127.10561,37.46218],[127.10647,37.46242],[127.1073,37.46218],[127.10815,37.46227],[127.10946,37.46187],[127.10989,37.46194],[127.11182,37.46164],[127.11297,37.46113],[127.11318,37.46076],[127.11327,37.46005],[127.11396,37.45952],[127.11515,37.45906],[127.11548,37.4587],[127.11589,37.45859],[127.1169,37.45864],[127.1169,37.4604],[127.11699,37.46148],[127.11747,37.4622],[127.1192,37.46313],[127.1201,37.46349],[127.12144,37.46437],[127.12186,37.46514],[127.12218,37.46522],[127.12294,37.46582],[127.12421,37.46652],[127.12418,37.46655],[127.12408,37.46669],[127.12398,37.46683],[127.1237,37.46723],[127.12349,37.46751],[127.1234,37.46764],[127.12335,37.46771],[127.1232,37.46792],[127.12265,37.46869],[127.12206,37.46949],[127.12185,37.46978],[127.12163,37.47009],[127.12135,37.47048],[127.12089,37.47111],[127.12041,37.47178],[127.12,37.47235],[127.1197,37.47276],[127.11971,37.47269],[127.11972,37.4726],[127.11972,37.47259],[127.11972,37.47258],[127.11972,37.47255],[127.11937,37.47194],[127.11988,37.47127],[127.12022,37.47056],[127.12126,37.46957],[127.12216,37.46853],[127.12224,37.46806],[127.12146,37.468],[127.12066,37.46757],[127.1189,37.46749],[127.11881,37.46729],[127.11809,37.46719],[127.11683,37.46669],[127.11608,37.46661],[127.11509,37.46609],[127.11509,37.4664],[127.11345,37.46688],[127.11288,37.4675],[127.11148,37.4678],[127.11095,37.46815],[127.10882,37.46791],[127.1085,37.46763],[127.10742,37.46747],[127.10715,37.46717],[127.10632,37.46586],[127.1057,37.46592],[127.10471,37.4662],[127.10409,37.46705],[127.10404,37.46738],[127.10405,37.4675],[127.10393,37.46788],[127.10376,37.46802],[127.10309,37.46839],[127.10245,37.4691],[127.10239,37.46949],[127.10139,37.46986],[127.10067,37.47032],[127.0996,37.47058],[127.09895,37.4705],[127.09787,37.4701],[127.09714,37.47006],[127.09558,37.47012],[127.09499,37.4702],[127.09414,37.47013],[127.09317,37.46956],[127.09279,37.46969],[127.0923,37.46938],[127.09206,37.46896],[127.09165,37.46911],[127.09161,37.46921],[127.09013,37.46883],[127.0902,37.46852],[127.08949,37.46835],[127.08904,37.46824],[127.08946,37.46757],[127.09017,37.46705],[127.09044,37.46703],[127.09112,37.46611],[127.09162,37.46563],[127.09201,37.46492],[127.09205,37.46392],[127.09202,37.46227],[127.09319,37.46127],[127.09464,37.46095],[127.09568,37.461],[127.09561,37.46025],[127.09506,37.45977],[127.09517,37.45946],[127.0949,37.45848],[127.09535,37.45788],[127.09545,37.45748],[127.09522,37.45639]]]},"properties":{"g":"11680","gn":"강남구","d":"11100","n":"세곡동"},"id":"LT_C_ADEMD_INFO.1925"},
{"type":"Feature","geometry":{"type":"Polygon","coordinates":[[[127.11972,37.47258],[127.11953,37.47285],[127.11938,37.47306],[127.11911,37.47344],[127.11805,37.47495],[127.11743,37.47577],[127.11732,37.47592],[127.117,37.47633],[127.11693,37.47642],[127.11672,37.4767],[127.11627,37.47729],[127.11604,37.4776],[127.11603,37.4776],[127.11541,37.47756],[127.11457,37.47699],[127.11452,37.47698],[127.11438,37.47692],[127.11338,37.47425],[127.1134,37.47393],[127.11179,37.47321],[127.11131,37.47318],[127.10958,37.47412],[127.10873,37.4742],[127.10863,37.4742],[127.10815,37.47411],[127.10714,37.47354],[127.10701,37.47358],[127.10654,37.47544],[127.10652,37.47547],[127.10614,37.47562],[127.10614,37.47561],[127.10641,37.47446],[127.10604,37.4744],[127.10605,37.47437],[127.10589,37.4738],[127.10564,37.47352],[127.10507,37.47337],[127.1046,37.47294],[127.10338,37.47162],[127.10276,37.47143],[127.10216,37.47129],[127.10212,37.47128],[127.10119,37.47065],[127.10067,37.47032],[127.10139,37.46986],[127.10239,37.46949],[127.10245,37.4691],[127.10309,37.46839],[127.10376,37.46802],[127.10393,37.46788],[127.10405,37.4675],[127.10404,37.46738],[127.10409,37.46705],[127.10471,37.4662],[127.1057,37.46592],[127.10632,37.46586],[127.10715,37.46717],[127.10742,37.46747],[127.1085,37.46763],[127.10882,37.46791],[127.11095,37.46815],[127.11148,37.4678],[127.11288,37.4675],[127.11345,37.46688],[127.11509,37.4664],[127.11509,37.46609],[127.11608,37.46661],[127.11683,37.46669],[127.11809,37.46719],[127.11881,37.46729],[127.1189,37.46749],[127.12066,37.46757],[127.12146,37.468],[127.12224,37.46806],[127.12216,37.46853],[127.12126,37.46957],[127.12022,37.47056],[127.11988,37.47127],[127.11937,37.47194],[127.11972,37.47255],[127.11972,37.47258]]]},"properties":{"g":"11680","gn":"강남구","d":"11300","n":"율현동"},"id":"LT_C_ADEMD_INFO.1926"},
{"type":"Feature","geometry":{"type":"Polygon","coordinates":[[[127.08211,37.50036],[127.07993,37.50109],[127.08029,37.49958],[127.07949,37.49825],[127.07878,37.49743],[127.07879,37.49742],[127.08079,37.49628],[127.08142,37.49548],[127.08028,37.49442],[127.08035,37.49406],[127.07552,37.49249],[127.07498,37.49231],[127.07344,37.49181],[127.07314,37.49171],[127.07292,37.49168],[127.07266,37.49155],[127.07316,37.49062],[127.07466,37.48782],[127.07561,37.48604],[127.07576,37.48611],[127.07626,37.4864],[127.0772,37.48678],[127.07752,37.4868],[127.07803,37.48612],[127.0774,37.48471],[127.07675,37.48403],[127.07592,37.48304],[127.07606,37.48262],[127.07569,37.48223],[127.07511,37.481],[127.07479,37.48058],[127.07356,37.48],[127.07311,37.47961],[127.07259,37.47938],[127.07269,37.47867],[127.07292,37.47816],[127.07308,37.47796],[127.07386,37.47738],[127.07435,37.47616],[127.07579,37.47562],[127.07609,37.47539],[127.07664,37.4754],[127.07691,37.47516],[127.07793,37.47474],[127.07852,37.47496],[127.07899,37.47477],[127.08188,37.47529],[127.08275,37.4753],[127.08323,37.47553],[127.08392,37.47542],[127.0845,37.47561],[127.08488,37.47551],[127.08533,37.47583],[127.08524,37.47724],[127.08566,37.47892],[127.08534,37.47979],[127.08584,37.47993],[127.08687,37.48096],[127.08694,37.48234],[127.08613,37.48589],[127.08574,37.48589],[127.08568,37.48665],[127.08627,37.48708],[127.08699,37.48729],[127.089,37.48747],[127.08946,37.48766],[127.09023,37.48741],[127.09068,37.4876],[127.09091,37.48797],[127.09165,37.48838],[127.09169,37.48891],[127.09145,37.48971],[127.09034,37.49065],[127.08986,37.49129],[127.09192,37.49184],[127.09425,37.49226],[127.09363,37.49262],[127.09205,37.49336],[127.09174,37.49368],[127.09377,37.49408],[127.09526,37.49462],[127.09561,37.4949],[127.09639,37.49491],[127.0974,37.49519],[127.0978,37.49548],[127.09714,37.49583],[127.09586,37.4963],[127.09479,37.49668],[127.08421,37.49965],[127.08211,37.50036]]]},"properties":{"g":"11680","gn":"강남구","d":"11400","n":"일원동"},"id":"LT_C_ADEMD_INFO.1927"},
{"type":"Feature","geometry":{"type":"Polygon","coordinates":[[[127.0974,37.49519],[127.09639,37.49491],[127.09561,37.4949],[127.09526,37.49462],[127.09377,37.49408],[127.09174,37.49368],[127.09205,37.49336],[127.09363,37.49262],[127.09425,37.49226],[127.09192,37.49184],[127.08986,37.49129],[127.09034,37.49065],[127.09145,37.48971],[127.09169,37.48891],[127.09165,37.48838],[127.09091,37.48797],[127.09068,37.4876],[127.09023,37.48741],[127.08946,37.48766],[127.089,37.48747],[127.08699,37.48729],[127.08627,37.48708],[127.08568,37.48665],[127.08574,37.48589],[127.08613,37.48589],[127.08694,37.48234],[127.08687,37.48096],[127.08584,37.47993],[127.08534,37.47979],[127.08566,37.47892],[127.08524,37.47724],[127.08533,37.47583],[127.08634,37.47632],[127.08838,37.47622],[127.08903,37.47671],[127.08954,37.47665],[127.08986,37.47726],[127.09166,37.47796],[127.09231,37.47761],[127.09327,37.47782],[127.09536,37.47799],[127.09696,37.47827],[127.09783,37.47799],[127.09848,37.47822],[127.09842,37.47872],[127.09805,37.47938],[127.09823,37.47986],[127.09822,37.48033],[127.09758,37.48103],[127.09773,37.48164],[127.09811,37.48214],[127.09923,37.48293],[127.0998,37.48322],[127.10049,37.48339],[127.10077,37.48323],[127.1014,37.48398],[127.10163,37.48453],[127.10276,37.48502],[127.10379,37.48514],[127.10433,37.48413],[127.10528,37.48288],[127.1056,37.48276],[127.10666,37.48279],[127.10763,37.48299],[127.11002,37.4832],[127.11067,37.48302],[127.11096,37.48347],[127.11165,37.48379],[127.11034,37.48567],[127.10927,37.48711],[127.10701,37.49029],[127.10351,37.49271],[127.10269,37.49311],[127.09983,37.4944],[127.09879,37.49489],[127.0974,37.49519]]]},"properties":{"g":"11680","gn":"강남구","d":"11500","n":"수서동"},"id":"LT_C_ADEMD_INFO.1928"},
{"type":"Feature","geometry":{"type":"Polygon","coordinates":[[[127.10828,37.54141],[127.10203,37.53645],[127.09128,37.52792],[127.09014,37.52701],[127.08563,37.52476],[127.0811,37.52341],[127.07998,37.52295],[127.07695,37.52252],[127.07432,37.52287],[127.07206,37.52342],[127.06866,37.52387],[127.0675,37.52458],[127.06761,37.52088],[127.06866,37.521],[127.06866,37.51758],[127.06894,37.5176],[127.06951,37.51842],[127.07036,37.51908],[127.06963,37.52005],[127.06881,37.521],[127.06929,37.521],[127.071,37.52072],[127.07338,37.52056],[127.0758,37.52055],[127.07961,37.52121],[127.08061,37.52132],[127.08191,37.52135],[127.08261,37.52104],[127.08333,37.52104],[127.08584,37.52125],[127.08854,37.52134],[127.09096,37.52107],[127.09163,37.52114],[127.09422,37.52194],[127.09541,37.51937],[127.10013,37.51325],[127.10179,37.51113],[127.10397,37.50874],[127.10814,37.51198],[127.10666,37.51547],[127.1127,37.51752],[127.11291,37.51745],[127.11686,37.52391],[127.10328,37.52391],[127.10297,37.52408],[127.10589,37.52654],[127.10826,37.52885],[127.10831,37.53956],[127.10828,37.54141]]]},"properties":{"g":"11710","gn":"송파구","d":"10200","n":"신천동"},"id":"LT_C_ADEMD_INFO.1929"},
{"type":"Feature","geometry":{"type":"Polygon","coordinates":[[[127.10914,37.54317],[127.10845,37.54204],[127.10828,37.54141],[127.10831,37.53956],[127.10826,37.52885],[127.10589,37.52654],[127.10297,37.52408],[127.10328,37.52391],[127.11686,37.52391],[127.11929,37.52787],[127.11909,37.52796],[127.12014,37.52966],[127.12067,37.5308],[127.12117,37.53237],[127.12344,37.53864],[127.1224,37.53901],[127.12186,37.53928],[127.12026,37.54033],[127.11887,37.54107],[127.11737,37.54153],[127.11653,37.54196],[127.11304,37.54298],[127.1131,37.54317],[127.10914,37.54317]]]},"properties":{"g":"11710","gn":"송파구","d":"10300","n":"풍납동"},"id":"LT_C_ADEMD_INFO.1931"},
{"type":"Feature","geometry":{"type":"Polygon","coordinates":[[[127.10814,37.51198],[127.10397,37.50874],[127.1116,37.50035],[127.11184,37.50048],[127.11422,37.49784],[127.11841,37.50009],[127.11985,37.50101],[127.1217,37.50241],[127.12288,37.5036],[127.12369,37.50483],[127.12275,37.50533],[127.11669,37.50776],[127.11238,37.51023],[127.10814,37.51198]]]},"properties":{"g":"11710","gn":"송파구","d":"10400","n":"송파동"},"id":"LT_C_ADEMD_INFO.1932"},
{"type":"Feature","geometry":{"type":"Polygon","coordinates":[[[127.10397,37.50874],[127.10316,37.50816],[127.10183,37.50747],[127.1004,37.50687],[127.09954,37.50659],[127.09837,37.50645],[127.09729,37.50654],[127.09696,37.50246],[127.09657,37.49719],[127.09739,37.49691],[127.09765,37.49739],[127.10961,37.50094],[127.10976,37.50094],[127.11074,37.49987],[127.1116,37.50035],[127.10397,37.50874]]]},"properties":{"g":"11710","gn":"송파구","d":"10500","n":"석촌동"},"id":"LT_C_ADEMD_INFO.1933"},
{"type":"Feature","geometry":{"type":"Polygon","coordinates":[[[127.13937,37.49565],[127.13677,37.49704],[127.13416,37.49845],[127.13074,37.50027],[127.12464,37.50433],[127.12369,37.50483],[127.12288,37.5036],[127.1217,37.50241],[127.11985,37.50101],[127.11841,37.50009],[127.11422,37.49784],[127.11184,37.50048],[127.1116,37.50035],[127.11074,37.49987],[127.10976,37.50094],[127.10961,37.50094],[127.09765,37.49739],[127.09739,37.49691],[127.09694,37.49607],[127.09629,37.4963],[127.09586,37.4963],[127.09714,37.49583],[127.0978,37.49548],[127.0974,37.49519],[127.09879,37.49489],[127.09983,37.4944],[127.10269,37.49311],[127.10351,37.49271],[127.10701,37.49029],[127.10927,37.48711],[127.11034,37.48567],[127.11165,37.48379],[127.11166,37.48379],[127.1121,37.48373],[127.11304,37.48444],[127.11214,37.48553],[127.10926,37.48949],[127.11309,37.49067],[127.11392,37.49096],[127.11688,37.49184],[127.11843,37.49227],[127.11882,37.49197],[127.11922,37.4923],[127.11998,37.49127],[127.12052,37.49039],[127.12129,37.48886],[127.12891,37.49292],[127.12958,37.49342],[127.13176,37.49184],[127.13355,37.49051],[127.13801,37.49437],[127.13798,37.49443],[127.13796,37.49446],[127.13839,37.49488],[127.13843,37.49492],[127.13863,37.49513],[127.13886,37.49527],[127.13894,37.49532],[127.13909,37.49551],[127.13924,37.49553],[127.13937,37.49565]]]},"properties":{"g":"11710","gn":"송파구","d":"10700","n":"가락동"},"id":"LT_C_ADEMD_INFO.1936"},
{"type":"Feature","geometry":{"type":"Polygon","coordinates":[[[127.13801,37.49437],[127.13355,37.49051],[127.13176,37.49184],[127.12958,37.49342],[127.12891,37.49292],[127.12129,37.48886],[127.12052,37.49039],[127.11998,37.49127],[127.11922,37.4923],[127.11882,37.49197],[127.11843,37.49227],[127.11688,37.49184],[127.11392,37.49096],[127.11309,37.49067],[127.10926,37.48949],[127.11214,37.48553],[127.11304,37.48444],[127.1121,37.48373],[127.11166,37.48379],[127.11297,37.48172],[127.11603,37.4776],[127.11604,37.4776],[127.11622,37.47762],[127.11646,37.4777],[127.11662,37.47773],[127.11713,37.47766],[127.11745,37.47763],[127.11745,37.47765],[127.11744,37.47826],[127.11744,37.4783],[127.11793,37.4783],[127.11794,37.4783],[127.11827,37.4783],[127.11841,37.47811],[127.12029,37.47751],[127.1208,37.47737],[127.1213,37.47726],[127.12533,37.47656],[127.12627,37.47645],[127.12665,37.47642],[127.12658,37.47706],[127.12576,37.4789],[127.12543,37.47954],[127.12559,37.47949],[127.12609,37.47946],[127.1267,37.47962],[127.12679,37.47966],[127.12684,37.47982],[127.12692,37.47992],[127.12705,37.48007],[127.12733,37.48071],[127.12759,37.48087],[127.12767,37.48092],[127.12774,37.48098],[127.12784,37.48104],[127.12818,37.48152],[127.12852,37.48172],[127.12858,37.48177],[127.12874,37.48191],[127.12931,37.48238],[127.12937,37.48249],[127.12939,37.48251],[127.12941,37.48253],[127.12942,37.48254],[127.12945,37.48257],[127.12961,37.48266],[127.12954,37.48274],[127.12953,37.48276],[127.12951,37.48279],[127.12957,37.48282],[127.12972,37.4829],[127.12976,37.48292],[127.12999,37.48301],[127.12997,37.48318],[127.13009,37.48347],[127.13015,37.48356],[127.13019,37.48361],[127.13026,37.48368],[127.13025,37.48373],[127.13035,37.4838],[127.13055,37.48397],[127.13061,37.48405],[127.13063,37.48409],[127.13073,37.4844],[127.13076,37.48443],[127.13082,37.48448],[127.13091,37.48457],[127.13094,37.48468],[127.13096,37.48472],[127.13099,37.48477],[127.13106,37.48482],[127.13129,37.48488],[127.13131,37.48493],[127.13138,37.48497],[127.13166,37.485],[127.13238,37.48542],[127.13262,37.48559],[127.13263,37.4856],[127.13288,37.48582],[127.13325,37.4861],[127.1336,37.48628],[127.13369,37.48636],[127.13383,37.48652],[127.13385,37.48654],[127.13392,37.48661],[127.13397,37.48668],[127.13404,37.48684],[127.13425,37.48708],[127.13427,37.48711],[127.13433,37.48718],[127.13439,37.48721],[127.13444,37.48722],[127.13476,37.48726],[127.135,37.48746],[127.13503,37.48766],[127.13511,37.48782],[127.13521,37.48791],[127.13521,37.48794],[127.13522,37.48801],[127.13533,37.48816],[127.1355,37.48835],[127.13554,37.48856],[127.13564,37.48862],[127.13571,37.48867],[127.13575,37.4887],[127.13575,37.48871],[127.1358,37.48882],[127.1358,37.48884],[127.1358,37.48893],[127.13597,37.489],[127.13597,37.48918],[127.13604,37.48931],[127.13613,37.48948],[127.13589,37.48954],[127.13593,37.4902],[127.13636,37.49061],[127.13703,37.49117],[127.13709,37.49122],[127.13722,37.49133],[127.13729,37.49139],[127.13735,37.49144],[127.13735,37.49172],[127.13735,37.49176],[127.13735,37.49205],[127.13735,37.49296],[127.13735,37.49327],[127.13735,37.49331],[127.13735,37.49335],[127.13736,37.49335],[127.13757,37.4935],[127.13765,37.49355],[127.13795,37.49377],[127.13815,37.4939],[127.13819,37.49393],[127.13815,37.49409],[127.13814,37.4942],[127.13809,37.49426],[127.13807,37.49429],[127.13801,37.49437]]]},"properties":{"g":"11710","gn":"송파구","d":"10800","n":"문정동"},"id":"LT_C_ADEMD_INFO.1937"},
{"type":"Feature","geometry":{"type":"Polygon","coordinates":[[[127.11793,37.4783],[127.11782,37.4783],[127.11747,37.4783],[127.11746,37.4783],[127.11744,37.4783],[127.11744,37.47826],[127.11745,37.47765],[127.11745,37.47763],[127.11713,37.47766],[127.11662,37.47773],[127.11646,37.4777],[127.11622,37.47762],[127.11604,37.47761],[127.11603,37.4776],[127.11696,37.47638],[127.11723,37.47603],[127.11743,37.47578],[127.11824,37.4747],[127.11844,37.4744],[127.11872,37.47399],[127.11972,37.47258],[127.1197,37.47276],[127.12071,37.47136],[127.12084,37.47119],[127.12206,37.46949],[127.12272,37.46859],[127.12311,37.46804],[127.12326,37.46784],[127.12331,37.46778],[127.12338,37.46767],[127.12374,37.46717],[127.12421,37.46652],[127.12449,37.46664],[127.12505,37.46727],[127.1252,37.46783],[127.12517,37.46875],[127.12488,37.4696],[127.1252,37.46962],[127.12667,37.46863],[127.12692,37.46864],[127.12851,37.46832],[127.12934,37.46796],[127.13054,37.46774],[127.13092,37.46777],[127.13187,37.46815],[127.1328,37.46839],[127.13198,37.4698],[127.13258,37.47084],[127.13284,37.47154],[127.1326,37.47253],[127.13269,37.47429],[127.13286,37.47463],[127.13547,37.47424],[127.1364,37.47417],[127.13833,37.47414],[127.14353,37.47393],[127.14368,37.47534],[127.1443,37.4765],[127.14437,37.47733],[127.14715,37.47722],[127.14728,37.47874],[127.14748,37.48177],[127.14465,37.48189],[127.14463,37.4815],[127.14316,37.48156],[127.14318,37.48186],[127.14149,37.48193],[127.13886,37.48176],[127.13794,37.48187],[127.13678,37.48152],[127.13604,37.48156],[127.13582,37.48169],[127.13585,37.48252],[127.13602,37.48304],[127.13597,37.48388],[127.13631,37.48436],[127.13622,37.48528],[127.13639,37.48573],[127.13674,37.48738],[127.13658,37.48749],[127.13681,37.48853],[127.13717,37.48881],[127.1373,37.48938],[127.13714,37.4895],[127.13746,37.4902],[127.13699,37.49027],[127.13667,37.49041],[127.13636,37.49061],[127.13593,37.4902],[127.13589,37.48954],[127.13613,37.48948],[127.13604,37.48931],[127.13597,37.48918],[127.13597,37.489],[127.1358,37.48893],[127.1358,37.48884],[127.1358,37.48882],[127.13575,37.48871],[127.13575,37.4887],[127.13571,37.48867],[127.13554,37.48856],[127.1355,37.48835],[127.13533,37.48816],[127.13522,37.48801],[127.13521,37.48794],[127.13521,37.48791],[127.13511,37.48782],[127.13503,37.48766],[127.135,37.48746],[127.13476,37.48726],[127.13444,37.48722],[127.13439,37.48721],[127.13433,37.48718],[127.13427,37.48711],[127.13425,37.48708],[127.13404,37.48684],[127.13397,37.48668],[127.13392,37.48661],[127.13383,37.48652],[127.13369,37.48636],[127.1336,37.48628],[127.13325,37.4861],[127.13288,37.48582],[127.13263,37.4856],[127.13262,37.48559],[127.13248,37.48549],[127.13238,37.48542],[127.13166,37.485],[127.13138,37.48497],[127.13131,37.48493],[127.13129,37.48488],[127.13106,37.48482],[127.13099,37.48477],[127.13096,37.48472],[127.13094,37.48468],[127.13091,37.48457],[127.13082,37.48448],[127.13076,37.48443],[127.13073,37.4844],[127.13063,37.48409],[127.13061,37.48405],[127.13055,37.48397],[127.13025,37.48373],[127.13024,37.48369],[127.13026,37.48368],[127.13009,37.48347],[127.12997,37.48318],[127.12999,37.48301],[127.12976,37.48292],[127.12972,37.4829],[127.12971,37.4829],[127.12951,37.48279],[127.12953,37.48276],[127.12954,37.48274],[127.12959,37.48268],[127.12961,37.48266],[127.12945,37.48257],[127.12942,37.48254],[127.12941,37.48253],[127.12937,37.48249],[127.12931,37.48238],[127.12896,37.48209],[127.12874,37.48191],[127.12858,37.48177],[127.12852,37.48172],[127.12818,37.48152],[127.12784,37.48104],[127.12774,37.48098],[127.12767,37.48092],[127.12759,37.48087],[127.12758,37.48087],[127.12752,37.48084],[127.12733,37.48071],[127.12705,37.48007],[127.12692,37.47992],[127.12684,37.47982],[127.12679,37.47966],[127.1267,37.47962],[127.12609,37.47946],[127.12559,37.47949],[127.12543,37.47954],[127.12576,37.4789],[127.12658,37.47706],[127.12665,37.47642],[127.12627,37.47645],[127.12533,37.47656],[127.1213,37.47726],[127.1208,37.47737],[127.12029,37.47751],[127.11841,37.47811],[127.11827,37.4783],[127.11794,37.4783],[127.11793,37.4783]]]},"properties":{"g":"11710","gn":"송파구","d":"10900","n":"장지동"},"id":"LT_C_ADEMD_INFO.1938"},
{"type":"Feature","geometry":{"type":"Polygon","coordinates":[[[127.11929,37.52787],[127.11686,37.52391],[127.11291,37.51745],[127.1127,37.51752],[127.10666,37.51547],[127.10814,37.51198],[127.11238,37.51023],[127.11669,37.50776],[127.12275,37.50533],[127.12369,37.50483],[127.128,37.51181],[127.13411,37.5093],[127.13418,37.50891],[127.13821,37.50728],[127.13936,37.50686],[127.13961,37.50643],[127.14027,37.50829],[127.14001,37.50852],[127.14034,37.51023],[127.14095,37.5104],[127.14122,37.51082],[127.1411,37.51113],[127.14128,37.51215],[127.14144,37.5124],[127.14288,37.51273],[127.14353,37.51266],[127.14336,37.51345],[127.14339,37.51387],[127.1421,37.51466],[127.14137,37.51497],[127.14062,37.51555],[127.14214,37.51565],[127.14337,37.51558],[127.1446,37.51561],[127.14544,37.51607],[127.14543,37.51643],[127.14509,37.51684],[127.14383,37.51703],[127.14085,37.51835],[127.14078,37.51838],[127.14071,37.51841],[127.14058,37.51847],[127.13856,37.51935],[127.13852,37.51933],[127.13848,37.5193],[127.13843,37.51932],[127.13819,37.5194],[127.13819,37.51941],[127.13817,37.51953],[127.13427,37.52126],[127.13387,37.52143],[127.11929,37.52787]]]},"properties":{"g":"11710","gn":"송파구","d":"11100","n":"방이동"},"id":"LT_C_ADEMD_INFO.1939"},
{"type":"Feature","geometry":{"type":"Polygon","coordinates":[[[127.13636,37.49061],[127.13667,37.49041],[127.13699,37.49027],[127.13746,37.4902],[127.13714,37.4895],[127.1373,37.48938],[127.13717,37.48881],[127.13681,37.48853],[127.13658,37.48749],[127.13674,37.48738],[127.13639,37.48573],[127.13622,37.48528],[127.13631,37.48436],[127.13597,37.48388],[127.13602,37.48304],[127.13585,37.48252],[127.13582,37.48169],[127.13604,37.48156],[127.13678,37.48152],[127.13794,37.48187],[127.13886,37.48176],[127.14149,37.48193],[127.14318,37.48186],[127.14316,37.48156],[127.14463,37.4815],[127.14465,37.48189],[127.14748,37.48177],[127.14767,37.48243],[127.14868,37.48404],[127.14909,37.48388],[127.14992,37.48491],[127.15043,37.48525],[127.15359,37.48692],[127.15374,37.48706],[127.15534,37.48794],[127.15545,37.48806],[127.15851,37.48967],[127.15838,37.48989],[127.15759,37.48991],[127.15766,37.49017],[127.15764,37.49019],[127.15754,37.49027],[127.15744,37.49033],[127.15715,37.49057],[127.15623,37.49104],[127.15563,37.49143],[127.1552,37.49157],[127.15382,37.49224],[127.15368,37.49231],[127.15373,37.49235],[127.15329,37.49257],[127.15321,37.49256],[127.15319,37.49255],[127.15293,37.49275],[127.15242,37.49306],[127.15203,37.49355],[127.15192,37.49365],[127.15185,37.49372],[127.15176,37.49381],[127.15165,37.49393],[127.15099,37.49478],[127.15056,37.49509],[127.1504,37.49523],[127.15018,37.49542],[127.15006,37.49549],[127.14998,37.49554],[127.14979,37.49569],[127.14904,37.49615],[127.14799,37.49692],[127.14667,37.49779],[127.14565,37.49849],[127.14555,37.49856],[127.14544,37.49864],[127.14514,37.49885],[127.14452,37.4994],[127.14261,37.49939],[127.14255,37.49939],[127.14243,37.49941],[127.14237,37.49942],[127.14216,37.4995],[127.14182,37.49972],[127.14175,37.49977],[127.14166,37.49982],[127.14028,37.49703],[127.14021,37.49689],[127.14013,37.49674],[127.14005,37.4966],[127.13996,37.49646],[127.13987,37.49632],[127.13978,37.49618],[127.13968,37.49605],[127.13958,37.49591],[127.13948,37.49578],[127.13937,37.49565],[127.13924,37.49553],[127.13909,37.49551],[127.13894,37.49532],[127.13886,37.49527],[127.13863,37.49513],[127.13843,37.49492],[127.13839,37.49488],[127.13796,37.49446],[127.13798,37.49443],[127.13801,37.49437],[127.13807,37.49429],[127.13809,37.49426],[127.13814,37.4942],[127.13815,37.49409],[127.13819,37.49393],[127.13815,37.4939],[127.13795,37.49377],[127.13765,37.49355],[127.13757,37.4935],[127.13736,37.49335],[127.13735,37.49335],[127.13735,37.49331],[127.13735,37.49327],[127.13735,37.49296],[127.13735,37.49205],[127.13735,37.49176],[127.13735,37.49172],[127.13735,37.49161],[127.13735,37.49144],[127.13729,37.49139],[127.13722,37.49133],[127.13709,37.49122],[127.13703,37.49117],[127.13636,37.49061]]]},"properties":{"g":"11710","gn":"송파구","d":"11300","n":"거여동"},"id":"LT_C_ADEMD_INFO.1941"},
{"type":"Feature","geometry":{"type":"Polygon","coordinates":[[[127.1441,37.5044],[127.14342,37.50409],[127.14294,37.50359],[127.14333,37.50322],[127.14166,37.49982],[127.14175,37.49977],[127.14203,37.49959],[127.14216,37.4995],[127.14237,37.49942],[127.14243,37.49941],[127.14255,37.49939],[127.14261,37.49939],[127.14452,37.4994],[127.14514,37.49885],[127.14544,37.49864],[127.14555,37.49856],[127.14565,37.49849],[127.14667,37.49779],[127.14799,37.49692],[127.14904,37.49615],[127.14979,37.49569],[127.14998,37.49554],[127.15006,37.49549],[127.15018,37.49542],[127.1504,37.49523],[127.15056,37.49509],[127.15099,37.49478],[127.15165,37.49393],[127.15176,37.49381],[127.15185,37.49372],[127.15192,37.49365],[127.15203,37.49355],[127.15242,37.49306],[127.15293,37.49275],[127.15319,37.49255],[127.15321,37.49256],[127.15329,37.49257],[127.15373,37.49235],[127.15382,37.49224],[127.1552,37.49157],[127.15524,37.49163],[127.15563,37.49143],[127.15715,37.49057],[127.15744,37.49033],[127.15754,37.49027],[127.15764,37.49019],[127.15766,37.49017],[127.15767,37.49018],[127.15771,37.49022],[127.15772,37.49022],[127.15783,37.4903],[127.15799,37.49037],[127.15817,37.49052],[127.15848,37.49205],[127.15865,37.49243],[127.15918,37.49306],[127.15952,37.49328],[127.16003,37.49437],[127.15997,37.49542],[127.15986,37.49568],[127.15978,37.49682],[127.16059,37.49763],[127.16061,37.49843],[127.16107,37.49925],[127.16135,37.49954],[127.16139,37.5002],[127.1605,37.50109],[127.1594,37.50136],[127.15887,37.50239],[127.15773,37.50318],[127.15655,37.50189],[127.15582,37.50208],[127.15395,37.50266],[127.15323,37.50268],[127.15284,37.50306],[127.15211,37.50297],[127.15082,37.50406],[127.1502,37.50474],[127.1486,37.50372],[127.14805,37.50358],[127.14769,37.50321],[127.14719,37.50338],[127.14687,37.50326],[127.14595,37.50323],[127.14513,37.50369],[127.14487,37.50403],[127.1441,37.5044]]]},"properties":{"g":"11710","gn":"송파구","d":"11400","n":"마천동"},"id":"LT_C_ADEMD_INFO.1942"},
{"type":"Feature","geometry":{"type":"Polygon","coordinates":[[[127.15654,37.55538],[127.15178,37.55472],[127.1502,37.55468],[127.14808,37.55471],[127.14811,37.55482],[127.14593,37.55485],[127.14467,37.5549],[127.1447,37.55566],[127.1444,37.55555],[127.14431,37.55496],[127.14395,37.5549],[127.14343,37.55478],[127.14311,37.55447],[127.14261,37.55351],[127.14186,37.55306],[127.14099,37.55188],[127.14031,37.55124],[127.14052,37.55094],[127.14153,37.5508],[127.14274,37.55067],[127.14395,37.55079],[127.14319,37.54637],[127.14272,37.54507],[127.14575,37.54435],[127.14637,37.54459],[127.14805,37.545],[127.1489,37.54502],[127.14937,37.54562],[127.15043,37.54567],[127.15074,37.54534],[127.15093,37.5448],[127.15184,37.54498],[127.1521,37.54417],[127.15226,37.54404],[127.15348,37.54369],[127.15349,37.54324],[127.15389,37.54208],[127.15573,37.54283],[127.15598,37.54285],[127.1566,37.54346],[127.15755,37.54316],[127.15828,37.54268],[127.15936,37.54249],[127.1601,37.54151],[127.16031,37.54163],[127.16092,37.54251],[127.16171,37.54346],[127.16218,37.54383],[127.16316,37.54499],[127.16279,37.54559],[127.16241,37.5458],[127.16131,37.54554],[127.16057,37.54557],[127.15994,37.54537],[127.15831,37.5455],[127.15662,37.54599],[127.15592,37.54609],[127.15654,37.55538]]]},"properties":{"g":"11740","gn":"강동구","d":"10100","n":"명일동"},"id":"LT_C_ADEMD_INFO.1944"},
{"type":"Feature","geometry":{"type":"Polygon","coordinates":[[[127.14559,37.56843],[127.14559,37.56775],[127.14508,37.56663],[127.14503,37.56595],[127.14477,37.56568],[127.14541,37.56528],[127.14527,37.56443],[127.14548,37.56385],[127.14615,37.56347],[127.14655,37.56264],[127.14655,37.56224],[127.14717,37.56125],[127.14745,37.56108],[127.14604,37.56055],[127.14391,37.55864],[127.14439,37.55826],[127.1447,37.55761],[127.1444,37.55555],[127.1447,37.55566],[127.14467,37.5549],[127.14593,37.55485],[127.14811,37.55482],[127.14808,37.55471],[127.1502,37.55468],[127.15178,37.55472],[127.15654,37.55538],[127.16502,37.55657],[127.17142,37.55734],[127.17097,37.55931],[127.171,37.55959],[127.17059,37.56174],[127.17003,37.56215],[127.1703,37.5624],[127.17097,37.56246],[127.17297,37.5637],[127.17201,37.56469],[127.17212,37.56475],[127.17076,37.56632],[127.17037,37.5669],[127.17003,37.56715],[127.16892,37.56842],[127.16776,37.56982],[127.16722,37.57033],[127.16727,37.57038],[127.16754,37.57074],[127.16729,37.57129],[127.16672,37.57214],[127.16647,37.57225],[127.1658,37.5732],[127.16569,37.57387],[127.16503,37.57391],[127.16503,37.57426],[127.16398,37.57435],[127.16409,37.57475],[127.16201,37.57639],[127.16085,37.57565],[127.1569,37.57295],[127.15498,37.57204],[127.14895,37.56843],[127.14559,37.56843]]]},"properties":{"g":"11740","gn":"강동구","d":"10200","n":"고덕동"},"id":"LT_C_ADEMD_INFO.1947"},
{"type":"Feature","geometry":{"type":"Polygon","coordinates":[[[127.17142,37.55734],[127.16502,37.55657],[127.15654,37.55538],[127.15592,37.54609],[127.15662,37.54599],[127.15831,37.5455],[127.15994,37.54537],[127.16057,37.54557],[127.16131,37.54554],[127.16241,37.5458],[127.16279,37.54559],[127.16316,37.54499],[127.16349,37.54502],[127.16517,37.54463],[127.1653,37.5444],[127.16664,37.54425],[127.16692,37.54432],[127.16675,37.54482],[127.16698,37.5452],[127.16795,37.54506],[127.16882,37.54515],[127.16976,37.54481],[127.17107,37.54512],[127.17211,37.54553],[127.17391,37.54558],[127.17431,37.5453],[127.17572,37.54521],[127.17594,37.54562],[127.17659,37.54534],[127.17679,37.54575],[127.17826,37.5463],[127.17933,37.54657],[127.18126,37.54658],[127.18169,37.54644],[127.1822,37.54572],[127.18354,37.54517],[127.18379,37.54557],[127.18283,37.54634],[127.18268,37.54788],[127.18308,37.54863],[127.18284,37.54943],[127.18293,37.55024],[127.18312,37.55108],[127.18293,37.55175],[127.1817,37.55251],[127.18134,37.55297],[127.1815,37.55433],[127.18139,37.55492],[127.18168,37.556],[127.18167,37.55683],[127.18155,37.55755],[127.18175,37.55838],[127.18154,37.55861],[127.1809,37.5585],[127.1755,37.5573],[127.17404,37.55706],[127.17198,37.55706],[127.17147,37.557],[127.17142,37.55734]]]},"properties":{"g":"11740","gn":"강동구","d":"10300","n":"상일동"},"id":"LT_C_ADEMD_INFO.1949"},
{"type":"Feature","geometry":{"type":"Polygon","coordinates":[[[127.1601,37.54151],[127.15936,37.54249],[127.15828,37.54268],[127.15755,37.54316],[127.1566,37.54346],[127.15598,37.54285],[127.15573,37.54283],[127.15389,37.54208],[127.15349,37.54324],[127.15348,37.54369],[127.15226,37.54404],[127.1521,37.54417],[127.15184,37.54498],[127.15093,37.5448],[127.15074,37.54534],[127.15043,37.54567],[127.14937,37.54562],[127.1489,37.54502],[127.14805,37.545],[127.14637,37.54459],[127.14575,37.54435],[127.14272,37.54507],[127.14119,37.54098],[127.13802,37.54117],[127.1374,37.54106],[127.13678,37.54062],[127.13498,37.53691],[127.13424,37.53556],[127.13412,37.53533],[127.13856,37.53396],[127.13952,37.53378],[127.14079,37.53374],[127.14204,37.53394],[127.14298,37.53425],[127.14538,37.53526],[127.14517,37.5349],[127.15261,37.53805],[127.15557,37.53928],[127.15958,37.54103],[127.15965,37.54128],[127.1601,37.54151]]]},"properties":{"g":"11740","gn":"강동구","d":"10500","n":"길동"},"id":"LT_C_ADEMD_INFO.1952"},
{"type":"Feature","geometry":{"type":"Polygon","coordinates":[[[127.14509,37.51684],[127.14486,37.51775],[127.1449,37.51839],[127.14479,37.51962],[127.14527,37.52088],[127.14564,37.52158],[127.14567,37.52193],[127.1478,37.52215],[127.14818,37.52292],[127.1486,37.52319],[127.1486,37.52356],[127.14901,37.52412],[127.14924,37.52483],[127.1496,37.52529],[127.14946,37.52575],[127.14987,37.52621],[127.1504,37.52637],[127.15078,37.52686],[127.15164,37.5277],[127.15269,37.52853],[127.15316,37.52911],[127.15329,37.52947],[127.15313,37.52995],[127.15354,37.53044],[127.15338,37.53133],[127.15393,37.53192],[127.15357,37.53367],[127.15402,37.53451],[127.15453,37.53487],[127.15487,37.53536],[127.15526,37.53622],[127.15594,37.53706],[127.15603,37.53734],[127.15654,37.53745],[127.15694,37.53797],[127.15765,37.53927],[127.15825,37.53975],[127.1591,37.54073],[127.15958,37.54103],[127.15557,37.53928],[127.15261,37.53805],[127.14517,37.5349],[127.14538,37.53526],[127.14298,37.53425],[127.14204,37.53394],[127.14079,37.53374],[127.13952,37.53378],[127.13856,37.53396],[127.13808,37.53268],[127.13779,37.53192],[127.13743,37.53095],[127.13678,37.52922],[127.13663,37.5288],[127.13492,37.52423],[127.13427,37.52251],[127.13427,37.52126],[127.13817,37.51953],[127.13819,37.51941],[127.13819,37.5194],[127.13843,37.51932],[127.13848,37.5193],[127.13852,37.51933],[127.13856,37.51935],[127.14058,37.51847],[127.14071,37.51841],[127.14078,37.51838],[127.14085,37.51835],[127.14383,37.51703],[127.14509,37.51684]]]},"properties":{"g":"11740","gn":"강동구","d":"10600","n":"둔촌동"},"id":"LT_C_ADEMD_INFO.1955"},
{"type":"Feature","geometry":{"type":"Polygon","coordinates":[[[127.14343,37.55478],[127.14395,37.5549],[127.14431,37.55496],[127.1444,37.55555],[127.1447,37.55761],[127.14439,37.55826],[127.14391,37.55864],[127.14604,37.56055],[127.14745,37.56108],[127.14717,37.56125],[127.14655,37.56224],[127.14655,37.56264],[127.14615,37.56347],[127.14548,37.56385],[127.14527,37.56443],[127.14541,37.56528],[127.14477,37.56568],[127.14503,37.56595],[127.14508,37.56663],[127.14559,37.56775],[127.14559,37.56843],[127.13767,37.56842],[127.13427,37.56795],[127.12861,37.56616],[127.12578,37.56481],[127.12296,37.56349],[127.1201,37.5612],[127.11734,37.55946],[127.11565,37.5577],[127.11525,37.55676],[127.11426,37.55437],[127.1141,37.55409],[127.11155,37.55051],[127.11153,37.55038],[127.11585,37.55016],[127.11642,37.55003],[127.11816,37.54997],[127.1197,37.5497],[127.12141,37.54962],[127.12223,37.54947],[127.12227,37.54891],[127.12673,37.5479],[127.12753,37.55013],[127.12963,37.54922],[127.13452,37.54714],[127.13494,37.5477],[127.13631,37.54907],[127.13708,37.54977],[127.13812,37.55027],[127.13948,37.5505],[127.14061,37.55061],[127.14153,37.5508],[127.14052,37.55094],[127.14031,37.55124],[127.14099,37.55188],[127.14186,37.55306],[127.14261,37.55351],[127.14311,37.55447],[127.14343,37.55478]]]},"properties":{"g":"11740","gn":"강동구","d":"10700","n":"암사동"},"id":"LT_C_ADEMD_INFO.1956"},
{"type":"Feature","geometry":{"type":"Polygon","coordinates":[[[127.13424,37.53556],[127.13279,37.536],[127.12331,37.53895],[127.1225,37.53921],[127.1224,37.53901],[127.12344,37.53864],[127.12117,37.53237],[127.12067,37.5308],[127.12014,37.52966],[127.11909,37.52796],[127.11929,37.52787],[127.13387,37.52143],[127.13427,37.52251],[127.13492,37.52423],[127.13663,37.5288],[127.13678,37.52922],[127.13743,37.53095],[127.13779,37.53192],[127.13808,37.53268],[127.13856,37.53396],[127.13412,37.53533],[127.13424,37.53556]]]},"properties":{"g":"11740","gn":"강동구","d":"10800","n":"성내동"},"id":"LT_C_ADEMD_INFO.1957"},
{"type":"Feature","geometry":{"type":"Polygon","coordinates":[[[127.14153,37.5508],[127.14061,37.55061],[127.13948,37.5505],[127.13812,37.55027],[127.13708,37.54977],[127.13631,37.54907],[127.13494,37.5477],[127.13452,37.54714],[127.12963,37.54922],[127.12753,37.55013],[127.12673,37.5479],[127.12227,37.54891],[127.12223,37.54947],[127.12141,37.54962],[127.1197,37.5497],[127.11816,37.54997],[127.11642,37.55003],[127.11585,37.55016],[127.11153,37.55038],[127.11147,37.54694],[127.11021,37.54502],[127.10914,37.54317],[127.1131,37.54317],[127.11304,37.54298],[127.11653,37.54196],[127.11737,37.54153],[127.11887,37.54107],[127.12026,37.54033],[127.12186,37.53928],[127.1224,37.53901],[127.1225,37.53921],[127.12331,37.53895],[127.13279,37.536],[127.13424,37.53556],[127.13498,37.53691],[127.13678,37.54062],[127.1374,37.54106],[127.13802,37.54117],[127.14119,37.54098],[127.14272,37.54507],[127.14319,37.54637],[127.14395,37.55079],[127.14274,37.55067],[127.14153,37.5508]]]},"properties":{"g":"11740","gn":"강동구","d":"10900","n":"천호동"},"id":"LT_C_ADEMD_INFO.1959"},
{"type":"Feature","geometry":{"type":"Polygon","coordinates":[[[126.97556,37.58968],[126.97536,37.58924],[126.97541,37.58889],[126.97454,37.58871],[126.97454,37.58848],[126.97397,37.587],[126.974,37.58654],[126.97438,37.58592],[126.97447,37.58549],[126.9742,37.58509],[126.974,37.5839],[126.97404,37.58331],[126.97356,37.58323],[126.97353,37.58182],[126.97372,37.58114],[126.9739,37.57932],[126.97417,37.57646],[126.9742,37.57595],[126.97511,37.57593],[126.97472,37.57555],[126.97465,37.5751],[126.97478,37.57435],[126.97532,37.57441],[126.97545,37.57418],[126.97553,37.57349],[126.97543,37.57297],[126.97499,37.57293],[126.97504,37.57245],[126.97527,37.57238],[126.9758,37.57162],[126.97568,37.57127],[126.97592,37.57086],[126.97626,37.57054],[126.97615,37.57029],[126.97619,37.56947],[126.97644,37.56924],[126.97763,37.5693],[126.97779,37.57002],[126.97754,37.57074],[126.97751,37.57145],[126.97849,37.57144],[126.97854,37.57066],[126.97848,37.57244],[126.9785,37.57434],[126.97896,37.57511],[126.97854,37.5759],[126.97962,37.57604],[126.97965,37.57813],[126.97973,37.57908],[126.98024,37.5809],[126.98007,37.58099],[126.98035,37.5818],[126.98043,37.58255],[126.97926,37.58343],[126.97925,37.58371],[126.97911,37.58496],[126.97959,37.58538],[126.97955,37.58597],[126.97918,37.58654],[126.9791,37.58732],[126.97831,37.58782],[126.97755,37.5885],[126.97704,37.58858],[126.97672,37.58944],[126.97637,37.58969],[126.97556,37.58968]]]},"properties":{"g":"11110","gn":"종로구","d":"11900","n":"세종로"},"id":"LT_C_ADEMD_INFO.196"},
{"type":"Feature","geometry":{"type":"Polygon","coordinates":[[[127.16722,37.57033],[127.16776,37.56982],[127.16892,37.56842],[127.17003,37.56715],[127.17037,37.5669],[127.17076,37.56632],[127.17212,37.56475],[127.17201,37.56469],[127.17297,37.5637],[127.17097,37.56246],[127.1703,37.5624],[127.17003,37.56215],[127.17059,37.56174],[127.171,37.55959],[127.17097,37.55931],[127.17142,37.55734],[127.17147,37.557],[127.17198,37.55706],[127.17404,37.55706],[127.1755,37.5573],[127.1809,37.5585],[127.18154,37.55861],[127.18175,37.55838],[127.18198,37.55966],[127.182,37.56099],[127.18119,37.56302],[127.18085,37.56347],[127.18019,37.56459],[127.17978,37.56506],[127.17958,37.5655],[127.17947,37.56627],[127.17944,37.56781],[127.17922,37.56892],[127.17865,37.56977],[127.17832,37.57071],[127.17784,37.57146],[127.17788,37.57187],[127.17739,37.57252],[127.17694,37.57329],[127.17613,37.57409],[127.17568,37.5749],[127.17576,37.57566],[127.1755,37.57702],[127.17533,37.57724],[127.17544,37.57836],[127.17596,37.57856],[127.17688,37.57927],[127.17714,37.57986],[127.17715,37.5812],[127.17652,37.58103],[127.17511,37.58027],[127.17184,37.57926],[127.17025,37.57902],[127.16675,37.57898],[127.16256,37.57673],[127.16201,37.57639],[127.16409,37.57475],[127.16398,37.57435],[127.16503,37.57426],[127.16503,37.57391],[127.16569,37.57387],[127.1658,37.5732],[127.16647,37.57225],[127.16672,37.57214],[127.16729,37.57129],[127.16754,37.57074],[127.16727,37.57038],[127.16722,37.57033]]]},"properties":{"g":"11740","gn":"강동구","d":"11000","n":"강일동"},"id":"LT_C_ADEMD_INFO.1960"},
{"type":"Feature","geometry":{"type":"Polygon","coordinates":[[[126.98296,37.56999],[126.97855,37.56999],[126.97779,37.57002],[126.97763,37.5693],[126.9779,37.56921],[126.97987,37.56904],[126.98124,37.56899],[126.98258,37.56902],[126.98285,37.56897],[126.98296,37.56999]]]},"properties":{"g":"11110","gn":"종로구","d":"12300","n":"서린동"},"id":"LT_C_ADEMD_INFO.281"},
{"type":"Feature","geometry":{"type":"Polygon","coordinates":[[[126.98231,37.57202],[126.98207,37.57204],[126.9818,37.57167],[126.98205,37.57051],[126.98262,37.57038],[126.98313,37.5705],[126.98411,37.57051],[126.98455,37.57151],[126.9845,37.57194],[126.98424,37.57223],[126.98317,37.57194],[126.98231,37.57202]]]},"properties":{"g":"11110","gn":"종로구","d":"12700","n":"공평동"},"id":"LT_C_ADEMD_INFO.304"},
{"type":"Feature","geometry":{"type":"Polygon","coordinates":[[[126.98628,37.57688],[126.98554,37.57664],[126.9843,37.57601],[126.98457,37.57551],[126.98533,37.5756],[126.98578,37.5747],[126.9864,37.57373],[126.98669,37.57374],[126.98723,37.57361],[126.9877,37.57379],[126.98744,37.5742],[126.98847,37.5745],[126.98839,37.57538],[126.9869,37.57513],[126.98628,37.57688]]]},"properties":{"g":"11110","gn":"종로구","d":"13400","n":"경운동"},"id":"LT_C_ADEMD_INFO.423"},
{"type":"Feature","geometry":{"type":"Polygon","coordinates":[[[126.98382,37.57935],[126.98325,37.57898],[126.98213,37.57891],[126.98212,37.57863],[126.98243,37.57776],[126.98258,37.57678],[126.98327,37.5756],[126.9843,37.57601],[126.98554,37.57664],[126.98533,37.57739],[126.98461,37.57732],[126.98414,37.57839],[126.98379,37.57883],[126.98426,37.57901],[126.98382,37.57935]]]},"properties":{"g":"11110","gn":"종로구","d":"14100","n":"안국동"},"id":"LT_C_ADEMD_INFO.605"},
{"type":"Feature","geometry":{"type":"Polygon","coordinates":[[[126.98112,37.58153],[126.98024,37.5809],[126.97973,37.57908],[126.97965,37.57813],[126.9804,37.57803],[126.98088,37.57815],[126.98098,37.57842],[126.98147,37.57828],[126.98153,37.57863],[126.98212,37.57863],[126.98213,37.57891],[126.98215,37.57944],[126.98234,37.57996],[126.98165,37.58085],[126.98151,37.58124],[126.98112,37.58153]]]},"properties":{"g":"11110","gn":"종로구","d":"14200","n":"소격동"},"id":"LT_C_ADEMD_INFO.609"},
{"type":"Feature","geometry":{"type":"Polygon","coordinates":[[[126.983,37.58206],[126.98268,37.58205],[126.98211,37.58174],[126.98213,37.58219],[126.98189,37.58246],[126.98112,37.58153],[126.98151,37.58124],[126.98165,37.58085],[126.98234,37.57996],[126.98215,37.57944],[126.98213,37.57891],[126.98325,37.57898],[126.98382,37.57935],[126.9839,37.57959],[126.98393,37.58019],[126.98342,37.58051],[126.98372,37.58108],[126.98406,37.58123],[126.98376,37.58176],[126.983,37.58206]]]},"properties":{"g":"11110","gn":"종로구","d":"14300","n":"화동"},"id":"LT_C_ADEMD_INFO.623"},
{"type":"Feature","geometry":{"type":"Polygon","coordinates":[[[126.98147,37.57828],[126.98098,37.57842],[126.98088,37.57815],[126.9804,37.57803],[126.97965,37.57813],[126.97962,37.57604],[126.98055,37.57611],[126.98083,37.57661],[126.98099,37.5773],[126.9814,37.57768],[126.98147,37.57828]]]},"properties":{"g":"11110","gn":"종로구","d":"14400","n":"사간동"},"id":"LT_C_ADEMD_INFO.626"},
{"type":"Feature","geometry":{"type":"Polygon","coordinates":[[[126.98212,37.57863],[126.98153,37.57863],[126.98147,37.57828],[126.9814,37.57768],[126.98099,37.5773],[126.98083,37.57661],[126.98055,37.57611],[126.98137,37.5757],[126.98211,37.57549],[126.98265,37.57546],[126.98301,37.57552],[126.98327,37.5756],[126.98258,37.57678],[126.98243,37.57776],[126.98212,37.57863]]]},"properties":{"g":"11110","gn":"종로구","d":"14500","n":"송현동"},"id":"LT_C_ADEMD_INFO.641"},
{"type":"Feature","geometry":{"type":"Polygon","coordinates":[[[126.99254,37.57385],[126.99171,37.57374],[126.99163,37.57389],[126.99229,37.57203],[126.9929,37.57085],[126.99427,37.57087],[126.99436,37.57122],[126.99409,37.57206],[126.99377,37.5722],[126.99337,37.57263],[126.99254,37.57385]]]},"properties":{"g":"11110","gn":"종로구","d":"15200","n":"봉익동"},"id":"LT_C_ADEMD_INFO.643"},
{"type":"Feature","geometry":{"type":"Polygon","coordinates":[[[126.99101,37.57336],[126.99019,37.57313],[126.98989,37.5729],[126.98979,37.57215],[126.99034,37.57164],[126.99052,37.5707],[126.99178,37.5708],[126.99101,37.57336]]]},"properties":{"g":"11110","gn":"종로구","d":"15300","n":"돈의동"},"id":"LT_C_ADEMD_INFO.645"},
{"type":"Feature","geometry":{"type":"Polygon","coordinates":[[[126.99538,37.57013],[126.9923,37.57001],[126.9921,37.56926],[126.9923,37.56833],[126.99459,37.56851],[126.99633,37.56865],[126.99635,37.56866],[126.99635,37.56889],[126.99563,37.56959],[126.99538,37.57013]]]},"properties":{"g":"11110","gn":"종로구","d":"15400","n":"장사동"},"id":"LT_C_ADEMD_INFO.672"},
{"type":"Feature","geometry":{"type":"Polygon","coordinates":[[[126.9923,37.57001],[126.99147,37.57001],[126.98946,37.56985],[126.98856,37.56982],[126.98858,37.56964],[126.98893,37.5681],[126.99088,37.5682],[126.9923,37.56833],[126.9921,37.56926],[126.9923,37.57001]]]},"properties":{"g":"11110","gn":"종로구","d":"15500","n":"관수동"},"id":"LT_C_ADEMD_INFO.694"},
{"type":"Feature","geometry":{"type":"Polygon","coordinates":[[[126.99506,37.57091],[126.99427,37.57087],[126.9929,37.57085],[126.99178,37.5708],[126.99052,37.5707],[126.98937,37.57063],[126.98946,37.56985],[126.99147,37.57001],[126.9923,37.57001],[126.99538,37.57013],[126.99506,37.57091]]]},"properties":{"g":"11110","gn":"종로구","d":"15600","n":"종로3가"},"id":"LT_C_ADEMD_INFO.699"},
{"type":"Feature","geometry":{"type":"Polygon","coordinates":[[[126.95441,37.53112],[126.95346,37.53063],[126.94711,37.53063],[126.94741,37.53017],[126.94988,37.52703],[126.94989,37.51751],[126.95021,37.51742],[126.95344,37.5164],[126.95471,37.51603],[126.95555,37.51571],[126.95981,37.51396],[126.96119,37.51346],[126.96188,37.5131],[126.96258,37.51262],[126.96497,37.51082],[126.967,37.50985],[126.97012,37.50901],[126.97406,37.50748],[126.97525,37.50702],[126.97817,37.50656],[126.9804,37.50654],[126.98241,37.50654],[126.98242,37.51442],[126.98251,37.516],[126.98158,37.51645],[126.98281,37.51654],[126.98291,37.51723],[126.98295,37.51947],[126.98089,37.5199],[126.97959,37.52023],[126.9768,37.52112],[126.97245,37.52246],[126.972,37.52255],[126.97019,37.52279],[126.96931,37.5226],[126.96677,37.5219],[126.96595,37.52178],[126.96483,37.52181],[126.96387,37.522],[126.96255,37.52262],[126.96113,37.52292],[126.96031,37.52329],[126.95764,37.52489],[126.95688,37.52555],[126.95694,37.52697],[126.95586,37.52714],[126.9552,37.52733],[126.9546,37.52849],[126.95446,37.52995],[126.95478,37.53072],[126.95441,37.53112]]]},"properties":{"g":"11170","gn":"용산구","d":"12900","n":"이촌동"},"id":"LT_C_ADEMD_INFO.800"},
{"type":"Feature","geometry":{"type":"Polygon","coordinates":[[[126.99782,37.5326],[126.9975,37.53269],[126.99739,37.53312],[126.99705,37.53338],[126.99703,37.53394],[126.99685,37.53469],[126.99701,37.53524],[126.99671,37.53567],[126.9961,37.53625],[126.99615,37.5365],[126.99492,37.53763],[126.99463,37.53797],[126.99542,37.53885],[126.99535,37.53926],[126.99559,37.53963],[126.99687,37.54049],[126.9976,37.54086],[126.99781,37.54126],[126.99789,37.54221],[126.9976,37.54291],[126.99708,37.5437],[126.99672,37.54397],[126.99672,37.54506],[126.99582,37.54666],[126.99533,37.54713],[126.99522,37.54723],[126.99515,37.54725],[126.99507,37.54727],[126.99481,37.54733],[126.9947,37.54737],[126.99446,37.54749],[126.99401,37.54841],[126.99332,37.54887],[126.99331,37.54885],[126.99321,37.54879],[126.99296,37.54862],[126.9928,37.54851],[126.99156,37.54789],[126.99093,37.54716],[126.99028,37.54656],[126.98987,37.54505],[126.98949,37.54405],[126.98947,37.54404],[126.98942,37.544],[126.98931,37.54393],[126.98922,37.54388],[126.9892,37.54386],[126.98911,37.54381],[126.98904,37.54376],[126.98899,37.54373],[126.98897,37.54371],[126.98894,37.5437],[126.98843,37.54317],[126.98758,37.54086],[126.98682,37.53865],[126.98687,37.53824],[126.98667,37.53799],[126.98707,37.5362],[126.98718,37.53483],[126.9873,37.53459],[126.9882,37.53425],[126.98965,37.5323],[126.99203,37.52902],[126.99307,37.52925],[126.99317,37.52892],[126.99385,37.52913],[126.99484,37.52884],[126.99506,37.5289],[126.9952,37.52896],[126.9954,37.52904],[126.99553,37.5291],[126.99573,37.52919],[126.99571,37.52926],[126.99603,37.52971],[126.99623,37.53015],[126.99653,37.53054],[126.99687,37.53164],[126.99734,37.53208],[126.99737,37.53212],[126.99751,37.53228],[126.99752,37.5323],[126.99757,37.53232],[126.99765,37.53236],[126.9978,37.53243],[126.99781,37.53252],[126.99781,37.53253],[126.99782,37.53257],[126.99782,37.5326]]]},"properties":{"g":"11170","gn":"용산구","d":"13000","n":"이태원동"},"id":"LT_C_ADEMD_INFO.801"},
{"type":"Feature","geometry":{"type":"Polygon","coordinates":[[[126.99782,37.5326],[126.99806,37.5326],[127.00017,37.53195],[127.00084,37.53169],[127.00335,37.53031],[127.00382,37.52935],[127.00316,37.52881],[127.0028,37.52816],[127.00359,37.52762],[127.00434,37.52776],[127.0042,37.52723],[127.00443,37.52666],[127.0048,37.52636],[127.00765,37.52466],[127.00781,37.52482],[127.00801,37.52502],[127.00848,37.5255],[127.00858,37.5256],[127.00859,37.5256],[127.00875,37.52577],[127.0089,37.52591],[127.00897,37.52599],[127.01,37.52704],[127.01142,37.52862],[127.01229,37.52954],[127.0124,37.52964],[127.01245,37.52968],[127.0126,37.52981],[127.01334,37.53055],[127.01403,37.53121],[127.01442,37.53157],[127.0148,37.53193],[127.01502,37.53213],[127.01507,37.53216],[127.01555,37.53243],[127.01629,37.53305],[127.01684,37.53349],[127.01718,37.53378],[127.01744,37.53399],[127.01753,37.53765],[127.01729,37.53774],[127.01645,37.5379],[127.01567,37.53827],[127.01523,37.53833],[127.0151,37.53828],[127.01503,37.53827],[127.01501,37.53831],[127.01502,37.53845],[127.015,37.53854],[127.01492,37.53866],[127.01479,37.5388],[127.01409,37.53881],[127.01387,37.53907],[127.01322,37.53888],[127.01261,37.53934],[127.01148,37.53901],[127.01072,37.53928],[127.00995,37.53939],[127.00992,37.5394],[127.00983,37.53945],[127.00976,37.53962],[127.00941,37.54003],[127.00929,37.54043],[127.00925,37.54057],[127.00928,37.54105],[127.00921,37.54127],[127.00899,37.5416],[127.00876,37.542],[127.00878,37.54211],[127.00897,37.5423],[127.00903,37.54273],[127.00902,37.54378],[127.00903,37.54398],[127.009,37.54414],[127.00899,37.54413],[127.00837,37.54403],[127.00726,37.54386],[127.00502,37.54617],[127.00543,37.54706],[127.00533,37.54735],[127.00613,37.54819],[127.00496,37.54843],[127.00469,37.54869],[127.00456,37.54985],[127.00434,37.55021],[127.00421,37.55015],[127.00342,37.55002],[127.00286,37.54964],[127.0022,37.54971],[127.00168,37.55006],[127.00107,37.5499],[127.00052,37.55002],[127.00014,37.54982],[126.99832,37.5497],[126.99766,37.54936],[126.99743,37.54916],[126.99738,37.549],[126.99675,37.54852],[126.99675,37.54824],[126.9967,37.54782],[126.99636,37.54745],[126.99524,37.54723],[126.99522,37.54723],[126.99533,37.54713],[126.99582,37.54666],[126.99672,37.54506],[126.99672,37.54397],[126.99708,37.5437],[126.9976,37.54291],[126.99789,37.54221],[126.99781,37.54126],[126.9976,37.54086],[126.99687,37.54049],[126.99559,37.53963],[126.99535,37.53926],[126.99542,37.53885],[126.99463,37.53797],[126.99492,37.53763],[126.99615,37.5365],[126.9961,37.53625],[126.99671,37.53567],[126.99701,37.53524],[126.99685,37.53469],[126.99703,37.53394],[126.99705,37.53338],[126.99739,37.53312],[126.9975,37.53269],[126.99782,37.5326]]]},"properties":{"g":"11170","gn":"용산구","d":"13100","n":"한남동"},"id":"LT_C_ADEMD_INFO.802"},
{"type":"Feature","geometry":{"type":"Polygon","coordinates":[[[126.99309,37.56339],[126.99278,37.56341],[126.99233,37.56315],[126.99125,37.5633],[126.99029,37.56318],[126.99031,37.56295],[126.99055,37.56117],[126.99163,37.56112],[126.99167,37.56182],[126.99149,37.56215],[126.9923,37.56221],[126.99228,37.56178],[126.99316,37.56218],[126.99358,37.56213],[126.99339,37.56264],[126.99353,37.56308],[126.99309,37.56339]]]},"properties":{"g":"11140","gn":"중구","d":"15800","n":"충무로3가"},"id":"LT_C_ADEMD_INFO.810"},
{"type":"Feature","geometry":{"type":"Polygon","coordinates":[[[127.01733,37.57008],[127.01611,37.5698],[127.01526,37.56974],[127.01535,37.56919],[127.01564,37.56921],[127.01581,37.56705],[127.01572,37.56693],[127.01389,37.56671],[127.01418,37.56513],[127.01623,37.56536],[127.01809,37.56557],[127.01769,37.57017],[127.01733,37.57008]]]},"properties":{"g":"11140","gn":"중구","d":"16300","n":"흥인동"},"id":"LT_C_ADEMD_INFO.818"},
{"type":"Feature","geometry":{"type":"Polygon","coordinates":[[[127.01623,37.56536],[127.01418,37.56513],[127.0148,37.56507],[127.0147,37.56452],[127.01441,37.56447],[127.01428,37.56399],[127.01545,37.56309],[127.01586,37.56382],[127.01606,37.56442],[127.01623,37.56536]]]},"properties":{"g":"11140","gn":"중구","d":"16400","n":"무학동"},"id":"LT_C_ADEMD_INFO.828"},
{"type":"Feature","geometry":{"type":"Polygon","coordinates":[[[126.96698,37.56551],[126.96756,37.56488],[126.96896,37.56291],[126.96946,37.56198],[126.96808,37.56165],[126.96811,37.56153],[126.96997,37.56208],[126.96949,37.56324],[126.96884,37.56312],[126.96876,37.56429],[126.96849,37.56516],[126.96828,37.56551],[126.96773,37.56588],[126.96698,37.56551]]]},"properties":{"g":"11140","gn":"중구","d":"16900","n":"의주로1가"},"id":"LT_C_ADEMD_INFO.840"},
{"type":"Feature","geometry":{"type":"Polygon","coordinates":[[[127.02679,37.56504],[127.02723,37.56502],[127.02727,37.56533],[127.02558,37.56548],[127.02494,37.56568],[127.02556,37.56612],[127.02544,37.5668],[127.02584,37.56758],[127.02589,37.5689],[127.0264,37.57016],[127.02695,37.57058],[127.02715,37.57057],[127.02764,37.57042],[127.02768,37.57041],[127.02728,37.57091],[127.02616,37.57125],[127.02574,37.57091],[127.02521,37.57085],[127.02459,37.57105],[127.02417,37.57144],[127.02344,37.5719],[127.02343,37.5719],[127.0234,37.57191],[127.02339,37.57191],[127.02339,37.5719],[127.0234,37.57176],[127.0234,37.57154],[127.02341,37.57121],[127.02343,37.5705],[127.02348,37.56898],[127.0235,37.56792],[127.02354,37.56668],[127.02356,37.56663],[127.02356,37.56599],[127.02357,37.5658],[127.02357,37.56579],[127.02357,37.5657],[127.02358,37.56558],[127.02358,37.56518],[127.02539,37.5651],[127.02614,37.56507],[127.02679,37.56504]]]},"properties":{"g":"11200","gn":"성동구","d":"10100","n":"상왕십리동"},"id":"LT_C_ADEMD_INFO.842"},
{"type":"Feature","geometry":{"type":"Polygon","coordinates":[[[127.02436,37.55795],[127.02534,37.55796],[127.02607,37.55862],[127.02631,37.55912],[127.02716,37.55986],[127.02773,37.56004],[127.02799,37.56036],[127.02875,37.56027],[127.02899,37.56012],[127.03046,37.56015],[127.03106,37.56029],[127.03236,37.56099],[127.03233,37.56139],[127.03307,37.56187],[127.0335,37.56258],[127.03474,37.56176],[127.03353,37.56265],[127.0325,37.56317],[127.03125,37.56353],[127.0301,37.56412],[127.03002,37.56414],[127.02974,37.56429],[127.02949,37.56444],[127.02897,37.56465],[127.02896,37.56467],[127.02903,37.56474],[127.02912,37.56474],[127.02913,37.56478],[127.02917,37.56482],[127.02918,37.56484],[127.02925,37.56505],[127.02931,37.56538],[127.02938,37.56539],[127.02928,37.56571],[127.02922,37.56579],[127.02926,37.56581],[127.02927,37.56582],[127.02927,37.56583],[127.02916,37.56595],[127.02897,37.56615],[127.02891,37.56621],[127.029,37.56632],[127.02902,37.56634],[127.02915,37.56651],[127.02922,37.56656],[127.02949,37.56669],[127.02955,37.56672],[127.02964,37.56677],[127.02968,37.56687],[127.02961,37.56692],[127.02953,37.56698],[127.02983,37.56695],[127.03001,37.56762],[127.0303,37.56767],[127.0307,37.56778],[127.03078,37.56779],[127.03089,37.5678],[127.03104,37.56782],[127.03115,37.56784],[127.03152,37.56795],[127.03155,37.56801],[127.03187,37.56823],[127.03248,37.56814],[127.0326,37.56817],[127.03303,37.56819],[127.03325,37.56832],[127.03326,37.56834],[127.03333,37.5686],[127.03337,37.56869],[127.03349,37.5688],[127.03333,37.56878],[127.03326,37.56886],[127.03308,37.56896],[127.033,37.56894],[127.03287,37.56891],[127.03268,37.5693],[127.03259,37.56934],[127.03248,37.56933],[127.03245,37.56953],[127.03171,37.56946],[127.03115,37.56932],[127.0304,37.56924],[127.03039,37.56924],[127.03032,37.56924],[127.03027,37.56961],[127.03028,37.56974],[127.03029,37.56978],[127.03029,37.56981],[127.02878,37.57014],[127.02802,37.57033],[127.02768,37.57041],[127.02764,37.57042],[127.02715,37.57057],[127.02695,37.57058],[127.0264,37.57016],[127.02589,37.5689],[127.02584,37.56758],[127.02544,37.5668],[127.02556,37.56612],[127.02494,37.56568],[127.02558,37.56548],[127.02727,37.56533],[127.02723,37.56502],[127.02679,37.56504],[127.02676,37.56496],[127.02676,37.56493],[127.0267,37.56485],[127.02666,37.56479],[127.02673,37.56477],[127.02671,37.5647],[127.02668,37.5646],[127.02667,37.5645],[127.0268,37.5642],[127.02651,37.56337],[127.02595,37.56263],[127.02455,37.56188],[127.02395,37.56136],[127.02335,37.56066],[127.02322,37.56],[127.02279,37.55937],[127.02275,37.55933],[127.02243,37.55906],[127.02241,37.55904],[127.02285,37.55898],[127.02287,37.55884],[127.02288,37.55868],[127.02292,37.55833],[127.02291,37.55786],[127.02295,37.55772],[127.02309,37.55772],[127.02342,37.55773],[127.0242,37.55777],[127.02453,37.55775],[127.02459,37.55775],[127.02461,37.55774],[127.02462,37.55774],[127.0245,37.55784],[127.02436,37.55795]]]},"properties":{"g":"11200","gn":"성동구","d":"10200","n":"하왕십리동"},"id":"LT_C_ADEMD_INFO.843"},
{"type":"Feature","geometry":{"type":"Polygon","coordinates":[[[126.9489,37.53563],[126.94785,37.53562],[126.94739,37.53538],[126.94643,37.53572],[126.94591,37.53549],[126.9451,37.53496],[126.94482,37.53452],[126.94493,37.53423],[126.94459,37.53378],[126.94548,37.53267],[126.94742,37.5343],[126.94821,37.53446],[126.94902,37.5343],[126.94898,37.53485],[126.94914,37.5351],[126.9489,37.53563]]]},"properties":{"g":"11170","gn":"용산구","d":"11600","n":"청암동"},"id":"LT_C_ADEMD_INFO.846"},
{"type":"Feature","geometry":{"type":"Polygon","coordinates":[[[126.96927,37.56813],[126.9691,37.56825],[126.9667,37.56582],[126.96698,37.56551],[126.96773,37.56588],[126.96828,37.56551],[126.96945,37.56593],[126.96921,37.56624],[126.9692,37.56692],[126.96894,37.56764],[126.96927,37.56813]]]},"properties":{"g":"11140","gn":"중구","d":"17000","n":"충정로1가"},"id":"LT_C_ADEMD_INFO.879"},
{"type":"Feature","geometry":{"type":"Polygon","coordinates":[[[126.96811,37.56153],[126.96808,37.56165],[126.96683,37.56127],[126.96545,37.56029],[126.964,37.55947],[126.96331,37.55922],[126.96168,37.55903],[126.96169,37.55898],[126.96159,37.55842],[126.96208,37.55846],[126.96304,37.55803],[126.96305,37.55741],[126.96342,37.55696],[126.96474,37.55667],[126.96598,37.55731],[126.96641,37.55706],[126.96711,37.55699],[126.96765,37.55724],[126.96782,37.55704],[126.96839,37.55728],[126.96923,37.55683],[126.96928,37.5574],[126.96948,37.558],[126.96948,37.55924],[126.96953,37.5603],[126.9692,37.56055],[126.96841,37.56075],[126.96811,37.56153]]]},"properties":{"g":"11140","gn":"중구","d":"17100","n":"중림동"},"id":"LT_C_ADEMD_INFO.880"},
{"type":"Feature","geometry":{"type":"Polygon","coordinates":[[[126.98311,37.57029],[126.98296,37.56999],[126.98285,37.56897],[126.98319,37.56891],[126.98437,37.56864],[126.98647,37.56826],[126.98812,37.56814],[126.9882,37.56814],[126.98893,37.5681],[126.98858,37.56964],[126.98771,37.56959],[126.98773,37.56992],[126.98445,37.5699],[126.9838,37.56985],[126.98311,37.57029]]]},"properties":{"g":"11110","gn":"종로구","d":"13500","n":"관철동"},"id":"LT_C_ADEMD_INFO.885"},
{"type":"Feature","geometry":{"type":"Polygon","coordinates":[[[126.96997,37.56208],[126.96811,37.56153],[126.96841,37.56075],[126.9692,37.56055],[126.96953,37.5603],[126.96948,37.55924],[126.97088,37.55937],[126.97063,37.56005],[126.97016,37.56169],[126.96997,37.56208]]]},"properties":{"g":"11140","gn":"중구","d":"17200","n":"의주로2가"},"id":"LT_C_ADEMD_INFO.888"},
{"type":"Feature","geometry":{"type":"Polygon","coordinates":[[[127.03632,37.56472],[127.0363,37.56472],[127.03585,37.56476],[127.03562,37.56478],[127.03468,37.56491],[127.03192,37.56523],[127.0304,37.5654],[127.0301,37.56543],[127.03009,37.56543],[127.0301,37.56413],[127.0301,37.56412],[127.03125,37.56353],[127.0325,37.56317],[127.03353,37.56265],[127.03474,37.56176],[127.03503,37.56169],[127.03546,37.56144],[127.03555,37.56141],[127.03556,37.56141],[127.03602,37.56246],[127.03632,37.56472]]]},"properties":{"g":"11200","gn":"성동구","d":"10400","n":"도선동"},"id":"LT_C_ADEMD_INFO.895"},
{"type":"Feature","geometry":{"type":"Polygon","coordinates":[[[126.90707,37.52569],[126.90657,37.52707],[126.90645,37.52801],[126.90647,37.52879],[126.90664,37.53252],[126.90683,37.53275],[126.90575,37.532],[126.90544,37.53215],[126.90503,37.53117],[126.90491,37.53067],[126.90409,37.52888],[126.90292,37.5261],[126.90392,37.52579],[126.90643,37.52541],[126.90707,37.52569]]]},"properties":{"g":"11560","gn":"영등포구","d":"10900","n":"영등포동8가"},"id":"LT_C_ADEMD_INFO.909"},
{"type":"Feature","geometry":{"type":"Polygon","coordinates":[[[127.01666,37.59035],[127.01589,37.59087],[127.01457,37.59125],[127.01378,37.59126],[127.01274,37.59104],[127.01188,37.59059],[127.01094,37.58967],[127.01001,37.589],[127.01042,37.58836],[127.01318,37.58924],[127.01666,37.59035]]]},"properties":{"g":"11290","gn":"성북구","d":"11400","n":"삼선동4가"},"id":"LT_C_ADEMD_INFO.915"},
{"type":"Feature","geometry":{"type":"Polygon","coordinates":[[[127.01666,37.59035],[127.01318,37.58924],[127.01442,37.58674],[127.01494,37.58703],[127.01532,37.58704],[127.01635,37.58677],[127.01662,37.58698],[127.01788,37.58795],[127.01879,37.5887],[127.01666,37.59035]]]},"properties":{"g":"11290","gn":"성북구","d":"11500","n":"삼선동5가"},"id":"LT_C_ADEMD_INFO.918"},
{"type":"Feature","geometry":{"type":"Polygon","coordinates":[[[127.01695,37.59044],[127.0199,37.59137],[127.01961,37.59155],[127.01973,37.59263],[127.0195,37.59293],[127.01962,37.59396],[127.01893,37.59447],[127.01749,37.59323],[127.01648,37.59267],[127.01695,37.59044]]]},"properties":{"g":"11290","gn":"성북구","d":"11600","n":"동선동1가"},"id":"LT_C_ADEMD_INFO.955"},
{"type":"Feature","geometry":{"type":"Polygon","coordinates":[[[126.96393,37.53846],[126.96363,37.53806],[126.96354,37.53745],[126.9625,37.53736],[126.96195,37.53712],[126.96199,37.53643],[126.96053,37.53587],[126.96063,37.53578],[126.96079,37.53563],[126.96001,37.5352],[126.96028,37.53478],[126.96114,37.53417],[126.96218,37.53472],[126.9625,37.53463],[126.96491,37.53527],[126.96523,37.53566],[126.96542,37.53707],[126.96689,37.53764],[126.96557,37.53814],[126.96402,37.5385],[126.96393,37.53846]]]},"properties":{"g":"11170","gn":"용산구","d":"11300","n":"원효로2가"},"id":"LT_C_ADEMD_INFO.956"},
{"type":"Feature","geometry":{"type":"Polygon","coordinates":[[[126.95545,37.53703],[126.95491,37.53719],[126.95453,37.53695],[126.95406,37.53704],[126.95392,37.53655],[126.95337,37.53622],[126.9531,37.53523],[126.95369,37.53499],[126.95473,37.53489],[126.95522,37.53443],[126.95599,37.53454],[126.95647,37.53473],[126.95654,37.53619],[126.95602,37.53629],[126.95545,37.53703]]]},"properties":{"g":"11170","gn":"용산구","d":"11400","n":"신창동"},"id":"LT_C_ADEMD_INFO.957"},
{"type":"Feature","geometry":{"type":"Polygon","coordinates":[[[126.95406,37.53704],[126.9534,37.53758],[126.95211,37.53677],[126.95094,37.53617],[126.94991,37.53605],[126.9489,37.53563],[126.94914,37.5351],[126.94898,37.53485],[126.94902,37.5343],[126.94988,37.53401],[126.95026,37.5341],[126.95074,37.53385],[126.95126,37.53383],[126.95184,37.53416],[126.95225,37.53453],[126.95264,37.53458],[126.9531,37.53523],[126.95337,37.53622],[126.95392,37.53655],[126.95406,37.53704]]]},"properties":{"g":"11170","gn":"용산구","d":"11500","n":"산천동"},"id":"LT_C_ADEMD_INFO.958"},
{"type":"Feature","geometry":{"type":"Polygon","coordinates":[[[126.98647,37.56826],[126.98437,37.56864],[126.98319,37.56891],[126.98314,37.56786],[126.98366,37.56791],[126.98374,37.56767],[126.9831,37.56752],[126.98316,37.56695],[126.98409,37.56751],[126.98483,37.5678],[126.98615,37.56813],[126.98647,37.56826]]]},"properties":{"g":"11140","gn":"중구","d":"10700","n":"삼각동"},"id":"LT_C_ADEMD_INFO.959"},
{"type":"Feature","geometry":{"type":"Polygon","coordinates":[[[126.96063,37.53578],[126.95997,37.53596],[126.95938,37.53568],[126.95868,37.53594],[126.95831,37.53648],[126.95807,37.53655],[126.95676,37.53643],[126.95654,37.53619],[126.95647,37.53473],[126.95599,37.53454],[126.95522,37.53443],[126.95476,37.53436],[126.95457,37.53362],[126.95477,37.53331],[126.9543,37.53243],[126.95524,37.5325],[126.95578,37.53209],[126.95684,37.53283],[126.9577,37.53315],[126.95867,37.53306],[126.95966,37.53348],[126.96054,37.53343],[126.96114,37.53417],[126.96028,37.53478],[126.96001,37.5352],[126.96079,37.53563],[126.96063,37.53578]]]},"properties":{"g":"11170","gn":"용산구","d":"11700","n":"원효로3가"},"id":"LT_C_ADEMD_INFO.960"},
{"type":"Feature","geometry":{"type":"Polygon","coordinates":[[[126.95522,37.53443],[126.95473,37.53489],[126.95369,37.53499],[126.9531,37.53523],[126.95264,37.53458],[126.95225,37.53453],[126.95184,37.53416],[126.95126,37.53383],[126.95074,37.53385],[126.95026,37.5341],[126.94988,37.53401],[126.94902,37.5343],[126.94821,37.53446],[126.94742,37.5343],[126.94548,37.53267],[126.94711,37.53063],[126.95346,37.53063],[126.95441,37.53112],[126.95578,37.53209],[126.95524,37.5325],[126.9543,37.53243],[126.95477,37.53331],[126.95457,37.53362],[126.95476,37.53436],[126.95522,37.53443]]]},"properties":{"g":"11170","gn":"용산구","d":"11800","n":"원효로4가"},"id":"LT_C_ADEMD_INFO.961"},
{"type":"Feature","geometry":{"type":"MultiPolygon","coordinates":[[[[126.96291,37.54317],[126.96295,37.54259],[126.96396,37.54293],[126.96426,37.54367],[126.96313,37.54355],[126.96291,37.54317]]],[[[126.96206,37.54387],[126.96237,37.5445],[126.96226,37.54487],[126.96254,37.54584],[126.96338,37.54687],[126.96339,37.54839],[126.96334,37.54864],[126.96224,37.54862],[126.96222,37.54813],[126.9617,37.54759],[126.96108,37.54742],[126.96013,37.54638],[126.96005,37.54607],[126.95926,37.546],[126.95839,37.5455],[126.95791,37.54546],[126.95782,37.54515],[126.95811,37.54442],[126.95757,37.54422],[126.95741,37.54323],[126.95758,37.54297],[126.95835,37.54276],[126.95818,37.54231],[126.95699,37.54164],[126.95659,37.54076],[126.95664,37.54061],[126.95708,37.54035],[126.95803,37.54002],[126.95909,37.53976],[126.95964,37.53951],[126.96061,37.53945],[126.96218,37.53896],[126.96393,37.53846],[126.96402,37.5385],[126.96434,37.5388],[126.96415,37.53953],[126.9642,37.54009],[126.96477,37.54095],[126.96489,37.5415],[126.9646,37.54261],[126.96335,37.54248],[126.96217,37.54184],[126.96206,37.54387]]]]},"properties":{"g":"11170","gn":"용산구","d":"11900","n":"효창동"},"id":"LT_C_ADEMD_INFO.962"},
{"type":"Feature","geometry":{"type":"Polygon","coordinates":[[[126.95664,37.54061],[126.95573,37.53947],[126.95519,37.53919],[126.9541,37.53893],[126.95365,37.53834],[126.9534,37.53758],[126.95406,37.53704],[126.95453,37.53695],[126.95491,37.53719],[126.95545,37.53703],[126.95734,37.53886],[126.95791,37.53863],[126.95849,37.53869],[126.95852,37.53894],[126.95909,37.53976],[126.95803,37.54002],[126.95708,37.54035],[126.95664,37.54061]]]},"properties":{"g":"11170","gn":"용산구","d":"12000","n":"도원동"},"id":"LT_C_ADEMD_INFO.963"},
{"type":"Feature","geometry":{"type":"Polygon","coordinates":[[[126.97108,37.53996],[126.97089,37.54057],[126.97078,37.54026],[126.97016,37.53933],[126.96938,37.53871],[126.96827,37.5382],[126.967,37.53797],[126.96689,37.53764],[126.96778,37.53693],[126.96835,37.5362],[126.96865,37.53552],[126.96879,37.5349],[126.96872,37.53371],[126.9689,37.53368],[126.96942,37.53424],[126.97044,37.53584],[126.97068,37.53655],[126.97093,37.53754],[126.97086,37.53791],[126.97086,37.53941],[126.97108,37.53996]]]},"properties":{"g":"11170","gn":"용산구","d":"12200","n":"문배동"},"id":"LT_C_ADEMD_INFO.964"},
{"type":"Feature","geometry":{"type":"Polygon","coordinates":[[[126.95909,37.53976],[126.95852,37.53894],[126.95849,37.53869],[126.95791,37.53863],[126.95734,37.53886],[126.95545,37.53703],[126.95602,37.53629],[126.95654,37.53619],[126.95676,37.53643],[126.95807,37.53655],[126.95831,37.53648],[126.95868,37.53594],[126.95938,37.53568],[126.95997,37.53596],[126.96063,37.53578],[126.96053,37.53587],[126.96199,37.53643],[126.96195,37.53712],[126.9625,37.53736],[126.96354,37.53745],[126.96363,37.53806],[126.96393,37.53846],[126.96218,37.53896],[126.96061,37.53945],[126.95964,37.53951],[126.95909,37.53976]]]},"properties":{"g":"11170","gn":"용산구","d":"12100","n":"용문동"},"id":"LT_C_ADEMD_INFO.965"},
{"type":"Feature","geometry":{"type":"Polygon","coordinates":[[[126.98568,37.56699],[126.98568,37.56793],[126.98615,37.56813],[126.98483,37.5678],[126.98409,37.56751],[126.98316,37.56695],[126.9831,37.56672],[126.98369,37.5668],[126.98431,37.56671],[126.98444,37.56702],[126.98568,37.56699]]]},"properties":{"g":"11140","gn":"중구","d":"10800","n":"수하동"},"id":"LT_C_ADEMD_INFO.968"},
{"type":"Feature","geometry":{"type":"Polygon","coordinates":[[[126.98568,37.56699],[126.98568,37.5668],[126.98733,37.56679],[126.9884,37.56673],[126.98837,37.56733],[126.98796,37.56734],[126.988,37.56758],[126.98814,37.56786],[126.98818,37.56799],[126.98818,37.56801],[126.98819,37.56814],[126.98812,37.56814],[126.98647,37.56826],[126.98615,37.56813],[126.98568,37.56793],[126.98568,37.56699]]]},"properties":{"g":"11140","gn":"중구","d":"10900","n":"장교동"},"id":"LT_C_ADEMD_INFO.990"},
{"type":"Feature","geometry":{"type":"Polygon","coordinates":[[[126.98819,37.56814],[126.98818,37.56801],[126.98818,37.56799],[126.98814,37.56786],[126.988,37.56758],[126.98796,37.56734],[126.98837,37.56733],[126.9884,37.56673],[126.98968,37.56677],[126.99085,37.56683],[126.99087,37.56807],[126.99088,37.5682],[126.98893,37.5681],[126.9882,37.56814],[126.98819,37.56814]]]},"properties":{"g":"11140","gn":"중구","d":"11000","n":"수표동"},"id":"LT_C_ADEMD_INFO.992"}
]}