{"type":"FeatureCollection", "features": [
{"type":"Feature","geometry":{"type":"Polygon","coordinates":[[[126.99237,37.55006],[126.99296,37.54952],[126.99313,37.54908],[126.99332,37.54887],[126.99401,37.54841],[126.99446,37.54749],[126.9947,37.54737],[126.99481,37.54733],[126.99507,37.54727],[126.99515,37.54725],[126.99522,37.54723],[126.99524,37.54723],[126.99636,37.54745],[126.99648,37.54758],[126.9967,37.54782],[126.99675,37.54852],[126.99738,37.549],[126.99743,37.54916],[126.99766,37.54936],[126.99832,37.5497],[127.00014,37.54982],[127.00052,37.55002],[127.00107,37.5499],[127.00168,37.55006],[127.0022,37.54971],[127.00286,37.54964],[127.00342,37.55002],[127.00421,37.55015],[127.00434,37.55021],[127.00456,37.54985],[127.00469,37.54869],[127.00496,37.54843],[127.00613,37.54819],[127.00533,37.54735],[127.00543,37.54706],[127.00502,37.54617],[127.00726,37.54386],[127.00837,37.54403],[127.00899,37.54413],[127.00898,37.54414],[127.00897,37.54421],[127.00892,37.54448],[127.00889,37.54448],[127.00854,37.54458],[127.00826,37.54493],[127.0082,37.54498],[127.00815,37.54506],[127.00819,37.54513],[127.00863,37.54587],[127.00871,37.54602],[127.00921,37.54638],[127.0091,37.54705],[127.00968,37.54789],[127.01002,37.5479],[127.01059,37.54827],[127.01093,37.54818],[127.0116,37.54849],[127.01217,37.54942],[127.01243,37.54949],[127.01257,37.54959],[127.01293,37.54989],[127.01313,37.55005],[127.01322,37.55013],[127.01364,37.55044],[127.01598,37.55259],[127.01616,37.55261],[127.01634,37.55306],[127.01699,37.55366],[127.01686,37.55447],[127.01724,37.55497],[127.01734,37.55586],[127.01804,37.55685],[127.01865,37.55709],[127.01879,37.55722],[127.01901,37.55724],[127.01941,37.55744],[127.01964,37.55729],[127.01968,37.55726],[127.01958,37.5575],[127.0209,37.55783],[127.02192,37.55748],[127.02252,37.55778],[127.02255,37.55783],[127.02289,37.55783],[127.02292,37.55786],[127.02292,37.55833],[127.02288,37.55868],[127.02287,37.55884],[127.02285,37.55898],[127.02241,37.55904],[127.02243,37.55906],[127.02275,37.55933],[127.02279,37.55937],[127.02322,37.56],[127.02335,37.56066],[127.02395,37.56136],[127.02455,37.56188],[127.02595,37.56263],[127.02651,37.56337],[127.0268,37.5642],[127.02667,37.5645],[127.02673,37.56477],[127.02666,37.56479],[127.0267,37.56485],[127.02676,37.56493],[127.02679,37.56504],[127.02674,37.56504],[127.0264,37.56506],[127.02614,37.56507],[127.02358,37.56518],[127.02358,37.5652],[127.02358,37.56527],[127.02358,37.56558],[127.02357,37.5657],[127.02357,37.56579],[127.02356,37.56599],[127.02356,37.56624],[127.02356,37.56663],[127.02354,37.56668],[127.0235,37.56792],[127.02348,37.56898],[127.02343,37.5705],[127.02341,37.57121],[127.0234,37.57154],[127.0234,37.57175],[127.02339,37.5719],[127.02339,37.57191],[127.02337,37.57191],[127.0222,37.57202],[127.02078,37.57172],[127.01902,37.57101],[127.01733,37.57008],[127.01611,37.5698],[127.01526,37.56974],[127.01308,37.5697],[127.01213,37.56975],[127.01004,37.56977],[127.00983,37.56976],[127.00691,37.56964],[127.00535,37.56961],[127.00226,37.56962],[127.00145,37.56951],[126.99796,37.56884],[126.99635,37.56866],[126.99633,37.56865],[126.99459,37.56851],[126.9923,37.56833],[126.99088,37.5682],[126.98893,37.5681],[126.9882,37.56814],[126.98819,37.56814],[126.98812,37.56814],[126.98647,37.56826],[126.98437,37.56864],[126.98319,37.56891],[126.98285,37.56897],[126.98258,37.56902],[126.98124,37.56899],[126.97987,37.56904],[126.9779,37.56921],[126.97763,37.5693],[126.97644,37.56924],[126.97619,37.56947],[126.97566,37.56938],[126.97471,37.5692],[126.97418,37.56934],[126.9732,37.56932],[126.97259,37.56906],[126.97255,37.56847],[126.97166,37.56841],[126.97151,37.56871],[126.97104,37.56878],[126.96951,37.56816],[126.96927,37.56813],[126.9691,37.56825],[126.9667,37.56582],[126.96698,37.56551],[126.96756,37.56488],[126.96896,37.56291],[126.96946,37.56198],[126.96808,37.56165],[126.96683,37.56127],[126.96545,37.56029],[126.964,37.55947],[126.96331,37.55922],[126.96168,37.55903],[126.96169,37.55898],[126.96159,37.55842],[126.96208,37.55846],[126.96304,37.55803],[126.96305,37.55741],[126.96342,37.55696],[126.96272,37.55597],[126.96248,37.55591],[126.96178,37.55498],[126.96231,37.55277],[126.96234,37.55155],[126.96338,37.55226],[126.96463,37.55337],[126.96571,37.55415],[126.96662,37.55443],[126.96702,37.55455],[126.96919,37.55566],[126.96917,37.55488],[126.97241,37.55488],[126.97241,37.55465],[126.97334,37.55412],[126.97435,37.55355],[126.97583,37.55339],[126.97643,37.55309],[126.97646,37.55352],[126.97655,37.55522],[126.97726,37.55501],[126.97816,37.55438],[126.9788,37.55409],[126.97873,37.5532],[126.98035,37.55339],[126.98094,37.55385],[126.98202,37.55379],[126.98248,37.55348],[126.98331,37.55336],[126.98403,37.55304],[126.98462,37.55314],[126.98541,37.5537],[126.98611,37.55334],[126.9866,37.55258],[126.98705,37.55229],[126.98773,37.55145],[126.98866,37.55155],[126.98948,37.55132],[126.99024,37.55128],[126.99071,37.55112],[126.991,37.55077],[126.99166,37.55027],[126.99237,37.55006]]]},"properties":{"gn":"중구","g":"11140"}},
{"type":"Feature","geometry":{"type":"Polygon","coordinates":[[[127.02642,37.58055],[127.02954,37.58268],[127.03095,37.58425],[127.03164,37.58536],[127.0323,37.58567],[127.03207,37.58586],[127.03284,37.58632],[127.03332,37.58672],[127.03388,37.58752],[127.03554,37.58893],[127.03633,37.59014],[127.03623,37.59119],[127.03868,37.59124],[127.0388,37.59141],[127.04016,37.59457],[127.04064,37.59541],[127.04076,37.59529],[127.04107,37.59555],[127.04108,37.59556],[127.04109,37.59556],[127.0411,37.59555],[127.04112,37.59554],[127.04117,37.59549],[127.04133,37.59549],[127.04135,37.59549],[127.04139,37.59549],[127.04139,37.59551],[127.04141,37.59553],[127.04156,37.59585],[127.04184,37.59646],[127.04186,37.59645],[127.04231,37.59662],[127.04269,37.59673],[127.04303,37.59696],[127.04371,37.59626],[127.04412,37.59639],[127.04478,37.59636],[127.04551,37.59661],[127.04619,37.59619],[127.04677,37.59604],[127.0473,37.59615],[127.04731,37.59615],[127.04734,37.59618],[127.04743,37.59647],[127.04746,37.59651],[127.04781,37.59675],[127.04782,37.59676],[127.04791,37.59694],[127.04792,37.59697],[127.04795,37.59726],[127.04797,37.59727],[127.04833,37.59745],[127.04866,37.59779],[127.04883,37.59787],[127.04885,37.59788],[127.04906,37.59813],[127.04913,37.59874],[127.04975,37.59976],[127.04992,37.59981],[127.05044,37.60011],[127.05038,37.60045],[127.05037,37.60045],[127.0504,37.60058],[127.05102,37.6011],[127.0512,37.60116],[127.05128,37.60111],[127.05171,37.60075],[127.0518,37.60049],[127.05208,37.60015],[127.0521,37.60015],[127.05258,37.60026],[127.05281,37.60031],[127.05362,37.60048],[127.05382,37.60061],[127.05424,37.60065],[127.05428,37.60069],[127.05444,37.6008],[127.05481,37.60112],[127.05508,37.60134],[127.05509,37.60132],[127.05513,37.60128],[127.0554,37.60103],[127.0554,37.60102],[127.05628,37.60134],[127.05721,37.60151],[127.05745,37.6012],[127.05845,37.60109],[127.0586,37.60109],[127.05916,37.60106],[127.05918,37.60107],[127.05918,37.60108],[127.05922,37.60123],[127.05923,37.60126],[127.05931,37.60133],[127.05934,37.60135],[127.05951,37.60141],[127.05966,37.60152],[127.05999,37.60156],[127.06009,37.6016],[127.06011,37.60162],[127.06012,37.60162],[127.06016,37.60168],[127.06018,37.6017],[127.06019,37.60173],[127.06005,37.60207],[127.05992,37.60228],[127.0601,37.60305],[127.06018,37.60317],[127.06039,37.60339],[127.06043,37.60341],[127.06071,37.60353],[127.06076,37.60348],[127.06144,37.60424],[127.06149,37.60447],[127.06219,37.60513],[127.0622,37.60512],[127.06225,37.60514],[127.06231,37.60516],[127.06247,37.60518],[127.0631,37.60525],[127.06369,37.60525],[127.06498,37.60583],[127.06552,37.60548],[127.06621,37.60559],[127.06681,37.60611],[127.06789,37.60656],[127.06846,37.6066],[127.06977,37.60726],[127.07012,37.60726],[127.07026,37.60703],[127.07036,37.60704],[127.07037,37.60704],[127.07038,37.60704],[127.07039,37.60718],[127.07046,37.60722],[127.07057,37.60747],[127.07067,37.60756],[127.07069,37.60757],[127.07087,37.6076],[127.07106,37.60763],[127.0711,37.60847],[127.07118,37.60881],[127.07126,37.60992],[127.07136,37.61024],[127.07166,37.61241],[127.07173,37.61351],[127.07145,37.61418],[127.07106,37.61475],[127.07016,37.6154],[127.06966,37.61573],[127.06816,37.61545],[127.06486,37.61477],[127.06328,37.61427],[127.06327,37.61426],[127.06308,37.6143],[127.06238,37.61437],[127.06203,37.61443],[127.06176,37.61449],[127.06147,37.61463],[127.06111,37.61492],[127.06109,37.61494],[127.06098,37.6151],[127.06094,37.61515],[127.06093,37.61517],[127.06089,37.61523],[127.06088,37.61525],[127.06085,37.6153],[127.0608,37.6154],[127.06067,37.61566],[127.05949,37.6163],[127.05935,37.61637],[127.05899,37.61657],[127.05887,37.61664],[127.05886,37.61665],[127.05847,37.6169],[127.05844,37.61692],[127.05833,37.61698],[127.05808,37.61712],[127.05752,37.61742],[127.05716,37.61773],[127.05705,37.61785],[127.05621,37.61867],[127.05613,37.61874],[127.05556,37.61917],[127.05515,37.61938],[127.05508,37.61942],[127.05441,37.6198],[127.05419,37.61999],[127.0541,37.62007],[127.05407,37.6201],[127.05368,37.62052],[127.05243,37.62184],[127.05207,37.62216],[127.05211,37.62224],[127.0512,37.62305],[127.05089,37.62326],[127.05059,37.62347],[127.04974,37.62427],[127.04971,37.62425],[127.04924,37.62399],[127.04866,37.62365],[127.04853,37.62358],[127.04791,37.62322],[127.04744,37.62295],[127.04704,37.62271],[127.04656,37.62235],[127.04649,37.62229],[127.04646,37.62226],[127.0463,37.6221],[127.0461,37.62189],[127.04592,37.62166],[127.04571,37.62136],[127.0457,37.62135],[127.04559,37.62115],[127.04555,37.62107],[127.04537,37.62073],[127.04522,37.62047],[127.04505,37.62014],[127.04503,37.6201],[127.0449,37.61986],[127.04482,37.61972],[127.0446,37.61936],[127.04445,37.61919],[127.0441,37.61881],[127.04402,37.61873],[127.04367,37.61845],[127.04359,37.61839],[127.04353,37.61835],[127.04335,37.61822],[127.04321,37.61812],[127.04258,37.61767],[127.04242,37.61756],[127.0424,37.61754],[127.04234,37.6175],[127.04212,37.61735],[127.04144,37.61688],[127.04139,37.61684],[127.04138,37.61684],[127.04135,37.61681],[127.04117,37.61669],[127.04085,37.61645],[127.04063,37.61625],[127.04041,37.61611],[127.04003,37.61618],[127.04,37.61572],[127.03999,37.61569],[127.0397,37.61522],[127.03959,37.61511],[127.03859,37.61421],[127.0383,37.61409],[127.03815,37.61394],[127.03809,37.61392],[127.03785,37.61363],[127.03778,37.61347],[127.0375,37.61295],[127.03743,37.6129],[127.03736,37.61284],[127.03732,37.61281],[127.03731,37.6128],[127.0373,37.61279],[127.03728,37.61278],[127.03727,37.61277],[127.03708,37.61264],[127.03677,37.61242],[127.03641,37.61238],[127.03618,37.61236],[127.0361,37.61234],[127.03609,37.61234],[127.03611,37.61243],[127.03599,37.61223],[127.03596,37.61218],[127.03583,37.61202],[127.03529,37.61174],[127.03352,37.61078],[127.03297,37.61049],[127.03277,37.61033],[127.03196,37.60989],[127.03176,37.6098],[127.03165,37.60975],[127.03139,37.6096],[127.03025,37.60898],[127.03029,37.61],[127.0303,37.61019],[127.0303,37.6103],[127.03031,37.61039],[127.03031,37.61059],[127.03032,37.61064],[127.03032,37.6107],[127.03034,37.61125],[127.03034,37.61127],[127.03032,37.61148],[127.03018,37.61236],[127.02997,37.61237],[127.02969,37.61237],[127.02955,37.61238],[127.02952,37.61237],[127.02941,37.61238],[127.02928,37.61239],[127.02868,37.61245],[127.02837,37.61253],[127.02826,37.61255],[127.02803,37.61256],[127.028,37.61256],[127.02771,37.61261],[127.02754,37.61256],[127.02733,37.61256],[127.0272,37.61257],[127.02715,37.61259],[127.02684,37.61268],[127.02669,37.6127],[127.02652,37.61269],[127.02643,37.61269],[127.02642,37.61269],[127.02616,37.61248],[127.02616,37.61247],[127.02608,37.61231],[127.026,37.61223],[127.02574,37.61214],[127.02519,37.61201],[127.02501,37.61203],[127.02456,37.61214],[127.02448,37.61208],[127.02441,37.61207],[127.0241,37.61201],[127.02407,37.612],[127.02392,37.61196],[127.02387,37.61194],[127.02344,37.61173],[127.02275,37.61152],[127.0227,37.61149],[127.02258,37.6114],[127.02242,37.61144],[127.02227,37.6114],[127.02214,37.61138],[127.02206,37.61172],[127.02191,37.61233],[127.02068,37.61251],[127.02067,37.61251],[127.02066,37.61252],[127.02043,37.61259],[127.02034,37.61286],[127.01969,37.61326],[127.01918,37.61381],[127.01913,37.61382],[127.01881,37.61378],[127.01855,37.61386],[127.01854,37.61386],[127.01814,37.614],[127.01782,37.61437],[127.01782,37.61439],[127.01778,37.61443],[127.01756,37.61462],[127.0175,37.61464],[127.01732,37.61468],[127.01712,37.61478],[127.01691,37.61482],[127.0168,37.61487],[127.01653,37.61494],[127.01646,37.61488],[127.01525,37.61467],[127.01449,37.61468],[127.01448,37.61468],[127.01445,37.61468],[127.01435,37.61476],[127.01419,37.61498],[127.0134,37.61554],[127.01269,37.61575],[127.01245,37.61585],[127.01181,37.61632],[127.01103,37.61631],[127.01094,37.61629],[127.01069,37.61646],[127.01025,37.61678],[127.01014,37.6168],[127.0101,37.61685],[127.01005,37.61766],[127.00954,37.61821],[127.00907,37.61829],[127.00887,37.61841],[127.00849,37.6189],[127.00848,37.61897],[127.0083,37.6192],[127.00804,37.61939],[127.00795,37.61941],[127.00775,37.61963],[127.00786,37.61986],[127.0076,37.62001],[127.00757,37.62004],[127.00742,37.62023],[127.00721,37.62051],[127.00732,37.62069],[127.00725,37.62079],[127.00721,37.62083],[127.00724,37.62095],[127.00741,37.62139],[127.00758,37.6215],[127.00749,37.62165],[127.00744,37.62176],[127.00758,37.62252],[127.00754,37.62266],[127.00755,37.62269],[127.00779,37.62294],[127.00774,37.62335],[127.00775,37.62337],[127.00789,37.6237],[127.00787,37.62401],[127.00733,37.62413],[127.00571,37.62398],[127.00518,37.624],[127.0049,37.62382],[127.00488,37.62382],[127.00456,37.62408],[127.00389,37.62423],[127.00352,37.62493],[127.00298,37.62527],[127.00213,37.62543],[127.00176,37.62564],[127.0007,37.6257],[126.99927,37.62619],[126.99849,37.62708],[126.99789,37.62754],[126.99756,37.62806],[126.99678,37.62866],[126.9965,37.62909],[126.99604,37.62935],[126.99539,37.63025],[126.99424,37.63086],[126.99369,37.63147],[126.99184,37.63228],[126.99137,37.63261],[126.98993,37.6328],[126.98985,37.63345],[126.9894,37.63404],[126.98874,37.63394],[126.98818,37.63449],[126.98743,37.63496],[126.98633,37.63548],[126.98592,37.63579],[126.98371,37.63646],[126.98261,37.63582],[126.98216,37.63528],[126.98142,37.63483],[126.98061,37.63482],[126.97965,37.63421],[126.9792,37.63408],[126.9778,37.63391],[126.97733,37.63358],[126.97701,37.63297],[126.97622,37.63223],[126.97537,37.6317],[126.97507,37.63118],[126.97467,37.62981],[126.97496,37.629],[126.97842,37.62929],[126.97953,37.62889],[126.97993,37.62856],[126.98019,37.62793],[126.97987,37.62745],[126.9796,37.62638],[126.98091,37.62539],[126.98183,37.62432],[126.98365,37.62115],[126.98317,37.6202],[126.98316,37.61925],[126.98372,37.61777],[126.9844,37.61687],[126.98454,37.616],[126.98516,37.6155],[126.98541,37.61514],[126.98658,37.61398],[126.98614,37.61322],[126.98618,37.61298],[126.98565,37.61138],[126.98579,37.6109],[126.98587,37.60946],[126.98683,37.60887],[126.9867,37.60828],[126.98611,37.60739],[126.98637,37.60686],[126.98631,37.60651],[126.98676,37.60609],[126.98667,37.60507],[126.98679,37.60451],[126.98667,37.60402],[126.98576,37.60345],[126.98474,37.60337],[126.98434,37.60312],[126.98398,37.60321],[126.98285,37.60214],[126.98257,37.60226],[126.98013,37.60146],[126.97921,37.60104],[126.9785,37.601],[126.97794,37.60031],[126.97768,37.60023],[126.97721,37.59864],[126.97672,37.59791],[126.9769,37.59772],[126.97795,37.59768],[126.97857,37.59725],[126.97857,37.59679],[126.97911,37.59639],[126.97979,37.59622],[126.98026,37.59595],[126.98091,37.59584],[126.98156,37.59532],[126.98248,37.5952],[126.98292,37.59478],[126.98347,37.59468],[126.98384,37.59444],[126.98432,37.59438],[126.98515,37.5945],[126.98578,37.59425],[126.98612,37.59378],[126.98627,37.59328],[126.9867,37.59275],[126.98717,37.59272],[126.98775,37.59226],[126.98852,37.59194],[126.98908,37.59141],[126.98936,37.59128],[126.98987,37.59147],[126.99097,37.59153],[126.99164,37.59147],[126.99186,37.59186],[126.99247,37.59198],[126.99356,37.59173],[126.99385,37.59144],[126.99446,37.59153],[126.99536,37.59228],[126.99641,37.5921],[126.99744,37.59222],[126.99806,37.59239],[126.99873,37.59247],[126.99945,37.59223],[127.00095,37.5923],[127.00144,37.59183],[127.00173,37.59135],[127.00178,37.59102],[127.00146,37.59055],[127.00147,37.59015],[127.00182,37.58991],[127.00222,37.58917],[127.00282,37.58877],[127.00328,37.58866],[127.00347,37.58842],[127.00408,37.58773],[127.00425,37.58718],[127.00512,37.58699],[127.00587,37.58697],[127.00663,37.58613],[127.00655,37.58554],[127.0069,37.58528],[127.00689,37.5847],[127.00726,37.58312],[127.00675,37.58234],[127.00702,37.58201],[127.0078,37.58151],[127.00833,37.58106],[127.00864,37.58047],[127.01059,37.58025],[127.01097,37.58083],[127.01179,37.58157],[127.01285,37.58136],[127.01408,37.5818],[127.01422,37.58208],[127.01473,37.5823],[127.01483,37.58233],[127.01561,37.58178],[127.01636,37.58194],[127.0167,37.58168],[127.01687,37.58088],[127.01728,37.58055],[127.01757,37.57974],[127.01797,37.57952],[127.01828,37.57903],[127.01815,37.57862],[127.01769,37.57811],[127.01811,37.57758],[127.01877,37.57752],[127.01937,37.57808],[127.02126,37.57882],[127.02179,37.57887],[127.02276,37.57833],[127.02253,37.57808],[127.02288,37.57783],[127.02314,37.57802],[127.0233,37.57843],[127.02441,37.57919],[127.02443,37.57919],[127.02642,37.58055]],[[127.01982,37.58424],[127.01968,37.58479],[127.01995,37.58429],[127.01999,37.5842],[127.01982,37.58424]],[[127.04353,37.61104],[127.04371,37.61086],[127.04353,37.61094],[127.04353,37.61104]],[[127.05138,37.60791],[127.05131,37.60784],[127.05124,37.6078],[127.05138,37.60791]]]},"properties":{"gn":"성북구","g":"11290"}},
{"type":"Feature","geometry":{"type":"Polygon","coordinates":[[[126.99894,37.51832],[127.00079,37.5195],[127.00319,37.52116],[127.00648,37.52346],[127.00765,37.52466],[127.0048,37.52636],[127.00443,37.52666],[127.0042,37.52723],[127.00434,37.52776],[127.00359,37.52762],[127.0028,37.52816],[127.00316,37.52881],[127.00382,37.52935],[127.00335,37.53031],[127.00084,37.53169],[127.00017,37.53195],[126.99806,37.5326],[126.99787,37.5326],[126.99783,37.5326],[126.99782,37.5326],[126.99806,37.5326],[127.00017,37.53195],[127.00084,37.53169],[127.00335,37.53031],[127.00382,37.52935],[127.00316,37.52881],[127.0028,37.52816],[127.00359,37.52762],[127.00434,37.52776],[127.0042,37.52723],[127.00443,37.52666],[127.0048,37.52636],[127.00765,37.52466],[127.0077,37.5247],[127.00781,37.52482],[127.00801,37.52502],[127.00848,37.5255],[127.00858,37.5256],[127.00859,37.5256],[127.00875,37.52577],[127.0089,37.52591],[127.00897,37.52599],[127.01,37.52704],[127.01142,37.52862],[127.01229,37.52954],[127.0124,37.52964],[127.01245,37.52968],[127.0126,37.52981],[127.01334,37.53055],[127.01403,37.53121],[127.01442,37.53157],[127.0148,37.53193],[127.01502,37.53213],[127.01507,37.53216],[127.01555,37.53243],[127.01629,37.53305],[127.01684,37.53349],[127.01691,37.53355],[127.01718,37.53378],[127.01744,37.53399],[127.01753,37.53765],[127.01729,37.53774],[127.01645,37.5379],[127.01567,37.53827],[127.01523,37.53833],[127.0151,37.53828],[127.01503,37.53827],[127.01501,37.53831],[127.01502,37.53845],[127.015,37.53854],[127.01492,37.53866],[127.01479,37.5388],[127.01409,37.53881],[127.01387,37.53907],[127.01322,37.53888],[127.01261,37.53934],[127.01148,37.53901],[127.01072,37.53928],[127.00995,37.53939],[127.00992,37.5394],[127.00983,37.53945],[127.00976,37.53962],[127.00941,37.54003],[127.00929,37.54043],[127.00925,37.54057],[127.00928,37.54105],[127.00921,37.54127],[127.00921,37.54128],[127.00899,37.5416],[127.00876,37.542],[127.00878,37.54211],[127.00897,37.5423],[127.00903,37.54273],[127.00902,37.54378],[127.00903,37.54398],[127.009,37.54414],[127.00899,37.54413],[127.00837,37.54403],[127.00726,37.54386],[127.00502,37.54617],[127.00543,37.54706],[127.00533,37.54735],[127.00613,37.54819],[127.00496,37.54843],[127.00469,37.54869],[127.00456,37.54985],[127.00434,37.55021],[127.00421,37.55015],[127.00342,37.55002],[127.00286,37.54964],[127.0022,37.54971],[127.00168,37.55006],[127.00107,37.5499],[127.00052,37.55002],[127.00014,37.54982],[126.99832,37.5497],[126.99766,37.54936],[126.99743,37.54916],[126.99738,37.549],[126.99675,37.54852],[126.99675,37.54824],[126.9967,37.54782],[126.99648,37.54758],[126.99636,37.54745],[126.99524,37.54723],[126.99522,37.54723],[126.99515,37.54725],[126.99507,37.54727],[126.99481,37.54733],[126.9947,37.54737],[126.99446,37.54749],[126.99401,37.54841],[126.99332,37.54887],[126.99332,37.54886],[126.99332,37.54887],[126.99313,37.54908],[126.99296,37.54952],[126.99237,37.55006],[126.99166,37.55027],[126.991,37.55077],[126.99071,37.55112],[126.99024,37.55128],[126.98948,37.55132],[126.98866,37.55155],[126.98773,37.55145],[126.98705,37.55229],[126.9866,37.55258],[126.98611,37.55334],[126.98541,37.5537],[126.98462,37.55314],[126.98403,37.55304],[126.98331,37.55336],[126.98248,37.55348],[126.98202,37.55379],[126.98094,37.55385],[126.98035,37.55339],[126.97873,37.5532],[126.9788,37.55409],[126.97816,37.55438],[126.97726,37.55501],[126.97655,37.55522],[126.97646,37.55352],[126.97643,37.55309],[126.97583,37.55339],[126.97435,37.55355],[126.97334,37.55412],[126.97241,37.55465],[126.97241,37.55488],[126.96917,37.55488],[126.96919,37.55566],[126.96702,37.55455],[126.96662,37.55443],[126.96571,37.55415],[126.96463,37.55337],[126.96338,37.55226],[126.96234,37.55155],[126.96235,37.55151],[126.96305,37.55083],[126.96355,37.54995],[126.9639,37.54976],[126.96371,37.54925],[126.96373,37.54879],[126.96344,37.54867],[126.96334,37.54864],[126.96224,37.54862],[126.96222,37.54813],[126.9617,37.54759],[126.96108,37.54742],[126.96013,37.54638],[126.96005,37.54607],[126.95926,37.546],[126.95839,37.5455],[126.95791,37.54546],[126.95782,37.54515],[126.95811,37.54442],[126.95757,37.54422],[126.95741,37.54323],[126.95758,37.54297],[126.95835,37.54276],[126.95818,37.54231],[126.95699,37.54164],[126.95659,37.54076],[126.95664,37.54061],[126.95573,37.53947],[126.95519,37.53919],[126.9541,37.53893],[126.95365,37.53834],[126.9534,37.53758],[126.95211,37.53677],[126.95094,37.53617],[126.94991,37.53605],[126.9489,37.53563],[126.94785,37.53562],[126.94739,37.53538],[126.94643,37.53572],[126.94591,37.53549],[126.9451,37.53496],[126.94482,37.53452],[126.94493,37.53423],[126.94459,37.53378],[126.94548,37.53267],[126.94711,37.53063],[126.94741,37.53017],[126.94988,37.52703],[126.94989,37.51751],[126.95021,37.51742],[126.95344,37.5164],[126.95471,37.51603],[126.95555,37.51571],[126.95981,37.51396],[126.96119,37.51346],[126.96188,37.5131],[126.96258,37.51262],[126.96497,37.51082],[126.967,37.50985],[126.97012,37.50901],[126.97406,37.50748],[126.97525,37.50702],[126.97817,37.50656],[126.9804,37.50654],[126.98241,37.50654],[126.98554,37.50655],[126.98749,37.50906],[126.99068,37.5131],[126.99742,37.51736],[126.99752,37.51742],[126.99894,37.51832]],[[126.9915,37.52973],[126.98965,37.5323],[126.9882,37.53425],[126.9873,37.53459],[126.98718,37.53483],[126.98707,37.5362],[126.98667,37.53799],[126.98687,37.53824],[126.98682,37.53865],[126.98758,37.54086],[126.98843,37.54317],[126.98894,37.5437],[126.98895,37.5437],[126.98894,37.5437],[126.98843,37.54317],[126.98758,37.54086],[126.98682,37.53865],[126.98687,37.53824],[126.98667,37.53799],[126.98707,37.5362],[126.98718,37.53483],[126.9873,37.53459],[126.9882,37.53425],[126.98965,37.5323],[126.99203,37.52902],[126.99307,37.52925],[126.99317,37.52892],[126.99385,37.52913],[126.99484,37.52884],[126.99506,37.5289],[126.9952,37.52896],[126.9954,37.52904],[126.99553,37.5291],[126.99573,37.52919],[126.9954,37.52904],[126.9952,37.52896],[126.99506,37.5289],[126.99484,37.52884],[126.99385,37.52913],[126.99317,37.52892],[126.99307,37.52925],[126.99203,37.52902],[126.9915,37.52973]],[[126.99286,37.54856],[126.9928,37.54851],[126.99156,37.54789],[126.99093,37.54716],[126.99028,37.54656],[126.98987,37.54505],[126.98949,37.54405],[126.98952,37.54414],[126.98963,37.5445],[126.98968,37.54468],[126.9898,37.54505],[126.98987,37.54505],[126.99028,37.54656],[126.99093,37.54716],[126.99156,37.54789],[126.9928,37.54851],[126.99286,37.54856]]]},"properties":{"gn":"용산구","g":"11170"}},
{"type":"Feature","geometry":{"type":"Polygon","coordinates":[[[126.90219,37.54413],[126.90183,37.54502],[126.89894,37.54801],[126.89573,37.54904],[126.89468,37.54939],[126.89194,37.55058],[126.88812,37.55229],[126.88682,37.55309],[126.88439,37.55429],[126.88046,37.55627],[126.87924,37.55475],[126.87922,37.55315],[126.87824,37.55358],[126.87795,37.55345],[126.87805,37.5517],[126.87921,37.55031],[126.87985,37.54936],[126.88036,37.54845],[126.88068,37.54818],[126.88074,37.54813],[126.88079,37.54809],[126.88081,37.54808],[126.88088,37.548],[126.88097,37.54792],[126.88102,37.54787],[126.88125,37.54765],[126.8817,37.54714],[126.88176,37.54708],[126.88188,37.54696],[126.88195,37.5469],[126.88197,37.54688],[126.88198,37.54687],[126.882,37.54685],[126.88202,37.54683],[126.88207,37.54678],[126.88208,37.54677],[126.88209,37.54677],[126.88211,37.54674],[126.88212,37.54673],[126.88213,37.54672],[126.88275,37.54575],[126.88409,37.54464],[126.88422,37.5444],[126.88425,37.54357],[126.88443,37.54338],[126.88509,37.54331],[126.88509,37.5433],[126.88513,37.54317],[126.88529,37.54274],[126.88535,37.54256],[126.88543,37.54233],[126.88544,37.54231],[126.88551,37.54158],[126.88572,37.54106],[126.88579,37.5409],[126.88592,37.54061],[126.88595,37.54054],[126.88623,37.53994],[126.88685,37.53883],[126.88704,37.53868],[126.88708,37.53863],[126.88711,37.53859],[126.88748,37.53794],[126.88767,37.53757],[126.88768,37.53754],[126.88808,37.53697],[126.88826,37.53671],[126.88835,37.5366],[126.88859,37.53631],[126.88868,37.53624],[126.8887,37.53622],[126.88882,37.53613],[126.88943,37.53554],[126.88992,37.53486],[126.89,37.53471],[126.89008,37.53451],[126.89013,37.53438],[126.89004,37.53371],[126.88983,37.53343],[126.88955,37.53325],[126.88946,37.53321],[126.88936,37.53316],[126.88935,37.53316],[126.88922,37.5331],[126.88875,37.53285],[126.88874,37.53284],[126.88869,37.53281],[126.88866,37.53276],[126.88863,37.53273],[126.88862,37.53271],[126.8886,37.53269],[126.88856,37.53264],[126.88853,37.53256],[126.88853,37.53255],[126.88854,37.53239],[126.88854,37.53232],[126.88855,37.53228],[126.88863,37.53212],[126.88868,37.53209],[126.88874,37.53205],[126.88883,37.53198],[126.88895,37.53193],[126.88903,37.53192],[126.88909,37.53191],[126.88955,37.53191],[126.88966,37.53191],[126.89029,37.53187],[126.89036,37.53184],[126.89048,37.53178],[126.89058,37.53172],[126.89068,37.53166],[126.89048,37.53141],[126.89047,37.5314],[126.89047,37.53139],[126.89036,37.53124],[126.89015,37.53094],[126.88965,37.53024],[126.88954,37.53],[126.88894,37.53033],[126.88846,37.53041],[126.88769,37.53037],[126.88718,37.53019],[126.88703,37.5301],[126.8869,37.53002],[126.88676,37.52992],[126.88656,37.52978],[126.88648,37.52973],[126.88637,37.52966],[126.88632,37.52963],[126.88624,37.52958],[126.8862,37.52956],[126.8862,37.52955],[126.88617,37.52953],[126.886,37.52945],[126.88594,37.52942],[126.88522,37.52918],[126.88504,37.5291],[126.88452,37.52884],[126.88432,37.52876],[126.88418,37.52867],[126.88402,37.52854],[126.88391,37.52839],[126.88389,37.52804],[126.88388,37.52791],[126.88388,37.52788],[126.88385,37.5278],[126.88375,37.52759],[126.88375,37.52758],[126.88373,37.52756],[126.88362,37.52745],[126.88351,37.52737],[126.88345,37.52734],[126.88343,37.52733],[126.88328,37.52727],[126.88322,37.52725],[126.88313,37.52723],[126.88312,37.52723],[126.88311,37.52723],[126.88294,37.52723],[126.88291,37.52723],[126.88273,37.52725],[126.88265,37.52729],[126.88258,37.52732],[126.88256,37.52733],[126.88191,37.52763],[126.88177,37.52767],[126.88176,37.52767],[126.88169,37.52769],[126.88135,37.52778],[126.88118,37.52779],[126.88111,37.52777],[126.88101,37.52775],[126.88096,37.52773],[126.88091,37.52771],[126.8808,37.52765],[126.88067,37.52755],[126.88064,37.52749],[126.8806,37.52742],[126.8806,37.5274],[126.88061,37.52732],[126.88063,37.52724],[126.88068,37.52711],[126.88095,37.52683],[126.88117,37.52654],[126.88117,37.52652],[126.88118,37.52635],[126.88112,37.52613],[126.88094,37.52591],[126.88081,37.52584],[126.88071,37.52578],[126.88058,37.52575],[126.88047,37.52574],[126.88032,37.52574],[126.88024,37.52574],[126.88019,37.52574],[126.88018,37.52574],[126.88014,37.52574],[126.88012,37.52574],[126.87993,37.52574],[126.87941,37.52574],[126.87928,37.52572],[126.87924,37.5257],[126.87922,37.52569],[126.87919,37.52568],[126.87915,37.52566],[126.87905,37.5256],[126.87875,37.52535],[126.87873,37.52531],[126.87869,37.52523],[126.87861,37.52507],[126.87861,37.52505],[126.87861,37.52472],[126.87861,37.52471],[126.87861,37.52468],[126.87886,37.52409],[126.87892,37.52368],[126.87889,37.52325],[126.87889,37.5232],[126.87889,37.52315],[126.8789,37.52305],[126.87892,37.52292],[126.87893,37.52289],[126.87894,37.52288],[126.87897,37.52278],[126.87903,37.52261],[126.87905,37.52256],[126.87906,37.52254],[126.87906,37.52253],[126.87905,37.52252],[126.879,37.52246],[126.87915,37.52216],[126.87941,37.52083],[126.87944,37.5206],[126.8794,37.52036],[126.8791,37.52002],[126.87857,37.51971],[126.87832,37.51943],[126.8782,37.51875],[126.87842,37.51825],[126.8788,37.51791],[126.87948,37.51778],[126.88173,37.51642],[126.88202,37.5161],[126.88271,37.51577],[126.88271,37.51514],[126.88409,37.51439],[126.8846,37.51371],[126.88568,37.51358],[126.88634,37.51336],[126.8875,37.51319],[126.88784,37.51301],[126.88836,37.51234],[126.88879,37.51224],[126.88971,37.51223],[126.88981,37.51172],[126.89064,37.51089],[126.89105,37.51037],[126.8917,37.51031],[126.89202,37.50983],[126.89233,37.5091],[126.89228,37.50906],[126.89297,37.5074],[126.89301,37.50694],[126.89324,37.50673],[126.89397,37.50501],[126.89378,37.50473],[126.89323,37.50463],[126.8933,37.50405],[126.89269,37.50331],[126.89313,37.50268],[126.89273,37.50207],[126.89293,37.50157],[126.89276,37.50083],[126.89293,37.50036],[126.89362,37.49959],[126.89404,37.49816],[126.8946,37.49516],[126.8957,37.49085],[126.89601,37.49021],[126.89612,37.48934],[126.89814,37.48695],[126.90012,37.48592],[126.90171,37.48523],[126.9032,37.485],[126.90664,37.48921],[126.90678,37.48919],[126.90752,37.49001],[126.90841,37.49134],[126.90954,37.49266],[126.91084,37.49429],[126.91181,37.49588],[126.91213,37.49618],[126.9129,37.49642],[126.91486,37.49661],[126.91941,37.4976],[126.91982,37.4978],[126.92025,37.49851],[126.92035,37.50004],[126.92099,37.50167],[126.92539,37.51252],[126.92679,37.5128],[126.92696,37.51322],[126.92698,37.51401],[126.9267,37.51427],[126.92686,37.51554],[126.929,37.51542],[126.93239,37.51558],[126.93414,37.51591],[126.93928,37.51608],[126.94241,37.51654],[126.94956,37.51762],[126.94989,37.51751],[126.94988,37.52703],[126.94741,37.53017],[126.94711,37.53063],[126.94548,37.53267],[126.94459,37.53378],[126.94422,37.53424],[126.94035,37.5367],[126.93856,37.53784],[126.9372,37.53847],[126.93534,37.53935],[126.9329,37.54052],[126.93185,37.54087],[126.93033,37.54136],[126.92765,37.53907],[126.9271,37.53904],[126.92586,37.53946],[126.92482,37.53974],[126.92308,37.54045],[126.92283,37.54062],[126.92242,37.54143],[126.9218,37.54143],[126.91714,37.54143],[126.90483,37.54142],[126.90378,37.54255],[126.90219,37.54413]]]},"properties":{"gn":"영등포구","g":"11560"}},
{"type":"Feature","geometry":{"type":"MultiPolygon","coordinates":[[[[127.03029,37.56981],[127.02878,37.57014],[127.02802,37.57033],[127.02768,37.57041],[127.02728,37.57091],[127.02616,37.57125],[127.02574,37.57091],[127.02521,37.57085],[127.02459,37.57105],[127.02417,37.57144],[127.02344,37.5719],[127.02343,37.5719],[127.0234,37.57191],[127.02339,37.57191],[127.02339,37.5719],[127.0234,37.57175],[127.0234,37.57154],[127.02341,37.57121],[127.02343,37.5705],[127.02348,37.56898],[127.0235,37.56792],[127.02354,37.56668],[127.02356,37.56663],[127.02356,37.56624],[127.02356,37.56599],[127.02357,37.56579],[127.02357,37.5657],[127.02358,37.56558],[127.02358,37.56527],[127.02358,37.5652],[127.02358,37.56518],[127.02539,37.5651],[127.02614,37.56507],[127.02679,37.56504],[127.02676,37.56493],[127.0267,37.56485],[127.02666,37.56479],[127.02673,37.56477],[127.02667,37.5645],[127.0268,37.5642],[127.02651,37.56337],[127.02595,37.56263],[127.02455,37.56188],[127.02395,37.56136],[127.02335,37.56066],[127.02322,37.56],[127.02279,37.55937],[127.02275,37.55933],[127.02243,37.55906],[127.02241,37.55904],[127.02285,37.55898],[127.02287,37.55884],[127.02288,37.55868],[127.02292,37.55833],[127.02292,37.55786],[127.02289,37.55783],[127.02255,37.55783],[127.02252,37.55778],[127.02192,37.55748],[127.0209,37.55783],[127.01958,37.5575],[127.01968,37.55726],[127.01964,37.55729],[127.01941,37.55744],[127.01901,37.55724],[127.01879,37.55722],[127.01865,37.55709],[127.01804,37.55685],[127.01734,37.55586],[127.01724,37.55497],[127.01686,37.55447],[127.01699,37.55366],[127.01634,37.55306],[127.01616,37.55261],[127.01598,37.55259],[127.01364,37.55044],[127.01322,37.55013],[127.01313,37.55005],[127.01293,37.54989],[127.01257,37.54959],[127.01243,37.54949],[127.01217,37.54942],[127.0116,37.54849],[127.01093,37.54818],[127.01059,37.54827],[127.01002,37.5479],[127.00968,37.54789],[127.0091,37.54705],[127.00921,37.54638],[127.00871,37.54602],[127.00863,37.54587],[127.00819,37.54513],[127.00815,37.54506],[127.0082,37.54498],[127.00826,37.54493],[127.00854,37.54458],[127.00892,37.54448],[127.00897,37.54421],[127.00898,37.54414],[127.00899,37.54414],[127.009,37.54414],[127.00903,37.54398],[127.00902,37.54378],[127.00903,37.54273],[127.00897,37.5423],[127.00878,37.54211],[127.00876,37.542],[127.00899,37.5416],[127.00921,37.54128],[127.00921,37.54127],[127.00928,37.54105],[127.00925,37.54057],[127.00929,37.54043],[127.00941,37.54003],[127.00976,37.53962],[127.00983,37.53945],[127.00992,37.5394],[127.00995,37.53939],[127.01072,37.53928],[127.01148,37.53901],[127.01261,37.53934],[127.01322,37.53888],[127.01387,37.53907],[127.01409,37.53881],[127.01479,37.5388],[127.01492,37.53866],[127.015,37.53854],[127.01502,37.53845],[127.01501,37.53831],[127.01501,37.5383],[127.01503,37.53827],[127.0151,37.53828],[127.01523,37.53833],[127.01567,37.53827],[127.01645,37.5379],[127.01729,37.53774],[127.01753,37.53765],[127.01744,37.53399],[127.01775,37.53425],[127.02118,37.53582],[127.02464,37.53582],[127.03017,37.53584],[127.03581,37.53584],[127.03968,37.53584],[127.04019,37.53577],[127.04601,37.53426],[127.04605,37.53424],[127.04639,37.53403],[127.04652,37.53394],[127.04816,37.53299],[127.04893,37.53254],[127.04949,37.53222],[127.05208,37.53062],[127.05513,37.52867],[127.05622,37.52832],[127.05821,37.53193],[127.06397,37.54214],[127.06746,37.54833],[127.06744,37.54833],[127.06745,37.54834],[127.06747,37.54833],[127.0689,37.55086],[127.07373,37.55941],[127.07238,37.55996],[127.07226,37.56001],[127.072,37.5601],[127.07196,37.56012],[127.07105,37.56047],[127.07086,37.56058],[127.05876,37.56231],[127.05659,37.56394],[127.05632,37.56417],[127.05472,37.56533],[127.04795,37.57038],[127.04256,37.5727],[127.04252,37.57272],[127.04246,37.57274],[127.04192,37.57296],[127.0419,37.57297],[127.03818,37.57302],[127.03816,37.57284],[127.03813,37.57227],[127.03814,37.57227],[127.03823,37.57227],[127.03814,37.57227],[127.03813,37.57227],[127.03744,37.57226],[127.03705,37.57226],[127.03564,37.572],[127.03418,37.57139],[127.03306,37.57051],[127.03257,37.57024],[127.03236,37.57016],[127.03235,37.57015],[127.03217,37.57009],[127.03202,37.57003],[127.03157,37.56986],[127.03127,37.5698],[127.03029,37.56981]],[[127.03841,37.57227],[127.0386,37.57227],[127.03876,37.57227],[127.03944,37.57219],[127.04041,37.57207],[127.042,37.57167],[127.04416,37.57072],[127.04556,37.56995],[127.0462,37.56932],[127.04855,37.56488],[127.04933,37.56372],[127.05101,37.56285],[127.05123,37.56244],[127.05118,37.56199],[127.05051,37.56137],[127.0501,37.56086],[127.0504,37.56021],[127.05148,37.55969],[127.05178,37.55916],[127.05165,37.55874],[127.05128,37.55852],[127.05155,37.55806],[127.05196,37.55793],[127.05202,37.55746],[127.05145,37.55696],[127.05153,37.55648],[127.05149,37.5557],[127.0506,37.55488],[127.05024,37.55428],[127.05,37.55356],[127.04901,37.55255],[127.04983,37.55203],[127.05055,37.55184],[127.0506,37.55176],[127.05171,37.55135],[127.05267,37.5509],[127.05289,37.55065],[127.05367,37.55047],[127.05665,37.54925],[127.05868,37.54865],[127.05972,37.54841],[127.06132,37.54819],[127.0618,37.54815],[127.06234,37.54812],[127.06263,37.5481],[127.06234,37.54812],[127.0618,37.54815],[127.06132,37.54819],[127.05972,37.54841],[127.05868,37.54865],[127.05665,37.54925],[127.05367,37.55047],[127.05289,37.55065],[127.05267,37.5509],[127.05171,37.55135],[127.04983,37.55203],[127.04901,37.55255],[127.05,37.55356],[127.05024,37.55428],[127.0506,37.55488],[127.05149,37.5557],[127.05153,37.55648],[127.05144,37.55696],[127.05202,37.55746],[127.05196,37.55793],[127.05155,37.55806],[127.05128,37.55852],[127.05165,37.55874],[127.05178,37.55916],[127.05148,37.55969],[127.0504,37.56021],[127.0501,37.56086],[127.05051,37.56137],[127.05118,37.56199],[127.05123,37.56244],[127.05101,37.56285],[127.04933,37.56372],[127.04929,37.56355],[127.04855,37.56488],[127.0462,37.56932],[127.04556,37.56995],[127.04416,37.57072],[127.042,37.57167],[127.04041,37.57207],[127.03944,37.57219],[127.03876,37.57227],[127.0386,37.57227],[127.03841,37.57227]],[[127.04182,37.56223],[127.04162,37.56186],[127.0418,37.56225],[127.04182,37.56223]],[[127.04636,37.55349],[127.046,37.55354],[127.04591,37.55369],[127.04636,37.55349]],[[127.02462,37.55773],[127.02459,37.55775],[127.02461,37.55774],[127.02462,37.55773]],[[127.03167,37.54626],[127.03153,37.54625],[127.03123,37.5468],[127.03167,37.54626]],[[127.02953,37.54874],[127.02928,37.54889],[127.02852,37.54864],[127.0293,37.54894],[127.02953,37.54874]],[[127.02567,37.54817],[127.02553,37.54817],[127.02561,37.54818],[127.02567,37.54817]]],[[[127.03009,37.56543],[127.0301,37.56413],[127.0301,37.56412],[127.03125,37.56353],[127.0325,37.56317],[127.03353,37.56265],[127.03474,37.56176],[127.03503,37.56169],[127.03546,37.56144],[127.03555,37.56141],[127.03556,37.56141],[127.03546,37.56144],[127.03503,37.56169],[127.03474,37.56176],[127.03353,37.56265],[127.0325,37.56317],[127.03125,37.56353],[127.0301,37.56412],[127.0301,37.56413],[127.03009,37.56543]]]]},"properties":{"gn":"성동구","g":"11200"}},
{"type":"Feature","geometry":{"type":"Polygon","coordinates":[[[127.00145,37.56951],[127.00226,37.56962],[127.00535,37.56961],[127.00691,37.56964],[127.00983,37.56976],[127.01004,37.56977],[127.01213,37.56975],[127.01308,37.5697],[127.01526,37.56974],[127.01611,37.5698],[127.01733,37.57008],[127.01902,37.57101],[127.02078,37.57172],[127.0222,37.57202],[127.02337,37.57191],[127.02314,37.57802],[127.02288,37.57783],[127.02253,37.57808],[127.02276,37.57833],[127.02179,37.57887],[127.02126,37.57882],[127.01937,37.57808],[127.01877,37.57752],[127.01811,37.57758],[127.01769,37.57811],[127.01815,37.57862],[127.01828,37.57903],[127.01797,37.57952],[127.01757,37.57974],[127.01728,37.58055],[127.01687,37.58088],[127.0167,37.58168],[127.01636,37.58194],[127.01561,37.58178],[127.01483,37.58233],[127.01473,37.5823],[127.01422,37.58208],[127.01408,37.5818],[127.01285,37.58136],[127.01179,37.58157],[127.01097,37.58083],[127.01059,37.58025],[127.00864,37.58047],[127.00833,37.58106],[127.0078,37.58151],[127.00702,37.58201],[127.00675,37.58234],[127.00726,37.58312],[127.00689,37.5847],[127.0069,37.58528],[127.00655,37.58554],[127.00663,37.58613],[127.00587,37.58697],[127.00512,37.58699],[127.00425,37.58718],[127.00408,37.58773],[127.00347,37.58842],[127.00328,37.58866],[127.00282,37.58877],[127.00222,37.58917],[127.00182,37.58991],[127.00147,37.59015],[127.00146,37.59055],[127.00178,37.59102],[127.00173,37.59135],[127.00144,37.59183],[127.00095,37.5923],[126.99945,37.59223],[126.99873,37.59247],[126.99806,37.59239],[126.99744,37.59222],[126.99641,37.5921],[126.99536,37.59228],[126.99446,37.59153],[126.99385,37.59144],[126.99356,37.59173],[126.99247,37.59198],[126.99186,37.59186],[126.99164,37.59147],[126.99097,37.59153],[126.98987,37.59147],[126.98936,37.59128],[126.98908,37.59141],[126.98852,37.59194],[126.98775,37.59226],[126.98717,37.59272],[126.9867,37.59275],[126.98627,37.59328],[126.98612,37.59378],[126.98578,37.59425],[126.98515,37.5945],[126.98432,37.59438],[126.98384,37.59444],[126.98347,37.59468],[126.98292,37.59478],[126.98248,37.5952],[126.98156,37.59532],[126.98091,37.59584],[126.98026,37.59595],[126.97979,37.59622],[126.97911,37.59639],[126.97857,37.59679],[126.97857,37.59725],[126.97795,37.59768],[126.9769,37.59772],[126.97672,37.59791],[126.97721,37.59864],[126.97768,37.60023],[126.97794,37.60031],[126.9785,37.601],[126.97921,37.60104],[126.98013,37.60146],[126.98257,37.60226],[126.98285,37.60214],[126.98398,37.60321],[126.98434,37.60312],[126.98474,37.60337],[126.98576,37.60345],[126.98667,37.60402],[126.98679,37.60451],[126.98667,37.60507],[126.98676,37.60609],[126.98631,37.60651],[126.98637,37.60686],[126.98611,37.60739],[126.9867,37.60828],[126.98683,37.60887],[126.98587,37.60946],[126.98579,37.6109],[126.98565,37.61138],[126.98618,37.61298],[126.98614,37.61322],[126.98658,37.61398],[126.98541,37.61514],[126.98516,37.6155],[126.98454,37.616],[126.9844,37.61687],[126.98372,37.61777],[126.98316,37.61925],[126.98317,37.6202],[126.98365,37.62115],[126.98183,37.62432],[126.98091,37.62539],[126.9796,37.62638],[126.97987,37.62745],[126.98019,37.62793],[126.97993,37.62856],[126.97953,37.62889],[126.97842,37.62929],[126.97496,37.629],[126.97467,37.62981],[126.97507,37.63118],[126.97537,37.6317],[126.97445,37.63198],[126.97367,37.63203],[126.97303,37.63237],[126.97133,37.63162],[126.97058,37.63149],[126.96939,37.63102],[126.96824,37.63073],[126.9668,37.63069],[126.96605,37.63082],[126.96523,37.63077],[126.96433,37.63036],[126.96377,37.62979],[126.96144,37.62996],[126.95881,37.62959],[126.95842,37.62947],[126.95747,37.62913],[126.95673,37.62862],[126.95638,37.62822],[126.95557,37.62825],[126.9552,37.62815],[126.95403,37.62736],[126.95349,37.62737],[126.95276,37.62707],[126.95198,37.62687],[126.95158,37.62656],[126.95041,37.62642],[126.94966,37.62528],[126.949,37.62434],[126.9489,37.62325],[126.94923,37.62234],[126.9499,37.62092],[126.94984,37.61877],[126.95013,37.61764],[126.95045,37.61608],[126.9507,37.61553],[126.95056,37.61512],[126.95077,37.61386],[126.95071,37.61352],[126.95008,37.61216],[126.94981,37.61166],[126.95036,37.61062],[126.95033,37.60911],[126.95054,37.60887],[126.9506,37.60836],[126.95145,37.60802],[126.95174,37.60739],[126.95259,37.60666],[126.95271,37.60591],[126.9531,37.6055],[126.95406,37.60507],[126.95393,37.60479],[126.95357,37.60448],[126.95328,37.60366],[126.95238,37.60248],[126.95255,37.60189],[126.95247,37.60162],[126.9529,37.60071],[126.95336,37.60017],[126.95338,37.59953],[126.95305,37.59907],[126.95306,37.59876],[126.95341,37.59857],[126.95384,37.59867],[126.95409,37.59906],[126.95488,37.59931],[126.95541,37.59927],[126.95634,37.59892],[126.95804,37.59816],[126.95827,37.59779],[126.9584,37.59714],[126.95871,37.59637],[126.95865,37.59586],[126.95905,37.59503],[126.95903,37.59479],[126.95854,37.59418],[126.95752,37.59353],[126.95751,37.59306],[126.95781,37.59257],[126.95782,37.59146],[126.95748,37.59005],[126.95733,37.5887],[126.95746,37.58795],[126.95737,37.58708],[126.95746,37.58602],[126.95782,37.585],[126.95798,37.58412],[126.95765,37.58317],[126.95756,37.58225],[126.95816,37.58117],[126.95803,37.58074],[126.95722,37.58035],[126.9572,37.57982],[126.95568,37.57968],[126.95511,37.5793],[126.95438,37.5791],[126.95356,37.57875],[126.95467,37.57751],[126.95545,37.57654],[126.95563,37.57659],[126.95637,37.57568],[126.95834,37.5741],[126.9594,37.57305],[126.96048,37.57199],[126.96291,37.56969],[126.96291,37.56968],[126.964,37.56863],[126.96557,37.56691],[126.96571,37.56678],[126.9667,37.56582],[126.9691,37.56825],[126.96927,37.56813],[126.96951,37.56816],[126.97104,37.56878],[126.97151,37.56871],[126.97166,37.56841],[126.97255,37.56847],[126.97259,37.56906],[126.9732,37.56932],[126.97418,37.56934],[126.97471,37.5692],[126.97566,37.56938],[126.97619,37.56947],[126.97644,37.56924],[126.97763,37.5693],[126.9779,37.56921],[126.97987,37.56904],[126.98124,37.56899],[126.98258,37.56902],[126.98285,37.56897],[126.98319,37.56891],[126.98437,37.56864],[126.98647,37.56826],[126.98812,37.56814],[126.98819,37.56814],[126.9882,37.56814],[126.98893,37.5681],[126.99088,37.5682],[126.9923,37.56833],[126.99459,37.56851],[126.99633,37.56865],[126.99635,37.56866],[126.99796,37.56884],[127.00145,37.56951]]]},"properties":{"gn":"종로구","g":"11110"}},
{"type":"Feature","geometry":{"type":"MultiPolygon","coordinates":[[[[127.09586,37.4963],[127.09714,37.49583],[127.0978,37.49548],[127.0974,37.49519],[127.09879,37.49489],[127.09983,37.4944],[127.10269,37.49311],[127.10351,37.49271],[127.10701,37.49029],[127.10927,37.48711],[127.11034,37.48567],[127.11165,37.48379],[127.11166,37.48379],[127.11297,37.48172],[127.11603,37.4776],[127.11696,37.47638],[127.11704,37.47628],[127.11723,37.47603],[127.11743,37.47578],[127.11824,37.4747],[127.11844,37.4744],[127.11872,37.47399],[127.11937,37.47307],[127.11972,37.47258],[127.11972,37.4726],[127.1197,37.47276],[127.12042,37.47176],[127.12071,37.47136],[127.12084,37.47119],[127.12205,37.46951],[127.12206,37.46949],[127.12272,37.46859],[127.12311,37.46804],[127.1232,37.46791],[127.12326,37.46784],[127.12331,37.46778],[127.12337,37.46768],[127.12338,37.46767],[127.1237,37.46723],[127.12374,37.46717],[127.12421,37.46652],[127.12449,37.46664],[127.12505,37.46727],[127.1252,37.46783],[127.12517,37.46875],[127.12488,37.4696],[127.1252,37.46962],[127.12667,37.46863],[127.12692,37.46864],[127.12851,37.46832],[127.12934,37.46796],[127.13054,37.46774],[127.13092,37.46777],[127.13187,37.46815],[127.1328,37.46839],[127.13198,37.4698],[127.13258,37.47084],[127.13284,37.47154],[127.1326,37.47253],[127.13269,37.47429],[127.13286,37.47463],[127.13547,37.47424],[127.1364,37.47417],[127.13833,37.47414],[127.14353,37.47393],[127.14368,37.47534],[127.1443,37.4765],[127.14437,37.47733],[127.14715,37.47722],[127.14728,37.47874],[127.14748,37.48177],[127.14767,37.48243],[127.14868,37.48404],[127.14909,37.48388],[127.14992,37.48491],[127.15043,37.48525],[127.15359,37.48692],[127.15374,37.48706],[127.15534,37.48794],[127.15545,37.48806],[127.15851,37.48967],[127.15838,37.48989],[127.15759,37.48991],[127.15766,37.49017],[127.15767,37.49018],[127.15771,37.49022],[127.15772,37.49022],[127.15783,37.4903],[127.15799,37.49037],[127.15817,37.49052],[127.15848,37.49205],[127.15865,37.49243],[127.15918,37.49306],[127.15952,37.49328],[127.16003,37.49437],[127.15997,37.49542],[127.15986,37.49568],[127.15978,37.49682],[127.16059,37.49763],[127.16061,37.49843],[127.16107,37.49925],[127.16135,37.49954],[127.16139,37.5002],[127.1605,37.50109],[127.1594,37.50136],[127.15887,37.50239],[127.15773,37.50318],[127.15655,37.50189],[127.15582,37.50208],[127.15395,37.50266],[127.15323,37.50268],[127.15284,37.50306],[127.15211,37.50297],[127.15082,37.50406],[127.1502,37.50474],[127.1486,37.50372],[127.14805,37.50358],[127.14769,37.50321],[127.14719,37.50338],[127.14687,37.50326],[127.14595,37.50323],[127.14513,37.50369],[127.14487,37.50403],[127.1441,37.5044],[127.14342,37.50441],[127.14223,37.50488],[127.14212,37.50508],[127.14101,37.50548],[127.14081,37.50598],[127.14152,37.50671],[127.14069,37.50759],[127.14031,37.50783],[127.14031,37.50831],[127.14001,37.50852],[127.14034,37.51023],[127.14095,37.5104],[127.14122,37.51082],[127.1411,37.51113],[127.14128,37.51215],[127.14144,37.5124],[127.14288,37.51273],[127.14353,37.51266],[127.14336,37.51345],[127.14339,37.51387],[127.1421,37.51466],[127.14137,37.51497],[127.14062,37.51555],[127.14214,37.51565],[127.14337,37.51558],[127.1446,37.51561],[127.14544,37.51607],[127.14543,37.51643],[127.14509,37.51684],[127.14383,37.51703],[127.14085,37.51835],[127.14078,37.51838],[127.14071,37.51841],[127.14058,37.51847],[127.13856,37.51935],[127.13852,37.51933],[127.13848,37.5193],[127.13843,37.51932],[127.13819,37.5194],[127.13819,37.51941],[127.13817,37.51953],[127.13427,37.52126],[127.13387,37.52143],[127.11929,37.52787],[127.11909,37.52796],[127.12014,37.52966],[127.12067,37.5308],[127.12117,37.53237],[127.12344,37.53864],[127.1224,37.53901],[127.12186,37.53928],[127.12026,37.54033],[127.11887,37.54107],[127.11737,37.54153],[127.11653,37.54196],[127.11304,37.54298],[127.1131,37.54317],[127.10914,37.54317],[127.10845,37.54204],[127.10828,37.54141],[127.10203,37.53645],[127.09128,37.52792],[127.09014,37.52701],[127.08563,37.52476],[127.0811,37.52341],[127.07998,37.52295],[127.07695,37.52252],[127.07432,37.52287],[127.07206,37.52342],[127.06866,37.52387],[127.0675,37.52458],[127.06761,37.52088],[127.06773,37.51932],[127.0679,37.51831],[127.06839,37.51447],[127.06887,37.5103],[127.0697,37.50347],[127.06982,37.50274],[127.07699,37.50207],[127.07993,37.50109],[127.08211,37.50036],[127.08421,37.49965],[127.09479,37.49668],[127.09586,37.4963]],[[127.13808,37.49428],[127.13809,37.49426],[127.13814,37.4942],[127.13815,37.49413],[127.13814,37.4942],[127.13809,37.49426],[127.13808,37.49428]],[[127.13392,37.48661],[127.13383,37.48652],[127.13369,37.48636],[127.1336,37.48628],[127.13325,37.4861],[127.13288,37.48582],[127.13263,37.4856],[127.13288,37.48582],[127.13325,37.4861],[127.1336,37.48628],[127.13369,37.48636],[127.13383,37.48652],[127.13385,37.48654],[127.13392,37.48661]],[[127.13026,37.48368],[127.13009,37.48347],[127.12997,37.48318],[127.12999,37.48301],[127.12976,37.48292],[127.12973,37.48291],[127.12976,37.48292],[127.12999,37.48301],[127.12997,37.48318],[127.13009,37.48347],[127.13015,37.48356],[127.13019,37.48361],[127.13026,37.48368]],[[127.12941,37.48253],[127.12937,37.48249],[127.12931,37.48238],[127.12896,37.48209],[127.12874,37.48191],[127.12865,37.48183],[127.12874,37.48191],[127.12931,37.48238],[127.12937,37.48249],[127.12939,37.48251],[127.12941,37.48253]],[[127.15048,37.49516],[127.15056,37.49509],[127.15099,37.49478],[127.15165,37.49393],[127.15176,37.49381],[127.15177,37.49381],[127.15176,37.49381],[127.15165,37.49393],[127.15099,37.49478],[127.15056,37.49509],[127.15048,37.49516]],[[127.15373,37.49235],[127.15382,37.49224],[127.1549,37.49172],[127.15382,37.49224],[127.15368,37.49231],[127.15373,37.49235]],[[127.1552,37.49157],[127.15524,37.49163],[127.15563,37.49143],[127.15715,37.49057],[127.15744,37.49033],[127.15754,37.49027],[127.15757,37.49025],[127.15754,37.49027],[127.15744,37.49033],[127.15715,37.49057],[127.15623,37.49104],[127.15563,37.49143],[127.1552,37.49157]]],[[[127.13136,37.48495],[127.13131,37.48493],[127.13129,37.48488],[127.13106,37.48482],[127.13099,37.48477],[127.13106,37.48482],[127.13129,37.48488],[127.13131,37.48493],[127.13136,37.48495]]],[[[127.12694,37.47994],[127.12692,37.47992],[127.12684,37.47982],[127.12679,37.47966],[127.1267,37.47962],[127.12609,37.47946],[127.12559,37.47949],[127.12609,37.47946],[127.1267,37.47962],[127.12679,37.47966],[127.12684,37.47982],[127.12692,37.47992],[127.12694,37.47994]]],[[[127.11732,37.47764],[127.11713,37.47766],[127.11662,37.47773],[127.11647,37.4777],[127.11662,37.47773],[127.11713,37.47766],[127.11732,37.47764]]],[[[127.14238,37.49942],[127.14243,37.49941],[127.14255,37.49939],[127.14261,37.49939],[127.14452,37.4994],[127.14514,37.49885],[127.14518,37.49882],[127.14514,37.49885],[127.14452,37.4994],[127.14261,37.49939],[127.14255,37.49939],[127.14243,37.49941],[127.14238,37.49942]]]]},"properties":{"gn":"송파구","g":"11710"}},
{"type":"Feature","geometry":{"type":"Polygon","coordinates":[[[126.96571,37.56678],[126.96557,37.56691],[126.964,37.56863],[126.96291,37.56968],[126.96291,37.56969],[126.96048,37.57199],[126.9594,37.57305],[126.95834,37.5741],[126.95637,37.57568],[126.95563,37.57659],[126.95545,37.57654],[126.95467,37.57751],[126.95356,37.57875],[126.95438,37.5791],[126.95511,37.5793],[126.95568,37.57968],[126.9572,37.57982],[126.95722,37.58035],[126.95803,37.58074],[126.95816,37.58117],[126.95756,37.58225],[126.95765,37.58317],[126.95798,37.58412],[126.95782,37.585],[126.95746,37.58602],[126.95737,37.58708],[126.95746,37.58795],[126.95733,37.5887],[126.95748,37.59005],[126.95782,37.59146],[126.95781,37.59257],[126.95751,37.59306],[126.95752,37.59353],[126.95854,37.59418],[126.95903,37.59479],[126.95905,37.59503],[126.95865,37.59586],[126.95871,37.59637],[126.9584,37.59714],[126.95827,37.59779],[126.95804,37.59816],[126.95634,37.59892],[126.95541,37.59927],[126.95488,37.59931],[126.95409,37.59906],[126.95384,37.59867],[126.95341,37.59857],[126.95306,37.59876],[126.95305,37.59907],[126.95338,37.59953],[126.95336,37.60017],[126.9529,37.60071],[126.95247,37.60162],[126.95255,37.60189],[126.95238,37.60248],[126.95328,37.60366],[126.95357,37.60448],[126.95393,37.60479],[126.95406,37.60507],[126.9531,37.6055],[126.95271,37.60591],[126.95259,37.60666],[126.95174,37.60739],[126.95145,37.60802],[126.9506,37.60836],[126.95054,37.60887],[126.95033,37.60911],[126.95036,37.61062],[126.94968,37.61026],[126.94912,37.6098],[126.94872,37.60903],[126.94818,37.60862],[126.94705,37.60814],[126.94621,37.60739],[126.94539,37.60695],[126.94418,37.60646],[126.94374,37.60621],[126.94367,37.60504],[126.94213,37.60494],[126.94124,37.60313],[126.93996,37.60308],[126.93981,37.60278],[126.93984,37.60187],[126.94109,37.60113],[126.94138,37.60068],[126.94088,37.59872],[126.93968,37.59798],[126.93944,37.59786],[126.93871,37.59752],[126.93864,37.5975],[126.93754,37.59787],[126.93678,37.59765],[126.93452,37.59663],[126.93384,37.59665],[126.93279,37.59631],[126.93221,37.5958],[126.9316,37.59541],[126.93131,37.59502],[126.93025,37.59455],[126.92932,37.59333],[126.92884,37.59285],[126.92854,37.59228],[126.92776,37.59158],[126.92797,37.59104],[126.92765,37.59052],[126.92794,37.58994],[126.9276,37.58939],[126.928,37.58839],[126.92774,37.58807],[126.92631,37.58729],[126.92573,37.58714],[126.92507,37.58724],[126.92386,37.5871],[126.92365,37.58615],[126.92277,37.58557],[126.92242,37.58535],[126.92185,37.58469],[126.92199,37.58408],[126.92175,37.58346],[126.92126,37.58334],[126.92086,37.58294],[126.92025,37.58296],[126.91986,37.5833],[126.91955,37.58321],[126.91889,37.58338],[126.91775,37.58323],[126.91703,37.58326],[126.91594,37.58309],[126.91567,37.58432],[126.91568,37.58499],[126.91601,37.5853],[126.91601,37.58562],[126.91531,37.58542],[126.9157,37.58598],[126.91284,37.58722],[126.91224,37.5862],[126.9119,37.58581],[126.90412,37.57849],[126.90328,37.57791],[126.90206,37.57676],[126.90183,37.57654],[126.90264,37.57639],[126.90208,37.576],[126.90209,37.576],[126.90666,37.57296],[126.90776,37.57212],[126.90879,37.57145],[126.90979,37.57099],[126.91155,37.57023],[126.91286,37.5696],[126.91378,37.56914],[126.91677,37.56781],[126.91679,37.56781],[126.91844,37.56711],[126.92018,37.56664],[126.92156,37.56644],[126.92358,37.566],[126.92473,37.56567],[126.92601,37.5651],[126.92828,37.56333],[126.92719,37.56179],[126.92669,37.56083],[126.92659,37.55885],[126.93279,37.55658],[126.93686,37.5551],[126.94107,37.55648],[126.94114,37.5565],[126.94137,37.55655],[126.94166,37.55656],[126.94183,37.55657],[126.94184,37.55657],[126.94288,37.55664],[126.94651,37.55685],[126.94745,37.5569],[126.94894,37.55699],[126.94896,37.55699],[126.94945,37.55702],[126.94967,37.55703],[126.94983,37.55704],[126.94992,37.55704],[126.95264,37.5572],[126.95265,37.5572],[126.95581,37.55739],[126.95623,37.55741],[126.95829,37.5573],[126.95861,37.55728],[126.95865,37.55728],[126.95887,37.55726],[126.95932,37.55738],[126.95964,37.55766],[126.96012,37.5577],[126.96082,37.55842],[126.96115,37.55875],[126.96169,37.55898],[126.96168,37.55903],[126.96331,37.55922],[126.964,37.55947],[126.96545,37.56029],[126.96683,37.56127],[126.96808,37.56165],[126.96946,37.56198],[126.96896,37.56291],[126.96756,37.56488],[126.96698,37.56551],[126.9667,37.56582],[126.96571,37.56678]],[[126.95532,37.56828],[126.95515,37.56832],[126.95527,37.56832],[126.95532,37.56828]],[[126.95878,37.56581],[126.95866,37.56596],[126.95872,37.56589],[126.95878,37.56581]],[[126.94341,37.56049],[126.94341,37.56051],[126.94346,37.56052],[126.94341,37.56049]]]},"properties":{"gn":"서대문구","g":"11410"}},
{"type":"Feature","geometry":{"type":"Polygon","coordinates":[[[127.02441,37.57919],[127.0233,37.57843],[127.02314,37.57802],[127.02337,37.57191],[127.02339,37.57191],[127.0234,37.57191],[127.02343,37.5719],[127.02344,37.5719],[127.02417,37.57144],[127.02459,37.57105],[127.02521,37.57085],[127.02574,37.57091],[127.02616,37.57125],[127.02728,37.57091],[127.02768,37.57041],[127.02802,37.57033],[127.02878,37.57014],[127.03029,37.56981],[127.03127,37.5698],[127.03157,37.56986],[127.03202,37.57003],[127.03217,37.57009],[127.03235,37.57015],[127.03236,37.57016],[127.03257,37.57024],[127.03306,37.57051],[127.03418,37.57139],[127.03564,37.572],[127.03705,37.57226],[127.03744,37.57226],[127.03813,37.57227],[127.03813,37.5723],[127.03814,37.57241],[127.03814,37.5725],[127.03816,37.57284],[127.03818,37.57302],[127.0419,37.57297],[127.04192,37.57296],[127.04246,37.57274],[127.04252,37.57272],[127.04256,37.5727],[127.04795,37.57038],[127.05472,37.56533],[127.05632,37.56417],[127.05659,37.56394],[127.05876,37.56231],[127.07086,37.56058],[127.07105,37.56047],[127.07196,37.56012],[127.072,37.5601],[127.07226,37.56001],[127.07238,37.55996],[127.07239,37.55996],[127.07239,37.55998],[127.07249,37.56021],[127.07272,37.56082],[127.07409,37.56459],[127.07688,37.56793],[127.07823,37.57189],[127.07723,37.57292],[127.07723,37.57351],[127.07646,37.57934],[127.07624,37.58015],[127.07581,37.58094],[127.07525,37.581],[127.07523,37.581],[127.07499,37.58102],[127.07119,37.58178],[127.06984,37.58202],[127.06944,37.58209],[127.06908,37.58217],[127.06883,37.58222],[127.06881,37.58222],[127.06872,37.58224],[127.0687,37.58224],[127.06864,37.58226],[127.06861,37.58226],[127.06872,37.58224],[127.06883,37.58222],[127.06908,37.58217],[127.06944,37.58209],[127.06984,37.58202],[127.07119,37.58178],[127.07499,37.58102],[127.07523,37.581],[127.07525,37.581],[127.07483,37.58179],[127.07287,37.58416],[127.07216,37.58496],[127.07264,37.58651],[127.07236,37.58683],[127.07135,37.58853],[127.07104,37.58896],[127.0706,37.58915],[127.0703,37.58954],[127.07023,37.58996],[127.07072,37.59148],[127.07072,37.59189],[127.07057,37.59245],[127.07054,37.59254],[127.07053,37.5926],[127.07045,37.59289],[127.07044,37.59291],[127.07027,37.59334],[127.06943,37.59512],[127.06942,37.59533],[127.06945,37.5955],[127.06949,37.59724],[127.06984,37.59773],[127.07079,37.59862],[127.07115,37.5988],[127.07117,37.59881],[127.07151,37.5991],[127.07249,37.60024],[127.0728,37.60084],[127.07287,37.60133],[127.07241,37.60288],[127.07153,37.60464],[127.07138,37.6054],[127.07108,37.60732],[127.07108,37.60736],[127.07106,37.60762],[127.07106,37.60763],[127.07087,37.6076],[127.07069,37.60757],[127.07067,37.60756],[127.07057,37.60747],[127.07038,37.60704],[127.07037,37.60704],[127.07036,37.60704],[127.07026,37.60703],[127.07012,37.60726],[127.06977,37.60726],[127.06846,37.6066],[127.06789,37.60656],[127.06681,37.60611],[127.06621,37.60559],[127.06552,37.60548],[127.06498,37.60583],[127.06369,37.60525],[127.0631,37.60525],[127.06247,37.60518],[127.06231,37.60516],[127.06225,37.60514],[127.0622,37.60512],[127.06219,37.60513],[127.06218,37.60512],[127.06216,37.60507],[127.06216,37.60506],[127.06218,37.60494],[127.06196,37.60489],[127.06149,37.60447],[127.06144,37.60424],[127.06076,37.60348],[127.06071,37.60353],[127.06043,37.60341],[127.06039,37.60339],[127.06018,37.60317],[127.0601,37.60305],[127.05992,37.60228],[127.06005,37.60207],[127.06019,37.60173],[127.06018,37.6017],[127.06012,37.60162],[127.06011,37.60162],[127.06009,37.6016],[127.05999,37.60156],[127.05966,37.60152],[127.05951,37.60141],[127.05934,37.60135],[127.05931,37.60133],[127.05923,37.60126],[127.05918,37.60108],[127.05918,37.60107],[127.05916,37.60106],[127.0586,37.60109],[127.05845,37.60109],[127.05745,37.6012],[127.05721,37.60151],[127.05628,37.60134],[127.0554,37.60102],[127.0554,37.60103],[127.05513,37.60128],[127.05509,37.60132],[127.05508,37.60134],[127.05481,37.60112],[127.05444,37.6008],[127.05428,37.60069],[127.05424,37.60065],[127.05382,37.60061],[127.05362,37.60048],[127.05281,37.60031],[127.05258,37.60026],[127.0521,37.60015],[127.05208,37.60015],[127.0518,37.60049],[127.05171,37.60075],[127.05128,37.60111],[127.0512,37.60116],[127.05102,37.6011],[127.0504,37.60058],[127.05044,37.60011],[127.04992,37.59981],[127.04975,37.59976],[127.0494,37.59915],[127.04913,37.59874],[127.04906,37.59813],[127.04883,37.59787],[127.04866,37.59779],[127.04833,37.59745],[127.04797,37.59727],[127.04795,37.59726],[127.04792,37.59697],[127.04791,37.59694],[127.04782,37.59676],[127.04781,37.59675],[127.04746,37.59651],[127.04743,37.59647],[127.04734,37.59618],[127.04731,37.59615],[127.0473,37.59615],[127.04677,37.59604],[127.04619,37.59619],[127.04551,37.59661],[127.04478,37.59636],[127.04412,37.59639],[127.04371,37.59626],[127.04303,37.59696],[127.04269,37.59673],[127.04231,37.59662],[127.04186,37.59645],[127.04184,37.59646],[127.04156,37.59585],[127.04141,37.59553],[127.04139,37.59549],[127.04135,37.59549],[127.04133,37.59549],[127.04117,37.59549],[127.04112,37.59554],[127.0411,37.59555],[127.04109,37.59556],[127.04108,37.59556],[127.04107,37.59555],[127.04076,37.59529],[127.04064,37.59541],[127.04016,37.59457],[127.0388,37.59141],[127.04054,37.59142],[127.04054,37.59108],[127.04026,37.5906],[127.04054,37.59108],[127.04054,37.59142],[127.0388,37.59141],[127.03868,37.59124],[127.03623,37.59119],[127.03633,37.59014],[127.03554,37.58893],[127.03388,37.58752],[127.03332,37.58672],[127.03284,37.58632],[127.03207,37.58586],[127.0323,37.58567],[127.03164,37.58536],[127.03095,37.58425],[127.02954,37.58268],[127.02642,37.58055],[127.02443,37.57919],[127.02441,37.57919]],[[127.0425,37.57933],[127.04253,37.57929],[127.04335,37.57826],[127.04446,37.57759],[127.04528,37.5772],[127.04494,37.57676],[127.04527,37.57658],[127.04554,37.57656],[127.04559,37.57639],[127.04502,37.57551],[127.04512,37.57478],[127.04561,37.57395],[127.04588,37.57373],[127.04712,37.57279],[127.04716,37.57276],[127.04717,37.57276],[127.04716,37.57276],[127.04712,37.57279],[127.04588,37.57373],[127.04561,37.57395],[127.04512,37.57478],[127.04502,37.57551],[127.04559,37.57639],[127.04527,37.57658],[127.04494,37.57676],[127.04528,37.5772],[127.04446,37.57759],[127.04335,37.57826],[127.04253,37.57929],[127.0425,37.57933]],[[127.04035,37.59057],[127.04087,37.59058],[127.0411,37.59036],[127.04043,37.58958],[127.03987,37.58851],[127.04049,37.58755],[127.04038,37.58665],[127.04237,37.58671],[127.04328,37.58395],[127.04411,37.58137],[127.04397,37.58179],[127.04357,37.58301],[127.04328,37.58395],[127.04237,37.58671],[127.04038,37.58665],[127.04049,37.58755],[127.03987,37.58851],[127.04043,37.58958],[127.0411,37.59036],[127.04087,37.59058],[127.04035,37.59057]],[[127.04285,37.58133],[127.04285,37.58125],[127.04285,37.58123],[127.04286,37.58102],[127.04324,37.58026],[127.04346,37.57981],[127.04347,37.57979],[127.04354,37.57966],[127.04347,37.57979],[127.04346,37.57981],[127.04324,37.58026],[127.04286,37.58102],[127.04285,37.58123],[127.04285,37.58125],[127.04285,37.58133]],[[127.06641,37.57635],[127.06602,37.57632],[127.06559,37.57645],[127.06511,37.5764],[127.06472,37.57655],[127.06439,37.5765],[127.06438,37.57649],[127.06439,37.5765],[127.06472,37.57655],[127.06511,37.5764],[127.06559,37.57645],[127.06602,37.57632],[127.06615,37.57641],[127.06637,37.57636],[127.06639,37.57635],[127.06641,37.57635]],[[127.06419,37.5763],[127.06301,37.5762],[127.06143,37.5759],[127.06048,37.57544],[127.0594,37.57543],[127.05869,37.57529],[127.05852,37.57542],[127.05839,37.57547],[127.05821,37.57548],[127.05839,37.57547],[127.05852,37.57542],[127.05869,37.57529],[127.0594,37.57543],[127.06048,37.57544],[127.06143,37.5759],[127.06301,37.5762],[127.06404,37.57629],[127.06419,37.5763]],[[127.058,37.57525],[127.05793,37.57525],[127.05793,37.57529],[127.05772,37.57533],[127.0575,37.5754],[127.05715,37.5754],[127.0575,37.5754],[127.05772,37.57533],[127.05793,37.57529],[127.05793,37.57525],[127.058,37.57525]],[[127.05011,37.5747],[127.05007,37.57466],[127.04971,37.57487],[127.04943,37.57503],[127.04934,37.57508],[127.04921,37.57515],[127.05011,37.5747]]]},"properties":{"gn":"동대문구","g":"11230"}},
{"type":"Feature","geometry":{"type":"Polygon","coordinates":[[[127.11015,37.58743],[127.11043,37.58807],[127.11068,37.58916],[127.11334,37.59326],[127.11367,37.59336],[127.11541,37.59353],[127.11666,37.59402],[127.11688,37.5955],[127.11573,37.59731],[127.11447,37.59905],[127.11406,37.59952],[127.1141,37.60013],[127.11496,37.60077],[127.11558,37.60172],[127.11572,37.60211],[127.11687,37.60305],[127.11738,37.60394],[127.11805,37.6046],[127.1181,37.60544],[127.118,37.60589],[127.11806,37.60659],[127.11848,37.60761],[127.11803,37.60817],[127.11726,37.60865],[127.1167,37.60885],[127.11688,37.60951],[127.11676,37.61013],[127.11688,37.61055],[127.11721,37.61102],[127.11748,37.61177],[127.11724,37.61263],[127.11706,37.61414],[127.11668,37.61467],[127.1168,37.61495],[127.11667,37.61602],[127.11726,37.61673],[127.11701,37.61737],[127.11715,37.61789],[127.11587,37.61858],[127.1162,37.61893],[127.11571,37.61963],[127.11502,37.61954],[127.11351,37.62004],[127.11214,37.62031],[127.11052,37.62105],[127.11002,37.6207],[127.10913,37.62051],[127.10709,37.62047],[127.10644,37.62056],[127.10556,37.62016],[127.10484,37.62006],[127.10405,37.62004],[127.1038,37.62024],[127.10319,37.62015],[127.10235,37.62008],[127.10169,37.62002],[127.1017,37.62001],[127.1017,37.62],[127.10179,37.61968],[127.10167,37.61947],[127.10117,37.61947],[127.10087,37.6194],[127.1008,37.61949],[127.09966,37.61991],[127.09882,37.62039],[127.09849,37.6202],[127.09758,37.61988],[127.09754,37.61987],[127.09737,37.61981],[127.09735,37.61981],[127.09732,37.61979],[127.09728,37.61978],[127.09718,37.61974],[127.09711,37.61972],[127.09686,37.61963],[127.09684,37.61962],[127.09667,37.61957],[127.09666,37.61956],[127.09665,37.61956],[127.09664,37.61954],[127.09662,37.61943],[127.09649,37.6193],[127.09646,37.61928],[127.09644,37.61926],[127.0964,37.61922],[127.09621,37.61903],[127.0962,37.61902],[127.09557,37.61917],[127.09493,37.61903],[127.09475,37.61901],[127.0945,37.619],[127.09445,37.619],[127.09365,37.61807],[127.09321,37.61802],[127.09233,37.61835],[127.09157,37.61887],[127.09057,37.61929],[127.08975,37.61954],[127.08963,37.61943],[127.08946,37.61965],[127.08902,37.61997],[127.08888,37.62012],[127.08871,37.62024],[127.0886,37.62015],[127.08851,37.62008],[127.08845,37.62002],[127.08835,37.61992],[127.0883,37.6199],[127.08823,37.61988],[127.08795,37.61993],[127.08735,37.62015],[127.08607,37.62029],[127.08494,37.6201],[127.08379,37.61978],[127.08279,37.6194],[127.08143,37.61919],[127.08131,37.61914],[127.08101,37.61891],[127.08092,37.61885],[127.08065,37.61857],[127.08044,37.61848],[127.08007,37.61842],[127.08008,37.61862],[127.07911,37.61839],[127.07553,37.61716],[127.075,37.61713],[127.07457,37.617],[127.07448,37.61704],[127.0743,37.61698],[127.07424,37.61694],[127.07421,37.61692],[127.07416,37.61683],[127.07318,37.61666],[127.07139,37.6164],[127.07128,37.61636],[127.07118,37.61631],[127.07117,37.61631],[127.07109,37.61621],[127.07112,37.61595],[127.07111,37.61594],[127.07104,37.61588],[127.07102,37.61586],[127.07098,37.61583],[127.07019,37.61545],[127.07016,37.6154],[127.07106,37.61475],[127.07145,37.61418],[127.07173,37.61351],[127.07166,37.61241],[127.07136,37.61024],[127.07126,37.60992],[127.07118,37.60881],[127.0711,37.60847],[127.07106,37.60763],[127.07106,37.60762],[127.07108,37.60736],[127.07108,37.60732],[127.07138,37.6054],[127.07153,37.60464],[127.07241,37.60288],[127.07287,37.60133],[127.0728,37.60084],[127.07249,37.60024],[127.07151,37.5991],[127.07117,37.59881],[127.07115,37.5988],[127.07079,37.59862],[127.06984,37.59773],[127.06949,37.59724],[127.06945,37.5955],[127.06942,37.59533],[127.06943,37.59512],[127.07027,37.59334],[127.07044,37.59291],[127.07045,37.59289],[127.07053,37.5926],[127.07054,37.59254],[127.07057,37.59245],[127.07072,37.59189],[127.07072,37.59148],[127.07023,37.58996],[127.0703,37.58954],[127.0706,37.58915],[127.07104,37.58896],[127.07135,37.58853],[127.07236,37.58683],[127.07264,37.58651],[127.07216,37.58496],[127.07287,37.58416],[127.07483,37.58179],[127.07525,37.581],[127.07581,37.58094],[127.07624,37.58015],[127.07646,37.57934],[127.07723,37.57351],[127.07723,37.57292],[127.07823,37.57189],[127.08333,37.57137],[127.08617,37.57083],[127.08818,37.57085],[127.0884,37.57018],[127.09049,37.5697],[127.09051,37.5697],[127.09268,37.57025],[127.09339,37.5705],[127.0948,37.57076],[127.09561,37.57062],[127.0959,37.57139],[127.09634,37.57134],[127.09741,37.57192],[127.09832,37.57234],[127.09858,37.57263],[127.09947,37.57275],[127.10073,37.57359],[127.10089,37.57376],[127.1009,37.57439],[127.10125,37.57517],[127.10114,37.57607],[127.10173,37.57697],[127.10196,37.57755],[127.10303,37.57891],[127.10289,37.57991],[127.10344,37.5806],[127.10599,37.58194],[127.10724,37.58231],[127.10781,37.58288],[127.10851,37.58327],[127.10897,37.58338],[127.10938,37.58409],[127.10938,37.58456],[127.10973,37.58524],[127.10999,37.58602],[127.11015,37.58743]]]},"properties":{"gn":"중랑구","g":"11260"}},
{"type":"Feature","geometry":{"type":"Polygon","coordinates":[[[127.07238,37.55996],[127.07373,37.55941],[127.0689,37.55086],[127.06747,37.54833],[127.06402,37.54223],[127.05821,37.53193],[127.05622,37.52832],[127.06016,37.52709],[127.06546,37.52507],[127.06646,37.52496],[127.0675,37.52458],[127.06866,37.52387],[127.07206,37.52342],[127.07432,37.52287],[127.07695,37.52252],[127.07998,37.52295],[127.0811,37.52341],[127.08563,37.52476],[127.09014,37.52701],[127.09128,37.52792],[127.10203,37.53645],[127.10828,37.54141],[127.10845,37.54204],[127.10914,37.54317],[127.11021,37.54502],[127.11147,37.54694],[127.11153,37.55038],[127.11155,37.55051],[127.1141,37.55409],[127.11426,37.55437],[127.11525,37.55676],[127.11331,37.55683],[127.11357,37.55796],[127.11386,37.55843],[127.1123,37.559],[127.11142,37.55852],[127.11035,37.55825],[127.10953,37.55855],[127.10854,37.55825],[127.10752,37.55761],[127.10714,37.55711],[127.1064,37.55646],[127.1054,37.55634],[127.10493,37.55642],[127.10428,37.55756],[127.10391,37.5578],[127.10285,37.55871],[127.10271,37.55902],[127.10217,37.55928],[127.10186,37.55949],[127.10128,37.56047],[127.10112,37.56105],[127.1012,37.56158],[127.10167,37.56263],[127.10162,37.56329],[127.10184,37.56382],[127.10223,37.56431],[127.10225,37.5649],[127.10272,37.56706],[127.10321,37.56882],[127.10346,37.57005],[127.10385,37.57049],[127.10423,37.57139],[127.10313,37.57228],[127.10224,37.57216],[127.10166,37.5724],[127.10094,37.57336],[127.10089,37.57376],[127.10073,37.57359],[127.09947,37.57275],[127.09858,37.57263],[127.09832,37.57234],[127.09741,37.57192],[127.09634,37.57134],[127.0959,37.57139],[127.09561,37.57062],[127.0948,37.57076],[127.09339,37.5705],[127.09268,37.57025],[127.09051,37.5697],[127.09049,37.5697],[127.0884,37.57018],[127.08818,37.57085],[127.08617,37.57083],[127.08333,37.57137],[127.07823,37.57189],[127.07688,37.56793],[127.07409,37.56459],[127.07272,37.56082],[127.07249,37.56021],[127.07239,37.55998],[127.07239,37.55996],[127.07238,37.55996]]]},"properties":{"gn":"광진구","g":"11215"}},
{"type":"Feature","geometry":{"type":"MultiPolygon","coordinates":[[[[127.00789,37.6237],[127.00775,37.62337],[127.00774,37.62335],[127.00779,37.62294],[127.00755,37.62269],[127.00754,37.62266],[127.00758,37.62252],[127.00744,37.62176],[127.00749,37.62165],[127.00758,37.6215],[127.00741,37.62139],[127.00724,37.62095],[127.00721,37.62083],[127.00725,37.62079],[127.00732,37.62069],[127.00721,37.62051],[127.00742,37.62023],[127.00757,37.62004],[127.0076,37.62001],[127.00786,37.61986],[127.00775,37.61963],[127.00795,37.61941],[127.00804,37.61939],[127.0083,37.6192],[127.00848,37.61897],[127.00849,37.6189],[127.00887,37.61841],[127.00907,37.61829],[127.00954,37.61821],[127.01005,37.61766],[127.0101,37.61685],[127.01014,37.6168],[127.01025,37.61678],[127.01069,37.61646],[127.01094,37.61629],[127.01103,37.61631],[127.01181,37.61632],[127.01245,37.61585],[127.01269,37.61575],[127.0134,37.61554],[127.01419,37.61498],[127.01435,37.61476],[127.01445,37.61468],[127.01448,37.61468],[127.01449,37.61468],[127.01525,37.61467],[127.01646,37.61488],[127.01653,37.61494],[127.0168,37.61487],[127.01691,37.61482],[127.01712,37.61478],[127.01732,37.61468],[127.0175,37.61464],[127.01756,37.61462],[127.01778,37.61443],[127.01782,37.61439],[127.01782,37.61437],[127.01814,37.614],[127.01854,37.61386],[127.01855,37.61386],[127.01881,37.61378],[127.01913,37.61382],[127.01918,37.61381],[127.01969,37.61326],[127.02034,37.61286],[127.02043,37.61259],[127.02066,37.61252],[127.02067,37.61251],[127.02068,37.61251],[127.02191,37.61233],[127.02206,37.61172],[127.02214,37.61138],[127.02227,37.6114],[127.02242,37.61144],[127.02258,37.6114],[127.0227,37.61149],[127.02275,37.61152],[127.02344,37.61173],[127.02387,37.61194],[127.02392,37.61196],[127.02407,37.612],[127.0241,37.61201],[127.02441,37.61207],[127.02448,37.61208],[127.02456,37.61214],[127.02501,37.61203],[127.02519,37.61201],[127.02574,37.61214],[127.026,37.61223],[127.02608,37.61231],[127.02616,37.61247],[127.02616,37.61248],[127.02642,37.61269],[127.02643,37.61269],[127.02652,37.61269],[127.02669,37.6127],[127.02684,37.61268],[127.02715,37.61259],[127.0272,37.61257],[127.02733,37.61256],[127.02754,37.61256],[127.02771,37.61261],[127.028,37.61256],[127.02803,37.61256],[127.02826,37.61255],[127.02837,37.61253],[127.02868,37.61245],[127.02928,37.61239],[127.02941,37.61238],[127.02952,37.61237],[127.02955,37.61238],[127.02969,37.61237],[127.02997,37.61237],[127.03018,37.61236],[127.03032,37.61148],[127.03034,37.61127],[127.03034,37.61125],[127.03032,37.6107],[127.03032,37.61064],[127.03031,37.61059],[127.03031,37.61039],[127.0303,37.6103],[127.0303,37.61019],[127.03029,37.61],[127.03025,37.60898],[127.03139,37.6096],[127.03165,37.60975],[127.03176,37.6098],[127.03196,37.60989],[127.03277,37.61033],[127.03297,37.61049],[127.03352,37.61078],[127.03529,37.61174],[127.03583,37.61202],[127.03596,37.61218],[127.03599,37.61223],[127.03611,37.61243],[127.03609,37.61234],[127.0361,37.61234],[127.03618,37.61236],[127.03641,37.61238],[127.03677,37.61242],[127.03708,37.61264],[127.03727,37.61277],[127.03728,37.61278],[127.0373,37.61279],[127.03731,37.6128],[127.03732,37.61281],[127.03736,37.61284],[127.03743,37.6129],[127.0375,37.61295],[127.03778,37.61347],[127.03785,37.61363],[127.03809,37.61392],[127.03815,37.61394],[127.0383,37.61409],[127.03859,37.61421],[127.03959,37.61511],[127.0397,37.61522],[127.03971,37.61568],[127.03999,37.61569],[127.04,37.61572],[127.04003,37.61618],[127.04041,37.61611],[127.04063,37.61625],[127.04085,37.61645],[127.04117,37.61669],[127.04135,37.61681],[127.04138,37.61684],[127.04139,37.61684],[127.04144,37.61688],[127.04212,37.61735],[127.04234,37.6175],[127.0424,37.61754],[127.04242,37.61756],[127.04258,37.61767],[127.04321,37.61812],[127.04335,37.61822],[127.04353,37.61835],[127.04359,37.61839],[127.04367,37.61845],[127.04402,37.61873],[127.0441,37.61881],[127.04445,37.61919],[127.0446,37.61936],[127.04482,37.61972],[127.0449,37.61986],[127.04503,37.6201],[127.04505,37.62014],[127.04522,37.62047],[127.04537,37.62073],[127.04555,37.62107],[127.04559,37.62115],[127.0457,37.62135],[127.04571,37.62136],[127.04592,37.62166],[127.0461,37.62189],[127.0463,37.6221],[127.04646,37.62226],[127.04649,37.62229],[127.04656,37.62235],[127.04704,37.62271],[127.04744,37.62295],[127.04791,37.62322],[127.04853,37.62358],[127.04866,37.62365],[127.04924,37.62399],[127.04971,37.62425],[127.04974,37.62427],[127.04927,37.62485],[127.04865,37.62584],[127.04706,37.62752],[127.04443,37.62882],[127.04326,37.62993],[127.0426,37.63045],[127.04171,37.63081],[127.0408,37.63155],[127.03976,37.6322],[127.03814,37.63426],[127.03788,37.6354],[127.03782,37.63604],[127.03733,37.63648],[127.03685,37.63675],[127.03515,37.63727],[127.03457,37.63778],[127.03342,37.6404],[127.03283,37.64141],[127.03242,37.64183],[127.03195,37.64217],[127.03086,37.64287],[127.02935,37.64383],[127.029,37.64404],[127.02808,37.64463],[127.02741,37.64503],[127.02589,37.64572],[127.02508,37.64671],[127.02468,37.64734],[127.02266,37.64785],[127.02214,37.64816],[127.02177,37.64863],[127.02113,37.649],[127.02017,37.64908],[127.0191,37.64881],[127.0177,37.64858],[127.01646,37.64885],[127.01509,37.64928],[127.01454,37.64981],[127.0143,37.65029],[127.01368,37.6505],[127.01314,37.65049],[127.01291,37.65075],[127.01244,37.65218],[127.01266,37.65343],[127.01346,37.65678],[127.0138,37.65795],[127.01402,37.65922],[127.01434,37.66024],[127.01457,37.66046],[127.01466,37.66148],[127.01453,37.66199],[127.01452,37.66202],[127.01455,37.66199],[127.0149,37.66162],[127.01534,37.66136],[127.01588,37.66132],[127.0162,37.66143],[127.01624,37.66145],[127.01625,37.66146],[127.0165,37.66166],[127.01679,37.66205],[127.0169,37.66217],[127.01694,37.66223],[127.01677,37.66221],[127.01665,37.66221],[127.01598,37.66277],[127.01595,37.66329],[127.01557,37.66344],[127.01533,37.66408],[127.01565,37.66451],[127.01576,37.66507],[127.01537,37.66555],[127.01547,37.66608],[127.01575,37.66655],[127.01579,37.66703],[127.01637,37.66737],[127.01622,37.6675],[127.01641,37.66769],[127.01652,37.6678],[127.0166,37.66788],[127.01663,37.66791],[127.01712,37.66807],[127.01746,37.66812],[127.01751,37.66815],[127.01758,37.6683],[127.01777,37.66843],[127.01783,37.66847],[127.01824,37.66877],[127.0184,37.66888],[127.01841,37.66889],[127.01854,37.66954],[127.01849,37.67016],[127.01874,37.67052],[127.01871,37.67086],[127.0187,37.67086],[127.01869,37.67086],[127.01825,37.67069],[127.01795,37.67079],[127.0173,37.67191],[127.0174,37.67217],[127.01666,37.67295],[127.01622,37.67393],[127.01512,37.67415],[127.01457,37.67478],[127.01391,37.67524],[127.01398,37.67588],[127.01348,37.67719],[127.01331,37.67783],[127.01239,37.6787],[127.01213,37.6791],[127.01142,37.67919],[127.00942,37.67957],[127.0089,37.68059],[127.00903,37.68164],[127.0087,37.68223],[127.00842,37.68324],[127.00864,37.68395],[127.00866,37.68445],[127.00853,37.68445],[127.00766,37.68447],[127.00707,37.68476],[127.00605,37.68505],[127.00553,37.68486],[127.00453,37.68509],[127.00378,37.68482],[127.00358,37.68424],[127.00324,37.68395],[127.00274,37.68395],[127.00224,37.68359],[127.0019,37.68372],[127.00169,37.68434],[127.00104,37.68427],[127.00051,37.68397],[126.99943,37.68391],[126.99731,37.68347],[126.99703,37.68311],[126.99697,37.68265],[126.99674,37.68239],[126.99585,37.68187],[126.9955,37.68151],[126.99473,37.68124],[126.99416,37.68057],[126.99408,37.68032],[126.99351,37.68006],[126.9922,37.67963],[126.99243,37.67915],[126.99292,37.67882],[126.99325,37.67766],[126.99312,37.67723],[126.99327,37.677],[126.99307,37.67658],[126.9932,37.67572],[126.99381,37.67525],[126.99398,37.67491],[126.9938,37.67423],[126.99354,37.6741],[126.99407,37.67276],[126.9938,37.6702],[126.99435,37.66981],[126.99436,37.66957],[126.99383,37.66862],[126.99356,37.6678],[126.99413,37.66703],[126.99402,37.66678],[126.99312,37.66606],[126.99275,37.66553],[126.99222,37.66523],[126.99124,37.66499],[126.99,37.6645],[126.98945,37.66453],[126.98827,37.66439],[126.9878,37.66359],[126.98775,37.66273],[126.98737,37.66162],[126.98728,37.6606],[126.98654,37.65949],[126.98602,37.65894],[126.98462,37.65823],[126.98434,37.65773],[126.98374,37.65733],[126.98301,37.657],[126.98286,37.65645],[126.98119,37.65649],[126.97966,37.65604],[126.97994,37.65482],[126.98043,37.65379],[126.98105,37.65271],[126.98168,37.65232],[126.98187,37.65169],[126.9823,37.65125],[126.9825,37.65054],[126.98394,37.64961],[126.98402,37.64932],[126.98388,37.6486],[126.98398,37.64818],[126.9846,37.64761],[126.98468,37.64696],[126.98511,37.64573],[126.98464,37.64534],[126.98419,37.64443],[126.98325,37.64368],[126.98369,37.64304],[126.98387,37.64256],[126.98383,37.64215],[126.98426,37.64164],[126.98496,37.64146],[126.98522,37.64164],[126.98527,37.64135],[126.98566,37.64074],[126.98613,37.64043],[126.98568,37.64004],[126.98541,37.63909],[126.98523,37.63807],[126.98496,37.63781],[126.98508,37.63731],[126.98474,37.63665],[126.9842,37.63634],[126.98591,37.6358],[126.98633,37.63548],[126.98743,37.63496],[126.98818,37.63449],[126.98874,37.63394],[126.9894,37.63404],[126.98985,37.63345],[126.98993,37.6328],[126.99137,37.63261],[126.99184,37.63228],[126.99369,37.63147],[126.99424,37.63086],[126.99539,37.63025],[126.99604,37.62935],[126.9965,37.62909],[126.99678,37.62866],[126.99756,37.62806],[126.99789,37.62754],[126.99849,37.62708],[126.99927,37.62619],[127.0007,37.6257],[127.00176,37.62564],[127.00213,37.62543],[127.00298,37.62527],[127.00352,37.62493],[127.00389,37.62423],[127.00456,37.62408],[127.00488,37.62382],[127.0049,37.62382],[127.00518,37.624],[127.00571,37.62398],[127.00733,37.62413],[127.00786,37.62402],[127.00787,37.62401],[127.00789,37.6237]],[[127.01018,37.62546],[127.01053,37.62555],[127.01097,37.62561],[127.01139,37.62591],[127.01165,37.626],[127.01172,37.62603],[127.01185,37.62608],[127.01165,37.626],[127.01139,37.62591],[127.01097,37.62561],[127.01053,37.62555],[127.01018,37.62546]]],[[[127.01198,37.62626],[127.01203,37.62626],[127.01211,37.62624],[127.01216,37.62624],[127.01203,37.62626],[127.01198,37.62626]]],[[[127.01343,37.62688],[127.01419,37.62694],[127.01526,37.62688],[127.01556,37.62702],[127.01526,37.62688],[127.01419,37.62694],[127.01343,37.62688]]]]},"properties":{"gn":"강북구","g":"11305"}},
{"type":"Feature","geometry":{"type":"Polygon","coordinates":[[[127.03086,37.64287],[127.03195,37.64217],[127.03242,37.64183],[127.03283,37.64141],[127.03342,37.6404],[127.03457,37.63778],[127.03515,37.63727],[127.03685,37.63675],[127.03733,37.63648],[127.03782,37.63604],[127.03788,37.6354],[127.03814,37.63426],[127.03976,37.6322],[127.0408,37.63155],[127.04171,37.63081],[127.0426,37.63045],[127.04265,37.63091],[127.04166,37.63147],[127.0428,37.6327],[127.04352,37.63309],[127.04392,37.63348],[127.04444,37.63449],[127.04461,37.63536],[127.04499,37.63586],[127.04503,37.63669],[127.04555,37.6377],[127.046,37.6379],[127.04624,37.63886],[127.04677,37.63971],[127.04649,37.6403],[127.04652,37.64105],[127.04672,37.64122],[127.04781,37.6412],[127.04779,37.6414],[127.04904,37.64215],[127.04972,37.64351],[127.05069,37.64381],[127.05035,37.64461],[127.05135,37.64482],[127.05162,37.64413],[127.05241,37.64246],[127.05297,37.64167],[127.05369,37.64098],[127.05473,37.64014],[127.05578,37.64063],[127.05512,37.64133],[127.05499,37.64236],[127.05515,37.64345],[127.05565,37.6446],[127.05587,37.64595],[127.05582,37.64705],[127.05544,37.64824],[127.05465,37.64956],[127.05395,37.65058],[127.05375,37.65205],[127.05394,37.65317],[127.05405,37.65449],[127.05401,37.6553],[127.05357,37.65615],[127.0536,37.65677],[127.05341,37.6575],[127.05254,37.65891],[127.0518,37.65992],[127.05148,37.65988],[127.05159,37.66066],[127.05156,37.66303],[127.05141,37.66397],[127.05117,37.66398],[127.05087,37.66482],[127.05031,37.66581],[127.04966,37.66656],[127.04892,37.66758],[127.04852,37.66918],[127.04819,37.67048],[127.04816,37.67119],[127.04833,37.67234],[127.04876,37.67384],[127.04874,37.67479],[127.04886,37.67518],[127.04972,37.67672],[127.04996,37.67741],[127.05013,37.67839],[127.0504,37.67918],[127.05092,37.68009],[127.05123,37.682],[127.0518,37.6826],[127.05194,37.68295],[127.05207,37.68452],[127.0518,37.68581],[127.05092,37.68616],[127.05064,37.68651],[127.04982,37.68798],[127.04975,37.68921],[127.05001,37.69042],[127.04997,37.69087],[127.04937,37.69169],[127.04892,37.69281],[127.04863,37.69406],[127.04821,37.69395],[127.04781,37.69329],[127.04675,37.69272],[127.04565,37.69238],[127.0449,37.69241],[127.04482,37.69294],[127.04407,37.69313],[127.04375,37.69351],[127.04304,37.69362],[127.04335,37.69407],[127.0434,37.6944],[127.04307,37.69523],[127.04202,37.69507],[127.04181,37.69538],[127.04111,37.6953],[127.04,37.69468],[127.03991,37.69408],[127.03895,37.69398],[127.0385,37.69329],[127.03753,37.69322],[127.037,37.69295],[127.03676,37.69264],[127.03578,37.69237],[127.03563,37.69249],[127.03426,37.69223],[127.0336,37.69202],[127.03241,37.69184],[127.03217,37.69282],[127.03154,37.69283],[127.03103,37.69307],[127.03045,37.69478],[127.03017,37.6952],[127.02973,37.69627],[127.0296,37.69818],[127.02929,37.69929],[127.02899,37.69966],[127.02831,37.70016],[127.02769,37.70094],[127.02702,37.70112],[127.0269,37.70025],[127.02532,37.69958],[127.02339,37.70007],[127.02215,37.69972],[127.01983,37.70102],[127.0178,37.7012],[127.01542,37.70146],[127.01496,37.70043],[127.01388,37.6988],[127.01212,37.69738],[127.00967,37.6967],[127.00971,37.69336],[127.00762,37.69162],[127.00829,37.69011],[127.00833,37.68851],[127.00859,37.68744],[127.00844,37.68543],[127.00867,37.68449],[127.00866,37.68445],[127.00864,37.68395],[127.00842,37.68324],[127.0087,37.68223],[127.00903,37.68164],[127.0089,37.68059],[127.00942,37.67957],[127.01142,37.67919],[127.01213,37.6791],[127.01239,37.6787],[127.01331,37.67783],[127.01348,37.67719],[127.01398,37.67588],[127.01391,37.67524],[127.01457,37.67478],[127.01512,37.67415],[127.01622,37.67393],[127.01666,37.67295],[127.0174,37.67217],[127.0173,37.67191],[127.01795,37.67079],[127.01825,37.67069],[127.01869,37.67086],[127.0187,37.67086],[127.01871,37.67086],[127.01874,37.67052],[127.01849,37.67016],[127.01854,37.66954],[127.01841,37.66889],[127.0184,37.66888],[127.01824,37.66877],[127.01783,37.66847],[127.01777,37.66843],[127.01758,37.6683],[127.01751,37.66815],[127.01746,37.66812],[127.01712,37.66807],[127.01663,37.66791],[127.0166,37.66788],[127.01652,37.6678],[127.01641,37.66769],[127.01622,37.6675],[127.01637,37.66737],[127.01579,37.66703],[127.01575,37.66655],[127.01547,37.66608],[127.01537,37.66555],[127.01576,37.66507],[127.01565,37.66451],[127.01533,37.66408],[127.01557,37.66344],[127.01595,37.66329],[127.01598,37.66277],[127.01665,37.66221],[127.01677,37.66221],[127.01694,37.66223],[127.0169,37.66217],[127.01679,37.66205],[127.0165,37.66166],[127.01625,37.66146],[127.01624,37.66145],[127.0162,37.66143],[127.01588,37.66132],[127.01534,37.66136],[127.0149,37.66162],[127.01455,37.66199],[127.01452,37.66202],[127.01453,37.66199],[127.01466,37.66148],[127.01457,37.66046],[127.01434,37.66024],[127.01402,37.65922],[127.0138,37.65795],[127.01346,37.65678],[127.01266,37.65343],[127.01244,37.65218],[127.01291,37.65075],[127.01314,37.65049],[127.01368,37.6505],[127.0143,37.65029],[127.01454,37.64981],[127.01509,37.64928],[127.01646,37.64885],[127.0177,37.64858],[127.0191,37.64881],[127.02017,37.64908],[127.02113,37.649],[127.02177,37.64863],[127.02214,37.64816],[127.02266,37.64785],[127.02468,37.64734],[127.02508,37.64671],[127.02589,37.64572],[127.02741,37.64503],[127.02808,37.64463],[127.029,37.64404],[127.02935,37.64383],[127.03086,37.64287]],[[127.04189,37.66176],[127.04227,37.66181],[127.04225,37.66171],[127.04189,37.66176]]]},"properties":{"gn":"도봉구","g":"11320"}},
{"type":"Feature","geometry":{"type":"MultiPolygon","coordinates":[[[[127.07019,37.61545],[127.07027,37.61617],[127.07032,37.61913],[127.07082,37.62018],[127.07073,37.62113],[127.07012,37.62258],[127.06951,37.62433],[127.06875,37.62529],[127.06696,37.62666],[127.06507,37.62793],[127.06446,37.62856],[127.06439,37.62917],[127.06439,37.62964],[127.06439,37.63003],[127.06439,37.63051],[127.06439,37.63068],[127.06439,37.63051],[127.06439,37.63003],[127.06439,37.62964],[127.06439,37.62917],[127.06446,37.62856],[127.06507,37.62793],[127.06696,37.62666],[127.06875,37.62529],[127.06951,37.62433],[127.07012,37.62258],[127.07073,37.62113],[127.07082,37.62018],[127.07032,37.61913],[127.07027,37.61617],[127.07019,37.61545],[127.07098,37.61583],[127.07102,37.61586],[127.07104,37.61588],[127.07111,37.61594],[127.07112,37.61595],[127.07109,37.61621],[127.07117,37.61631],[127.07118,37.61631],[127.07128,37.61636],[127.07139,37.6164],[127.07318,37.61666],[127.0738,37.61677],[127.07416,37.61683],[127.07421,37.61692],[127.07424,37.61694],[127.0743,37.61698],[127.07448,37.61704],[127.07457,37.617],[127.075,37.61713],[127.07553,37.61716],[127.07911,37.61839],[127.08008,37.61862],[127.08007,37.61842],[127.08044,37.61848],[127.08065,37.61857],[127.08092,37.61885],[127.08101,37.61891],[127.08131,37.61914],[127.08143,37.61919],[127.08279,37.6194],[127.08379,37.61978],[127.08494,37.6201],[127.08607,37.62029],[127.08735,37.62015],[127.08795,37.61993],[127.08823,37.61988],[127.0883,37.6199],[127.08833,37.61991],[127.08835,37.61992],[127.08845,37.62002],[127.08851,37.62008],[127.0886,37.62015],[127.08871,37.62024],[127.08888,37.62012],[127.08902,37.61997],[127.08946,37.61965],[127.09057,37.61929],[127.09157,37.61887],[127.09233,37.61835],[127.09321,37.61802],[127.0935,37.61809],[127.09352,37.61809],[127.09364,37.61807],[127.09365,37.61807],[127.09445,37.619],[127.09557,37.61917],[127.0962,37.61902],[127.0962,37.61903],[127.09621,37.61903],[127.0964,37.61922],[127.09644,37.61926],[127.09646,37.61928],[127.09649,37.6193],[127.09662,37.61943],[127.09664,37.61954],[127.09665,37.61956],[127.09666,37.61956],[127.09667,37.61957],[127.09684,37.61962],[127.09686,37.61963],[127.09711,37.61972],[127.09718,37.61974],[127.09734,37.6198],[127.09735,37.61981],[127.09737,37.61981],[127.09758,37.61988],[127.09849,37.6202],[127.09882,37.62039],[127.09966,37.61991],[127.1008,37.61949],[127.10087,37.6194],[127.10117,37.61947],[127.10167,37.61947],[127.10179,37.61968],[127.1017,37.62],[127.1017,37.62001],[127.10169,37.62002],[127.1038,37.62024],[127.10405,37.62004],[127.10484,37.62006],[127.10566,37.62042],[127.10491,37.62157],[127.10407,37.62165],[127.10433,37.62327],[127.10491,37.62398],[127.10501,37.62527],[127.1054,37.62573],[127.10596,37.62733],[127.10591,37.62759],[127.10703,37.62805],[127.10888,37.6293],[127.11015,37.63036],[127.11083,37.63078],[127.11163,37.6315],[127.1122,37.63264],[127.1116,37.63385],[127.11241,37.63425],[127.11235,37.63476],[127.11255,37.63525],[127.11225,37.63556],[127.11221,37.63628],[127.11248,37.63649],[127.1122,37.63714],[127.11156,37.63803],[127.1109,37.63826],[127.11056,37.63915],[127.11115,37.63976],[127.11205,37.63984],[127.11228,37.64018],[127.11179,37.64058],[127.1117,37.64111],[127.11144,37.64133],[127.1115,37.64195],[127.11115,37.64256],[127.11075,37.64273],[127.1099,37.64249],[127.10929,37.64286],[127.10801,37.64446],[127.10769,37.64497],[127.10658,37.64538],[127.10392,37.64549],[127.10288,37.64541],[127.1028,37.6452],[127.10159,37.64477],[127.09977,37.64446],[127.09891,37.64403],[127.09756,37.64396],[127.09457,37.64457],[127.09472,37.64371],[127.09434,37.64325],[127.09412,37.64254],[127.09434,37.64325],[127.09472,37.64371],[127.09457,37.64457],[127.09438,37.64496],[127.09454,37.64551],[127.09447,37.64585],[127.09405,37.64611],[127.09363,37.64663],[127.09383,37.64732],[127.09307,37.64784],[127.09269,37.64858],[127.09272,37.64935],[127.09247,37.64971],[127.09327,37.65062],[127.09337,37.65123],[127.094,37.6523],[127.09392,37.65296],[127.09307,37.65378],[127.09287,37.65445],[127.09235,37.65549],[127.09189,37.65743],[127.09113,37.65824],[127.09121,37.65933],[127.09217,37.66079],[127.09326,37.66197],[127.09414,37.6633],[127.09541,37.66389],[127.09468,37.66492],[127.09458,37.66617],[127.09498,37.6676],[127.09624,37.66883],[127.09645,37.66969],[127.09601,37.67008],[127.09575,37.67062],[127.09572,37.67135],[127.09602,37.67185],[127.09575,37.67267],[127.09515,37.67289],[127.09461,37.67354],[127.09396,37.67562],[127.09385,37.67666],[127.09334,37.67688],[127.09297,37.67735],[127.09261,37.67747],[127.09219,37.67803],[127.09194,37.67869],[127.09195,37.67919],[127.09253,37.67952],[127.09279,37.68005],[127.09297,37.6812],[127.09292,37.68155],[127.09415,37.68308],[127.09429,37.68342],[127.09581,37.68464],[127.09605,37.6852],[127.09642,37.68564],[127.09643,37.68626],[127.0963,37.68717],[127.09608,37.68791],[127.09558,37.6884],[127.096,37.68907],[127.0951,37.68938],[127.09429,37.68913],[127.09304,37.68997],[127.09238,37.68993],[127.09055,37.68957],[127.08845,37.6899],[127.08653,37.68991],[127.08518,37.69039],[127.08391,37.69178],[127.08384,37.69427],[127.0811,37.69614],[127.0782,37.69599],[127.07491,37.69522],[127.07393,37.69464],[127.0734,37.6941],[127.07266,37.6938],[127.07088,37.6937],[127.06982,37.69398],[127.06915,37.69369],[127.06855,37.694],[127.06783,37.69477],[127.06631,37.69444],[127.06533,37.69476],[127.06458,37.69455],[127.06339,37.69492],[127.06273,37.69468],[127.06239,37.69355],[127.06237,37.69302],[127.06121,37.69217],[127.06062,37.69127],[127.05966,37.69033],[127.05839,37.68969],[127.05719,37.68963],[127.05618,37.6892],[127.05518,37.6892],[127.05469,37.68872],[127.05281,37.68768],[127.05223,37.68742],[127.0518,37.68707],[127.0518,37.68581],[127.05207,37.68452],[127.05194,37.68295],[127.0518,37.6826],[127.05123,37.682],[127.05092,37.68009],[127.0504,37.67918],[127.05013,37.67839],[127.04996,37.67741],[127.04972,37.67672],[127.04886,37.67518],[127.04874,37.67479],[127.04876,37.67384],[127.04833,37.67234],[127.04816,37.67119],[127.04819,37.67048],[127.04852,37.66918],[127.04892,37.66758],[127.04966,37.66656],[127.05031,37.66581],[127.05087,37.66482],[127.05117,37.66398],[127.05141,37.66397],[127.05156,37.66303],[127.05159,37.66066],[127.05148,37.65988],[127.0518,37.65992],[127.05254,37.65891],[127.05341,37.6575],[127.0536,37.65677],[127.05357,37.65615],[127.05401,37.6553],[127.05405,37.65449],[127.05394,37.65317],[127.05375,37.65205],[127.05395,37.65058],[127.05465,37.64956],[127.05544,37.64824],[127.05582,37.64705],[127.05587,37.64595],[127.05565,37.6446],[127.05515,37.64345],[127.05499,37.64236],[127.05512,37.64133],[127.05578,37.64063],[127.05473,37.64014],[127.05369,37.64098],[127.05297,37.64167],[127.05241,37.64246],[127.05162,37.64413],[127.05135,37.64482],[127.05035,37.64461],[127.05069,37.64381],[127.04972,37.64351],[127.04904,37.64215],[127.04779,37.6414],[127.04781,37.6412],[127.04672,37.64122],[127.04652,37.64105],[127.04649,37.6403],[127.04677,37.63971],[127.04624,37.63886],[127.046,37.6379],[127.04555,37.6377],[127.04503,37.63669],[127.04499,37.63586],[127.04461,37.63536],[127.04444,37.63449],[127.04392,37.63348],[127.04352,37.63309],[127.0428,37.6327],[127.04166,37.63147],[127.04265,37.63091],[127.0426,37.63045],[127.04326,37.62993],[127.04443,37.62882],[127.04706,37.62752],[127.04865,37.62584],[127.04927,37.62485],[127.04974,37.62427],[127.05059,37.62347],[127.05089,37.62326],[127.0512,37.62305],[127.05211,37.62224],[127.05207,37.62216],[127.05243,37.62184],[127.05368,37.62052],[127.05407,37.6201],[127.0541,37.62007],[127.05419,37.61999],[127.05441,37.6198],[127.05508,37.61942],[127.05515,37.61938],[127.05556,37.61917],[127.05613,37.61874],[127.05621,37.61867],[127.05705,37.61785],[127.05716,37.61773],[127.05752,37.61742],[127.05808,37.61712],[127.05833,37.61698],[127.05844,37.61692],[127.05847,37.6169],[127.05886,37.61665],[127.05887,37.61664],[127.05899,37.61657],[127.05935,37.61637],[127.05949,37.6163],[127.06067,37.61566],[127.0608,37.6154],[127.06085,37.6153],[127.06088,37.61525],[127.06089,37.61523],[127.06093,37.61517],[127.06094,37.61515],[127.06098,37.6151],[127.06109,37.61494],[127.06111,37.61492],[127.06147,37.61463],[127.06176,37.61449],[127.06203,37.61443],[127.06238,37.61437],[127.06308,37.6143],[127.06328,37.61427],[127.06486,37.61477],[127.06816,37.61545],[127.06966,37.61573],[127.07016,37.6154],[127.07019,37.61545]],[[127.07655,37.63091],[127.07659,37.63099],[127.07654,37.63118],[127.07693,37.6322],[127.07685,37.63257],[127.07699,37.63295],[127.07685,37.63257],[127.07693,37.6322],[127.07654,37.63118],[127.07659,37.63099],[127.07655,37.63091]],[[127.07745,37.63324],[127.07757,37.6335],[127.07776,37.63426],[127.07795,37.63452],[127.07797,37.63447],[127.07789,37.63431],[127.07776,37.63426],[127.07757,37.6335],[127.07745,37.63324]],[[127.07993,37.63548],[127.08042,37.63585],[127.08087,37.63617],[127.08161,37.63704],[127.08178,37.63808],[127.08231,37.63859],[127.08234,37.63897],[127.08235,37.63909],[127.08234,37.63897],[127.08231,37.63859],[127.08178,37.63808],[127.08161,37.63704],[127.08087,37.63617],[127.08042,37.63585],[127.07993,37.63548]],[[127.09124,37.64136],[127.09141,37.64151],[127.09149,37.64209],[127.09149,37.64206],[127.09141,37.64151],[127.09124,37.64136]]],[[[127.07133,37.63108],[127.07138,37.63112],[127.0715,37.63131],[127.07125,37.6314],[127.07122,37.63142],[127.07125,37.6314],[127.0715,37.63131],[127.07138,37.63112],[127.07133,37.63108]]]]},"properties":{"gn":"노원구","g":"11350"}},
{"type":"Feature","geometry":{"type":"Polygon","coordinates":[[[126.90206,37.57676],[126.90328,37.57791],[126.90412,37.57849],[126.9119,37.58581],[126.91224,37.5862],[126.91284,37.58722],[126.9157,37.58598],[126.91531,37.58542],[126.91601,37.58562],[126.91601,37.5853],[126.91568,37.58499],[126.91567,37.58432],[126.91594,37.58309],[126.91703,37.58326],[126.91775,37.58323],[126.91889,37.58338],[126.91955,37.58321],[126.91986,37.5833],[126.92025,37.58296],[126.92086,37.58294],[126.92126,37.58334],[126.92175,37.58346],[126.92199,37.58408],[126.92185,37.58469],[126.92242,37.58535],[126.92277,37.58557],[126.92365,37.58615],[126.92386,37.5871],[126.92507,37.58724],[126.92573,37.58714],[126.92631,37.58729],[126.92774,37.58807],[126.928,37.58839],[126.9276,37.58939],[126.92794,37.58994],[126.92765,37.59052],[126.92797,37.59104],[126.92776,37.59158],[126.92854,37.59228],[126.92884,37.59285],[126.92932,37.59333],[126.93025,37.59455],[126.93131,37.59502],[126.9316,37.59541],[126.93221,37.5958],[126.93279,37.59631],[126.93384,37.59665],[126.93452,37.59663],[126.93678,37.59765],[126.93754,37.59787],[126.93864,37.5975],[126.93871,37.59752],[126.93944,37.59786],[126.93968,37.59798],[126.94088,37.59872],[126.94138,37.60068],[126.94109,37.60113],[126.93984,37.60187],[126.93981,37.60278],[126.93996,37.60308],[126.94124,37.60313],[126.94213,37.60494],[126.94367,37.60504],[126.94374,37.60621],[126.94418,37.60646],[126.94539,37.60695],[126.94621,37.60739],[126.94705,37.60814],[126.94818,37.60862],[126.94872,37.60903],[126.94912,37.6098],[126.94968,37.61026],[126.95036,37.61062],[126.94981,37.61166],[126.95008,37.61216],[126.95071,37.61352],[126.95077,37.61386],[126.95056,37.61512],[126.9507,37.61553],[126.95045,37.61608],[126.95013,37.61764],[126.94984,37.61877],[126.9499,37.62092],[126.94923,37.62234],[126.9489,37.62325],[126.949,37.62434],[126.94966,37.62528],[126.95041,37.62642],[126.95158,37.62656],[126.95198,37.62687],[126.95276,37.62707],[126.95349,37.62737],[126.95403,37.62736],[126.9552,37.62815],[126.95557,37.62825],[126.95638,37.62822],[126.95673,37.62862],[126.95747,37.62913],[126.95842,37.62947],[126.95876,37.62959],[126.95982,37.62976],[126.96162,37.63189],[126.96333,37.63325],[126.96254,37.63582],[126.9616,37.63712],[126.9616,37.63799],[126.96086,37.63876],[126.96051,37.63983],[126.96013,37.64054],[126.95997,37.64146],[126.95927,37.64213],[126.95937,37.6432],[126.95902,37.64388],[126.95912,37.64435],[126.95891,37.64476],[126.95915,37.64575],[126.95892,37.64614],[126.95903,37.64678],[126.95838,37.64765],[126.95784,37.64805],[126.95785,37.64845],[126.95756,37.64904],[126.95779,37.64981],[126.95746,37.65187],[126.95711,37.65284],[126.95641,37.65317],[126.95542,37.6539],[126.95532,37.65422],[126.95435,37.6546],[126.95395,37.6553],[126.95321,37.65493],[126.95186,37.65486],[126.95138,37.65495],[126.95077,37.65549],[126.94979,37.65591],[126.9492,37.65677],[126.94883,37.65697],[126.94788,37.65713],[126.94799,37.65771],[126.948,37.65857],[126.94756,37.65922],[126.94643,37.65876],[126.9444,37.65816],[126.94334,37.65806],[126.9421,37.65772],[126.94013,37.65664],[126.93967,37.65624],[126.93881,37.65528],[126.93846,37.65477],[126.93716,37.65232],[126.93628,37.65158],[126.93571,37.6512],[126.93389,37.65073],[126.93222,37.65039],[126.93185,37.65023],[126.93143,37.65033],[126.93028,37.65023],[126.9297,37.65005],[126.92797,37.64887],[126.92713,37.6481],[126.92412,37.64611],[126.92286,37.64588],[126.92147,37.64578],[126.91734,37.64526],[126.91519,37.64512],[126.91461,37.64491],[126.91372,37.64476],[126.9134,37.645],[126.91233,37.64518],[126.91131,37.64582],[126.91086,37.64601],[126.90973,37.64688],[126.90864,37.64742],[126.90841,37.64726],[126.90711,37.64806],[126.90554,37.64889],[126.90562,37.64848],[126.90729,37.64694],[126.9077,37.64629],[126.90878,37.64581],[126.91014,37.64508],[126.91118,37.64476],[126.91228,37.64432],[126.91207,37.64378],[126.91115,37.64098],[126.91079,37.64003],[126.91009,37.63851],[126.91032,37.63791],[126.91121,37.63591],[126.91085,37.63532],[126.90981,37.63494],[126.90912,37.63433],[126.9071,37.6334],[126.9062,37.63322],[126.90676,37.63274],[126.90693,37.6318],[126.90729,37.63087],[126.90812,37.63006],[126.90838,37.62999],[126.9088,37.62909],[126.9089,37.62746],[126.90861,37.62627],[126.90744,37.62509],[126.90663,37.6245],[126.907,37.62394],[126.90714,37.62331],[126.90712,37.62194],[126.90628,37.62135],[126.90561,37.6207],[126.90521,37.61987],[126.90523,37.61907],[126.90427,37.61883],[126.90336,37.61884],[126.90334,37.61831],[126.90305,37.61809],[126.90313,37.6173],[126.90248,37.6169],[126.90182,37.61575],[126.90192,37.61509],[126.90173,37.61478],[126.90173,37.61407],[126.90091,37.61272],[126.90096,37.61235],[126.9003,37.61119],[126.9007,37.61032],[126.9006,37.60932],[126.90078,37.60844],[126.90141,37.60619],[126.90173,37.60575],[126.90151,37.60536],[126.90203,37.60427],[126.90211,37.60374],[126.90131,37.6034],[126.90077,37.60337],[126.90015,37.60312],[126.9002,37.60257],[126.89998,37.60204],[126.90029,37.60123],[126.90101,37.60018],[126.90102,37.59987],[126.90132,37.59937],[126.90125,37.59791],[126.90101,37.59734],[126.90121,37.5963],[126.90163,37.596],[126.90183,37.59514],[126.90035,37.59421],[126.89978,37.59339],[126.89896,37.59268],[126.89957,37.59169],[126.89971,37.59099],[126.89958,37.59067],[126.89975,37.58994],[126.89964,37.58982],[126.89808,37.58954],[126.89796,37.58909],[126.89686,37.58857],[126.89641,37.58874],[126.89523,37.58886],[126.89427,37.58882],[126.89384,37.58907],[126.89333,37.58907],[126.89224,37.58852],[126.89144,37.58847],[126.89094,37.58857],[126.89022,37.58892],[126.88958,37.58913],[126.88925,37.58883],[126.88834,37.5888],[126.88716,37.58853],[126.88656,37.58916],[126.88575,37.58957],[126.88581,37.59002],[126.88571,37.59081],[126.88547,37.5911],[126.8856,37.5915],[126.88656,37.59271],[126.88671,37.59317],[126.88718,37.59368],[126.88637,37.59395],[126.88541,37.59388],[126.885,37.59364],[126.88447,37.59289],[126.88357,37.59185],[126.88232,37.59113],[126.88206,37.59079],[126.8859,37.58703],[126.88872,37.58475],[126.89004,37.58391],[126.89753,37.5791],[126.90208,37.576],[126.90264,37.57639],[126.90183,37.57654],[126.90206,37.57676]]]},"properties":{"gn":"은평구","g":"11380"}},
{"type":"Feature","geometry":{"type":"Polygon","coordinates":[[[126.9372,37.53847],[126.93856,37.53784],[126.94035,37.5367],[126.94422,37.53424],[126.94459,37.53378],[126.94493,37.53423],[126.94482,37.53452],[126.9451,37.53496],[126.94591,37.53549],[126.94643,37.53572],[126.94739,37.53538],[126.94785,37.53562],[126.9489,37.53563],[126.94991,37.53605],[126.95094,37.53617],[126.95211,37.53677],[126.9534,37.53758],[126.95365,37.53834],[126.9541,37.53893],[126.95519,37.53919],[126.95573,37.53947],[126.95664,37.54061],[126.95659,37.54076],[126.95699,37.54164],[126.95818,37.54231],[126.95835,37.54276],[126.95758,37.54297],[126.95741,37.54323],[126.95757,37.54422],[126.95811,37.54442],[126.95782,37.54515],[126.95791,37.54546],[126.95839,37.5455],[126.95926,37.546],[126.96005,37.54607],[126.96013,37.54638],[126.96108,37.54742],[126.9617,37.54759],[126.96222,37.54813],[126.96224,37.54862],[126.96334,37.54864],[126.96344,37.54867],[126.96373,37.54879],[126.96371,37.54925],[126.9639,37.54976],[126.96355,37.54995],[126.96305,37.55083],[126.96235,37.55151],[126.96234,37.55155],[126.96231,37.55277],[126.96178,37.55498],[126.96248,37.55591],[126.96272,37.55597],[126.96342,37.55696],[126.96305,37.55741],[126.96304,37.55803],[126.96208,37.55846],[126.96159,37.55842],[126.96169,37.55898],[126.96115,37.55875],[126.96082,37.55842],[126.96012,37.5577],[126.95964,37.55766],[126.95932,37.55738],[126.95887,37.55726],[126.95865,37.55728],[126.95861,37.55728],[126.95829,37.5573],[126.95623,37.55741],[126.95581,37.55739],[126.95265,37.5572],[126.95264,37.5572],[126.94992,37.55704],[126.94983,37.55704],[126.94967,37.55703],[126.94945,37.55702],[126.94896,37.55699],[126.94894,37.55699],[126.94745,37.5569],[126.94651,37.55685],[126.94288,37.55664],[126.94184,37.55657],[126.94183,37.55657],[126.94166,37.55656],[126.94137,37.55655],[126.94114,37.5565],[126.94107,37.55648],[126.93686,37.5551],[126.93279,37.55658],[126.92659,37.55885],[126.92669,37.56083],[126.92719,37.56179],[126.92828,37.56333],[126.92601,37.5651],[126.92473,37.56567],[126.92358,37.566],[126.92156,37.56644],[126.92018,37.56664],[126.91844,37.56711],[126.91679,37.56781],[126.91677,37.56781],[126.91378,37.56914],[126.91286,37.5696],[126.91155,37.57023],[126.90979,37.57099],[126.90879,37.57145],[126.90776,37.57212],[126.90666,37.57296],[126.90209,37.576],[126.90208,37.576],[126.89753,37.5791],[126.89004,37.58391],[126.88872,37.58475],[126.8859,37.58703],[126.88206,37.59079],[126.88199,37.59054],[126.881,37.58998],[126.88035,37.58951],[126.88004,37.58907],[126.87932,37.58758],[126.87913,37.58677],[126.87846,37.58637],[126.87754,37.58625],[126.87727,37.58557],[126.87709,37.58483],[126.87654,37.58444],[126.87656,37.58424],[126.87729,37.58417],[126.87725,37.58377],[126.87699,37.58339],[126.8771,37.58289],[126.87705,37.58221],[126.87667,37.58163],[126.87666,37.58126],[126.87742,37.58064],[126.87737,37.58012],[126.87763,37.57975],[126.87708,37.5789],[126.87626,37.57896],[126.87626,37.57819],[126.8752,37.57827],[126.87391,37.57828],[126.8706,37.57801],[126.86838,37.57752],[126.86494,37.57747],[126.85929,37.57524],[126.85929,37.57492],[126.85363,37.5738],[126.85363,37.57179],[126.8541,37.57128],[126.85502,37.57026],[126.85578,37.56967],[126.85607,37.56944],[126.85608,37.56944],[126.8562,37.56936],[126.85663,37.56908],[126.8572,37.56871],[126.85797,37.56822],[126.85825,37.56804],[126.85826,37.56804],[126.85862,37.56781],[126.85866,37.56778],[126.8592,37.56744],[126.86002,37.56693],[126.86192,37.56572],[126.86265,37.56525],[126.86304,37.565],[126.86383,37.56449],[126.86629,37.56305],[126.86895,37.56202],[126.87418,37.55948],[126.88046,37.55627],[126.88439,37.55429],[126.88682,37.55309],[126.88812,37.55229],[126.89194,37.55058],[126.89468,37.54939],[126.89573,37.54904],[126.89894,37.54801],[126.90183,37.54502],[126.90219,37.54413],[126.90378,37.54255],[126.90483,37.54142],[126.91714,37.54143],[126.9218,37.54143],[126.92444,37.54143],[126.9228,37.54143],[126.92242,37.54143],[126.92283,37.54062],[126.92308,37.54045],[126.92482,37.53974],[126.92586,37.53946],[126.9271,37.53904],[126.92765,37.53907],[126.93033,37.54136],[126.9301,37.54143],[126.93011,37.54143],[126.93185,37.54087],[126.9329,37.54052],[126.93534,37.53935],[126.9372,37.53847]],[[126.93365,37.55367],[126.93338,37.55387],[126.93316,37.55405],[126.93365,37.55367]],[[126.93264,37.55475],[126.93235,37.55453],[126.93209,37.5547],[126.93263,37.55487],[126.93264,37.55475]]]},"properties":{"gn":"마포구","g":"11440"}},
{"type":"Feature","geometry":{"type":"MultiPolygon","coordinates":[[[[126.84241,37.57926],[126.84233,37.57928],[126.8381,37.58179],[126.83715,37.58256],[126.83459,37.58411],[126.83176,37.58584],[126.82781,37.58748],[126.82635,37.58843],[126.82522,37.58912],[126.82005,37.5924],[126.8193,37.59285],[126.81868,37.59372],[126.81753,37.59533],[126.81656,37.59568],[126.81395,37.59762],[126.81137,37.59896],[126.80824,37.60121],[126.80586,37.60258],[126.80258,37.60503],[126.79994,37.60254],[126.79979,37.60191],[126.79993,37.60144],[126.79922,37.60112],[126.79869,37.60045],[126.79817,37.60034],[126.79786,37.5999],[126.79755,37.59881],[126.79748,37.59767],[126.79708,37.59774],[126.79745,37.59525],[126.79808,37.59424],[126.79866,37.59367],[126.80041,37.59241],[126.80005,37.59203],[126.79961,37.59244],[126.79899,37.59243],[126.7988,37.59132],[126.79945,37.59113],[126.80004,37.59039],[126.80052,37.59031],[126.80123,37.58935],[126.80078,37.58904],[126.80094,37.58817],[126.80074,37.58783],[126.79939,37.58808],[126.79877,37.58807],[126.7976,37.58641],[126.79753,37.58598],[126.79723,37.58539],[126.79668,37.58491],[126.7971,37.58427],[126.79568,37.58336],[126.79554,37.58515],[126.79493,37.5852],[126.79488,37.58441],[126.79493,37.58343],[126.79471,37.58264],[126.79441,37.58269],[126.79454,37.58355],[126.79409,37.58425],[126.79344,37.58452],[126.79391,37.58296],[126.79389,37.58225],[126.79329,37.58032],[126.79286,37.58022],[126.79307,37.57864],[126.79319,37.57843],[126.79322,37.57689],[126.79274,37.57684],[126.79272,37.57743],[126.79254,37.57841],[126.79249,37.57914],[126.79227,37.58005],[126.79167,37.58108],[126.79073,37.58061],[126.79082,37.57897],[126.79057,37.57777],[126.78995,37.57763],[126.78934,37.57772],[126.78847,37.5768],[126.78917,37.57557],[126.78859,37.57575],[126.78814,37.57617],[126.78756,37.57556],[126.78525,37.57486],[126.78399,37.5742],[126.78241,37.57361],[126.78214,37.57317],[126.78218,37.57267],[126.7819,37.57181],[126.78145,37.5715],[126.78263,37.57055],[126.78239,37.5703],[126.78132,37.57018],[126.78056,37.57049],[126.78048,37.57027],[126.781,37.5699],[126.78112,37.5696],[126.7818,37.56939],[126.78163,37.5689],[126.78093,37.56871],[126.78047,37.56829],[126.78043,37.56761],[126.78024,37.56745],[126.77921,37.56832],[126.77901,37.56787],[126.77908,37.56733],[126.77781,37.56699],[126.7772,37.56663],[126.77695,37.56621],[126.7766,37.56623],[126.77633,37.56709],[126.7754,37.56732],[126.77556,37.56774],[126.77538,37.56821],[126.77476,37.56771],[126.77475,37.56731],[126.77499,37.56691],[126.77513,37.56588],[126.77544,37.56577],[126.776,37.56513],[126.77611,37.56481],[126.7771,37.56372],[126.77674,37.56324],[126.77663,37.56237],[126.77751,37.56228],[126.77754,37.56169],[126.77794,37.56015],[126.77771,37.56008],[126.77735,37.56032],[126.77718,37.5607],[126.77611,37.56186],[126.77553,37.56183],[126.77546,37.56143],[126.77473,37.56135],[126.77495,37.56104],[126.77416,37.56016],[126.77429,37.55976],[126.7736,37.56001],[126.77319,37.55929],[126.77274,37.55941],[126.77245,37.55872],[126.77182,37.5586],[126.77318,37.55753],[126.77238,37.55698],[126.77199,37.55697],[126.77119,37.55717],[126.76987,37.55723],[126.76899,37.5571],[126.76874,37.55682],[126.76719,37.55665],[126.76662,37.55697],[126.7664,37.55674],[126.76675,37.5565],[126.76663,37.55626],[126.76601,37.55613],[126.76505,37.55562],[126.76456,37.55544],[126.76478,37.55507],[126.76605,37.55499],[126.7664,37.55466],[126.7662,37.55424],[126.76673,37.55406],[126.76741,37.55422],[126.76764,37.55395],[126.76729,37.55368],[126.76762,37.55344],[126.76737,37.55313],[126.76771,37.55283],[126.76746,37.55195],[126.76811,37.55165],[126.76935,37.55136],[126.76979,37.55107],[126.76992,37.55018],[126.77027,37.55],[126.77084,37.54935],[126.77105,37.54869],[126.77169,37.54831],[126.77258,37.54875],[126.77358,37.54887],[126.77529,37.54897],[126.77674,37.5482],[126.77756,37.54671],[126.77875,37.54671],[126.7794,37.54652],[126.78049,37.54639],[126.78167,37.54614],[126.78197,37.5463],[126.78331,37.54602],[126.78447,37.54612],[126.78548,37.546],[126.78695,37.54598],[126.78726,37.54608],[126.78773,37.54574],[126.7884,37.54502],[126.78939,37.54446],[126.79076,37.54384],[126.79182,37.54375],[126.79158,37.54306],[126.79159,37.54245],[126.79181,37.5419],[126.79302,37.54159],[126.79494,37.54137],[126.7949,37.54108],[126.79437,37.54037],[126.79326,37.5397],[126.79388,37.53955],[126.79394,37.53902],[126.79422,37.53829],[126.79406,37.53807],[126.79396,37.53736],[126.79437,37.53625],[126.79479,37.53596],[126.79604,37.53675],[126.79662,37.53677],[126.79701,37.53706],[126.79781,37.53705],[126.79817,37.53733],[126.79825,37.53771],[126.79909,37.53757],[126.79948,37.53777],[126.79919,37.53883],[126.79924,37.53929],[126.79874,37.5394],[126.79886,37.54029],[126.79942,37.54021],[126.79927,37.54063],[126.80039,37.5408],[126.8003,37.54119],[126.80055,37.54147],[126.80047,37.54177],[126.80185,37.54272],[126.80349,37.54309],[126.80526,37.5433],[126.80681,37.5436],[126.80701,37.54375],[126.80624,37.54441],[126.80687,37.5439],[126.80865,37.54288],[126.81059,37.5415],[126.81233,37.54074],[126.81301,37.54146],[126.81352,37.54277],[126.81335,37.54334],[126.8134,37.54326],[126.81352,37.54277],[126.81301,37.54146],[126.81233,37.54074],[126.81351,37.54063],[126.81473,37.54068],[126.81535,37.54058],[126.81657,37.54056],[126.81735,37.54066],[126.81932,37.54074],[126.82094,37.54075],[126.82207,37.54067],[126.82415,37.54136],[126.82443,37.54136],[126.82539,37.54168],[126.8254,37.5417],[126.82541,37.54172],[126.82536,37.54209],[126.82608,37.54295],[126.82608,37.5433],[126.82571,37.54391],[126.82574,37.5443],[126.82601,37.54488],[126.82662,37.54546],[126.82702,37.54608],[126.82712,37.54669],[126.82745,37.547],[126.82747,37.54745],[126.82753,37.54758],[126.82755,37.54761],[126.82758,37.54768],[126.82762,37.54769],[126.82798,37.54756],[126.82976,37.54773],[126.83092,37.54776],[126.83109,37.54749],[126.83248,37.54745],[126.83284,37.54752],[126.83293,37.5474],[126.83313,37.54754],[126.83315,37.54756],[126.83293,37.5474],[126.83284,37.54752],[126.83248,37.54745],[126.83109,37.54749],[126.83092,37.54776],[126.82976,37.54773],[126.8298,37.54747],[126.82993,37.54689],[126.83,37.54662],[126.83,37.54655],[126.83004,37.54648],[126.83005,37.54645],[126.83013,37.5462],[126.8303,37.54605],[126.83036,37.54559],[126.83017,37.54508],[126.83013,37.54493],[126.83003,37.54464],[126.82991,37.54444],[126.82977,37.54425],[126.82968,37.5441],[126.82968,37.54407],[126.82972,37.54388],[126.82973,37.54386],[126.82972,37.54374],[126.82997,37.54316],[126.83007,37.54295],[126.83023,37.54263],[126.83016,37.54258],[126.83001,37.54252],[126.82999,37.5417],[126.82998,37.54166],[126.8301,37.5416],[126.83013,37.54162],[126.8302,37.5416],[126.83054,37.54176],[126.83191,37.54181],[126.83256,37.54183],[126.83257,37.54183],[126.83259,37.54183],[126.83265,37.54183],[126.83268,37.54183],[126.83274,37.5418],[126.83275,37.5418],[126.83276,37.5418],[126.83282,37.54181],[126.83284,37.54181],[126.83293,37.54183],[126.83301,37.54184],[126.83302,37.54184],[126.83303,37.54184],[126.83306,37.54185],[126.8331,37.54185],[126.83373,37.53984],[126.83516,37.53753],[126.83517,37.53749],[126.83521,37.53723],[126.83515,37.53688],[126.83513,37.53684],[126.83511,37.53673],[126.83441,37.53646],[126.83731,37.53168],[126.84048,37.52649],[126.84838,37.52782],[126.84861,37.52786],[126.84875,37.52788],[126.84887,37.5279],[126.85508,37.52868],[126.85735,37.52896],[126.86397,37.52979],[126.86389,37.53071],[126.86348,37.53561],[126.86347,37.53563],[126.86344,37.53619],[126.86378,37.54026],[126.86378,37.54032],[126.86373,37.54094],[126.86343,37.54172],[126.86279,37.54271],[126.86217,37.54392],[126.86216,37.54393],[126.86212,37.54415],[126.86211,37.54436],[126.86212,37.54449],[126.86289,37.54696],[126.86334,37.54839],[126.8634,37.54859],[126.86399,37.55047],[126.86413,37.55092],[126.86417,37.55104],[126.86421,37.55115],[126.86431,37.55119],[126.86432,37.55119],[126.86442,37.55123],[126.86445,37.55124],[126.86446,37.55124],[126.86447,37.55124],[126.86503,37.55099],[126.86575,37.55065],[126.8672,37.54979],[126.87026,37.54794],[126.87066,37.54772],[126.8718,37.54728],[126.87329,37.54698],[126.87405,37.54694],[126.87773,37.54709],[126.87775,37.54709],[126.87791,37.5471],[126.87796,37.5471],[126.87798,37.5471],[126.87798,37.54711],[126.88026,37.54774],[126.87998,37.5481],[126.87997,37.54811],[126.87995,37.54813],[126.88012,37.54815],[126.88048,37.54819],[126.88053,37.54818],[126.88065,37.54815],[126.88079,37.54809],[126.88074,37.54813],[126.88068,37.54818],[126.88036,37.54845],[126.87985,37.54936],[126.87921,37.55031],[126.87805,37.5517],[126.87795,37.55345],[126.87824,37.55358],[126.87922,37.55315],[126.87924,37.55475],[126.88046,37.55627],[126.87418,37.55948],[126.86895,37.56202],[126.86629,37.56305],[126.86383,37.56449],[126.86304,37.565],[126.86224,37.56407],[126.86257,37.56445],[126.86304,37.565],[126.86265,37.56525],[126.86192,37.56572],[126.86002,37.56693],[126.8592,37.56744],[126.85866,37.56778],[126.85862,37.56781],[126.85826,37.56804],[126.85825,37.56804],[126.85797,37.56822],[126.8572,37.56871],[126.85663,37.56908],[126.8562,37.56936],[126.85608,37.56944],[126.85607,37.56944],[126.85578,37.56967],[126.85502,37.57026],[126.8541,37.57128],[126.85363,37.57179],[126.85235,37.57272],[126.84838,37.57516],[126.8473,37.576],[126.84324,37.57888],[126.84241,37.57926]],[[126.83936,37.55115],[126.84005,37.55096],[126.84061,37.5505],[126.84097,37.55043],[126.8416,37.55049],[126.84186,37.55058],[126.8416,37.55049],[126.84097,37.55043],[126.84061,37.5505],[126.84005,37.55096],[126.84,37.55097],[126.83972,37.55105],[126.83936,37.55115]],[[126.83824,37.55856],[126.83781,37.5586],[126.83751,37.55863],[126.83746,37.55864],[126.83824,37.55856]],[[126.8167,37.5609],[126.81676,37.56452],[126.81667,37.56454],[126.81675,37.56455],[126.81676,37.56452],[126.8167,37.5609]],[[126.81436,37.54358],[126.81437,37.54364],[126.8145,37.54376],[126.81456,37.54375],[126.8147,37.54393],[126.81468,37.54405],[126.8147,37.54393],[126.81456,37.54375],[126.81436,37.54358]],[[126.81484,37.54409],[126.81485,37.54412],[126.81491,37.54417],[126.81528,37.54559],[126.81488,37.54583],[126.81447,37.5463],[126.81436,37.5468],[126.81392,37.54733],[126.81378,37.54807],[126.81387,37.54973],[126.81366,37.55042],[126.81367,37.55042],[126.81369,37.55043],[126.81367,37.55042],[126.81366,37.55042],[126.81387,37.54973],[126.81378,37.54807],[126.81392,37.54733],[126.81436,37.5468],[126.81447,37.5463],[126.81488,37.54583],[126.81528,37.54559],[126.81491,37.54417],[126.81484,37.54409]],[[126.80185,37.55127],[126.80181,37.55127],[126.8018,37.55128],[126.80185,37.55127]],[[126.79735,37.56042],[126.79736,37.56046],[126.79742,37.56047],[126.79735,37.56042]],[[126.80183,37.56099],[126.8019,37.56109],[126.80192,37.56101],[126.80183,37.56099]]],[[[126.83633,37.55081],[126.83783,37.55081],[126.83854,37.5508],[126.83925,37.5508],[126.83783,37.55081],[126.8365,37.55081],[126.83633,37.55081]]],[[[126.84317,37.55269],[126.84334,37.5528],[126.84351,37.55286],[126.84424,37.55298],[126.84472,37.5532],[126.84478,37.55323],[126.84506,37.55342],[126.84478,37.55323],[126.84472,37.5532],[126.84424,37.55298],[126.84351,37.55286],[126.84334,37.5528],[126.84323,37.55273],[126.84317,37.55269]]],[[[126.82034,37.55518],[126.82017,37.55532],[126.81997,37.55548],[126.82034,37.55518]]],[[[126.81769,37.55344],[126.8177,37.55345],[126.81782,37.55354],[126.81784,37.55356],[126.81786,37.55357],[126.81792,37.55362],[126.81793,37.55362],[126.81792,37.55362],[126.81782,37.55354],[126.8177,37.55345],[126.81769,37.55344]]]]},"properties":{"gn":"강서구","g":"11500"}},
{"type":"Feature","geometry":{"type":"Polygon","coordinates":[[[126.87857,37.51971],[126.8791,37.52002],[126.8794,37.52036],[126.87944,37.5206],[126.87941,37.52083],[126.87915,37.52216],[126.879,37.52246],[126.87889,37.5225],[126.87902,37.52249],[126.87905,37.52252],[126.87906,37.52253],[126.87906,37.52254],[126.87905,37.52256],[126.87897,37.52278],[126.87894,37.52288],[126.87893,37.52289],[126.87892,37.52292],[126.8789,37.52305],[126.87889,37.52315],[126.87889,37.5232],[126.87889,37.52325],[126.87892,37.52368],[126.87886,37.52409],[126.87861,37.52468],[126.87861,37.52471],[126.87861,37.52472],[126.87861,37.52505],[126.87861,37.52507],[126.87869,37.52523],[126.87873,37.52531],[126.87875,37.52535],[126.87905,37.5256],[126.87915,37.52566],[126.87919,37.52568],[126.87922,37.52569],[126.87924,37.5257],[126.87928,37.52572],[126.87941,37.52574],[126.88002,37.52574],[126.88014,37.52574],[126.88018,37.52574],[126.88019,37.52574],[126.88024,37.52574],[126.88032,37.52574],[126.88047,37.52574],[126.88058,37.52575],[126.88071,37.52578],[126.88081,37.52584],[126.88094,37.52591],[126.88112,37.52613],[126.88117,37.52652],[126.88095,37.52683],[126.88068,37.52711],[126.88063,37.52724],[126.88061,37.52732],[126.88061,37.52738],[126.8806,37.5274],[126.8806,37.52742],[126.88064,37.52749],[126.88067,37.52755],[126.8808,37.52765],[126.88091,37.52771],[126.88096,37.52773],[126.88101,37.52775],[126.88111,37.52777],[126.88118,37.52779],[126.88135,37.52778],[126.88169,37.52769],[126.88176,37.52767],[126.88177,37.52767],[126.88191,37.52763],[126.88256,37.52733],[126.88258,37.52732],[126.88265,37.52729],[126.88273,37.52725],[126.88291,37.52723],[126.88294,37.52723],[126.88311,37.52723],[126.88312,37.52723],[126.88313,37.52723],[126.88322,37.52725],[126.88328,37.52727],[126.88343,37.52733],[126.88345,37.52734],[126.88351,37.52737],[126.88362,37.52745],[126.88375,37.52758],[126.88384,37.5278],[126.88387,37.52788],[126.88389,37.52804],[126.8839,37.52839],[126.88402,37.52854],[126.88418,37.52867],[126.88421,37.52869],[126.88441,37.52881],[126.88452,37.52884],[126.885,37.52909],[126.88522,37.52919],[126.88553,37.52931],[126.886,37.52945],[126.88617,37.52954],[126.8862,37.52956],[126.88624,37.52958],[126.88632,37.52963],[126.88637,37.52966],[126.88648,37.52973],[126.88656,37.52978],[126.88676,37.52992],[126.8869,37.53002],[126.88703,37.5301],[126.8871,37.53015],[126.88718,37.53019],[126.88769,37.53038],[126.88847,37.53043],[126.88894,37.53035],[126.88937,37.53019],[126.88965,37.53024],[126.89015,37.53094],[126.89036,37.53124],[126.89047,37.53139],[126.89047,37.5314],[126.89048,37.53141],[126.89068,37.53166],[126.89058,37.53172],[126.89048,37.53178],[126.89036,37.53184],[126.89029,37.53187],[126.88966,37.53191],[126.88955,37.53191],[126.88909,37.53191],[126.88903,37.53192],[126.88895,37.53193],[126.88883,37.53198],[126.88874,37.53205],[126.88868,37.53209],[126.88863,37.53212],[126.88855,37.53228],[126.88854,37.53232],[126.88854,37.53239],[126.88853,37.53255],[126.88853,37.53256],[126.88856,37.53264],[126.8886,37.53269],[126.88862,37.53271],[126.88863,37.53273],[126.88866,37.53276],[126.88869,37.53281],[126.88874,37.53284],[126.88875,37.53285],[126.88922,37.5331],[126.88935,37.53316],[126.88936,37.53316],[126.88946,37.53321],[126.88955,37.53325],[126.88983,37.53343],[126.89004,37.53371],[126.89013,37.53438],[126.89008,37.53451],[126.89,37.53471],[126.88992,37.53486],[126.88943,37.53554],[126.88882,37.53613],[126.8887,37.53622],[126.88868,37.53624],[126.88859,37.53631],[126.88835,37.5366],[126.88826,37.53671],[126.88808,37.53697],[126.88768,37.53754],[126.88767,37.53757],[126.88711,37.53859],[126.88708,37.53863],[126.88704,37.53868],[126.88685,37.53883],[126.88623,37.53994],[126.88595,37.54054],[126.88592,37.54061],[126.88579,37.5409],[126.88572,37.54106],[126.88551,37.54158],[126.88545,37.54185],[126.88543,37.54233],[126.88535,37.54256],[126.88529,37.54274],[126.88513,37.54317],[126.88509,37.5433],[126.88509,37.54331],[126.88443,37.54338],[126.88425,37.54356],[126.88422,37.5444],[126.88409,37.54464],[126.88275,37.54575],[126.88213,37.54672],[126.88212,37.54673],[126.88211,37.54674],[126.88209,37.54677],[126.88208,37.54677],[126.88202,37.54683],[126.88201,37.54684],[126.88201,37.54685],[126.882,37.54685],[126.88198,37.54687],[126.88197,37.54688],[126.88195,37.5469],[126.88188,37.54696],[126.88176,37.54708],[126.8817,37.54714],[126.88125,37.54765],[126.88102,37.54787],[126.88097,37.54792],[126.88088,37.548],[126.88081,37.54808],[126.88079,37.54809],[126.88065,37.54815],[126.88053,37.54818],[126.88048,37.54819],[126.88012,37.54815],[126.88006,37.54815],[126.87995,37.54813],[126.87998,37.5481],[126.88026,37.54774],[126.87798,37.54711],[126.87798,37.5471],[126.87796,37.5471],[126.87791,37.5471],[126.87775,37.54709],[126.87773,37.54709],[126.87405,37.54694],[126.87329,37.54698],[126.8718,37.54728],[126.87066,37.54772],[126.87026,37.54794],[126.8672,37.54979],[126.86575,37.55065],[126.86503,37.55099],[126.86446,37.55124],[126.86442,37.55123],[126.86432,37.55119],[126.86421,37.55115],[126.86417,37.55104],[126.86413,37.55092],[126.86399,37.55047],[126.8634,37.54859],[126.86334,37.54839],[126.86289,37.54696],[126.86212,37.54449],[126.86211,37.54436],[126.86212,37.54415],[126.86216,37.54393],[126.86217,37.54392],[126.86279,37.54271],[126.86343,37.54172],[126.86373,37.54094],[126.86378,37.54032],[126.86378,37.54026],[126.86344,37.53619],[126.86348,37.53561],[126.86389,37.53071],[126.86397,37.52979],[126.86428,37.52611],[126.86397,37.52979],[126.85735,37.52896],[126.84887,37.5279],[126.84861,37.52786],[126.84838,37.52782],[126.84048,37.52649],[126.83731,37.53168],[126.83441,37.53646],[126.83511,37.53673],[126.83513,37.53684],[126.83515,37.53688],[126.83521,37.53723],[126.83516,37.53753],[126.83373,37.53984],[126.8331,37.54185],[126.83306,37.54185],[126.83303,37.54184],[126.83302,37.54184],[126.83301,37.54184],[126.83293,37.54183],[126.83284,37.54181],[126.83282,37.54181],[126.83276,37.5418],[126.83275,37.5418],[126.83274,37.5418],[126.83268,37.54183],[126.83265,37.54183],[126.83259,37.54183],[126.83257,37.54183],[126.83256,37.54183],[126.83054,37.54176],[126.8302,37.5416],[126.83013,37.54162],[126.8301,37.5416],[126.82998,37.54166],[126.82999,37.5417],[126.83001,37.54252],[126.83016,37.54258],[126.83023,37.54263],[126.83007,37.54295],[126.82997,37.54316],[126.82972,37.54374],[126.82973,37.54386],[126.82972,37.54388],[126.82968,37.54407],[126.82968,37.5441],[126.82977,37.54425],[126.82991,37.54444],[126.83003,37.54464],[126.83013,37.54493],[126.83017,37.54508],[126.83036,37.54559],[126.8303,37.54605],[126.83013,37.5462],[126.83005,37.54645],[126.83004,37.54648],[126.83,37.54655],[126.83,37.54662],[126.82993,37.54689],[126.8298,37.54747],[126.82976,37.54773],[126.82798,37.54756],[126.82762,37.54769],[126.82758,37.54768],[126.82753,37.54758],[126.82747,37.54745],[126.82745,37.547],[126.82712,37.54669],[126.82702,37.54608],[126.82662,37.54546],[126.82601,37.54488],[126.82574,37.5443],[126.82571,37.54391],[126.82608,37.5433],[126.82608,37.54295],[126.82536,37.54209],[126.82541,37.54172],[126.8254,37.5417],[126.82539,37.54168],[126.82443,37.54136],[126.82415,37.54136],[126.82205,37.54066],[126.82159,37.53971],[126.82232,37.53792],[126.82243,37.53654],[126.82193,37.53505],[126.82192,37.53483],[126.82262,37.5342],[126.8227,37.53375],[126.82355,37.53376],[126.82343,37.53262],[126.82396,37.53181],[126.82458,37.53122],[126.82474,37.5306],[126.82531,37.52996],[126.82556,37.52985],[126.82707,37.52971],[126.82821,37.52903],[126.82787,37.52836],[126.82794,37.528],[126.82843,37.5267],[126.82815,37.52583],[126.82731,37.52528],[126.82675,37.52513],[126.82613,37.5243],[126.82582,37.52371],[126.82514,37.52301],[126.82566,37.52224],[126.82548,37.52175],[126.82565,37.52103],[126.82562,37.52008],[126.82459,37.51805],[126.8245,37.51772],[126.8231,37.51622],[126.8234,37.51495],[126.82426,37.51447],[126.82441,37.51318],[126.82415,37.51244],[126.82386,37.51088],[126.82434,37.51023],[126.8239,37.5091],[126.82408,37.50888],[126.82469,37.50832],[126.82627,37.50877],[126.82688,37.50852],[126.82706,37.5085],[126.82765,37.50868],[126.82811,37.5088],[126.82852,37.50867],[126.82949,37.50832],[126.82984,37.50835],[126.83055,37.50824],[126.83065,37.50822],[126.83103,37.50803],[126.83104,37.5079],[126.83102,37.50782],[126.83101,37.5078],[126.83098,37.50771],[126.83065,37.50701],[126.83061,37.50694],[126.83061,37.50631],[126.8309,37.50609],[126.8312,37.50577],[126.8316,37.50511],[126.83207,37.50463],[126.83266,37.50437],[126.83291,37.50426],[126.83301,37.50409],[126.83362,37.50387],[126.83382,37.50359],[126.83384,37.50357],[126.83394,37.50343],[126.83525,37.50287],[126.83639,37.50308],[126.8364,37.50308],[126.83649,37.50312],[126.8365,37.50313],[126.83659,37.50317],[126.83692,37.50332],[126.83708,37.50331],[126.83749,37.50328],[126.83815,37.50381],[126.83841,37.50435],[126.83849,37.50442],[126.83855,37.50445],[126.8388,37.50455],[126.83932,37.50445],[126.83959,37.5045],[126.83995,37.50488],[126.83999,37.50496],[126.84,37.50498],[126.84006,37.50519],[126.84006,37.5052],[126.84011,37.50538],[126.84017,37.50543],[126.84025,37.50545],[126.8405,37.50552],[126.84074,37.50604],[126.84117,37.50583],[126.84207,37.50567],[126.84243,37.50548],[126.84267,37.50549],[126.84269,37.50549],[126.84347,37.5058],[126.84358,37.50582],[126.8445,37.50571],[126.84467,37.50577],[126.84438,37.50649],[126.84487,37.50732],[126.84493,37.5074],[126.84497,37.50743],[126.84506,37.50753],[126.84526,37.50771],[126.84534,37.50777],[126.84535,37.50778],[126.84536,37.50779],[126.84545,37.50784],[126.84576,37.50797],[126.846,37.50804],[126.84609,37.50815],[126.84615,37.50826],[126.84626,37.50847],[126.84623,37.50898],[126.84651,37.50903],[126.84662,37.50905],[126.84664,37.50906],[126.84729,37.50948],[126.8476,37.50935],[126.8479,37.5092],[126.84869,37.50889],[126.84871,37.50888],[126.84903,37.50907],[126.84952,37.50964],[126.85009,37.51013],[126.85033,37.51009],[126.85076,37.51001],[126.8512,37.51009],[126.85139,37.51013],[126.85216,37.51048],[126.85287,37.51069],[126.8531,37.51059],[126.85377,37.51033],[126.85404,37.51022],[126.8552,37.50971],[126.8553,37.50958],[126.85561,37.50916],[126.85722,37.50963],[126.85787,37.5098],[126.8583,37.50992],[126.85833,37.50992],[126.85885,37.50906],[126.85936,37.50821],[126.86027,37.5067],[126.86044,37.50674],[126.86086,37.50687],[126.86125,37.50698],[126.86167,37.5071],[126.8627,37.5074],[126.86315,37.50784],[126.86318,37.50786],[126.86358,37.50803],[126.86372,37.5081],[126.86384,37.50818],[126.86408,37.50834],[126.86399,37.50823],[126.86385,37.50809],[126.86378,37.50801],[126.86331,37.50752],[126.86307,37.50729],[126.86279,37.50696],[126.86263,37.50681],[126.86279,37.50669],[126.86294,37.50656],[126.86284,37.50594],[126.86314,37.50532],[126.86338,37.50511],[126.8636,37.50502],[126.86369,37.50502],[126.86455,37.50499],[126.86469,37.50507],[126.86473,37.50513],[126.86484,37.5055],[126.86516,37.50556],[126.86544,37.50557],[126.86594,37.50554],[126.86605,37.50553],[126.86623,37.50545],[126.86642,37.50539],[126.86657,37.50528],[126.86646,37.50525],[126.86679,37.50529],[126.86714,37.50529],[126.86796,37.50488],[126.86901,37.50485],[126.87025,37.50584],[126.87064,37.50575],[126.8712,37.50513],[126.87145,37.50507],[126.87147,37.50469],[126.87183,37.5042],[126.87187,37.50413],[126.87212,37.50411],[126.87233,37.50407],[126.87243,37.50403],[126.87274,37.50384],[126.87318,37.50376],[126.87357,37.50355],[126.87376,37.50421],[126.8737,37.50445],[126.87369,37.50455],[126.87369,37.50456],[126.87371,37.50476],[126.87417,37.50531],[126.87442,37.50609],[126.87471,37.50667],[126.87424,37.50698],[126.87421,37.50717],[126.8743,37.50726],[126.87438,37.50732],[126.87445,37.50736],[126.87448,37.50738],[126.87465,37.50746],[126.87473,37.50748],[126.87484,37.50749],[126.87485,37.50749],[126.87499,37.50759],[126.8748,37.50826],[126.87457,37.5084],[126.87442,37.50844],[126.87421,37.50852],[126.8742,37.50853],[126.8739,37.50867],[126.87385,37.50873],[126.87381,37.50878],[126.87379,37.50881],[126.87378,37.50902],[126.87401,37.50937],[126.87403,37.50939],[126.8741,37.50943],[126.87419,37.50946],[126.87432,37.50949],[126.87441,37.50949],[126.87462,37.50942],[126.87542,37.50945],[126.8756,37.50966],[126.87518,37.51051],[126.87521,37.51069],[126.87537,37.51093],[126.87561,37.51112],[126.87622,37.51098],[126.87635,37.51081],[126.87639,37.51071],[126.87652,37.51062],[126.87673,37.51068],[126.87684,37.51084],[126.87656,37.51115],[126.8757,37.51136],[126.87518,37.51183],[126.8748,37.51149],[126.87489,37.51103],[126.8748,37.51085],[126.87432,37.51068],[126.87405,37.51087],[126.874,37.5113],[126.87513,37.51238],[126.87573,37.5122],[126.8761,37.51242],[126.87618,37.5125],[126.8762,37.51252],[126.87645,37.51293],[126.87638,37.51325],[126.87673,37.51372],[126.87782,37.51363],[126.87772,37.51373],[126.87766,37.51438],[126.8776,37.51486],[126.87771,37.5151],[126.87778,37.51522],[126.87783,37.5156],[126.87795,37.51614],[126.87816,37.51621],[126.87848,37.51635],[126.879,37.5169],[126.879,37.51696],[126.87894,37.51708],[126.87881,37.51715],[126.87871,37.5172],[126.87859,37.5173],[126.87853,37.51739],[126.87855,37.51754],[126.87862,37.51757],[126.87929,37.51749],[126.87959,37.5177],[126.87957,37.51771],[126.87948,37.51778],[126.8788,37.51791],[126.87842,37.51825],[126.8782,37.51875],[126.87832,37.51943],[126.87857,37.51971]]]},"properties":{"gn":"양천구","g":"11470"}},
{"type":"Feature","geometry":{"type":"Polygon","coordinates":[[[126.87948,37.51778],[126.87957,37.51771],[126.87959,37.5177],[126.87929,37.51749],[126.87862,37.51757],[126.87855,37.51754],[126.87853,37.51739],[126.87859,37.5173],[126.87871,37.5172],[126.87881,37.51715],[126.87894,37.51708],[126.879,37.51696],[126.879,37.5169],[126.87848,37.51635],[126.87816,37.51621],[126.87795,37.51614],[126.87783,37.5156],[126.87778,37.51522],[126.87771,37.5151],[126.8776,37.51486],[126.87766,37.51438],[126.87772,37.51373],[126.87782,37.51363],[126.87673,37.51372],[126.87638,37.51325],[126.87645,37.51293],[126.8762,37.51252],[126.87618,37.5125],[126.8761,37.51242],[126.87573,37.5122],[126.87513,37.51238],[126.874,37.5113],[126.87405,37.51087],[126.87432,37.51068],[126.8748,37.51085],[126.87489,37.51103],[126.8748,37.51149],[126.87518,37.51183],[126.8757,37.51136],[126.87656,37.51115],[126.87684,37.51084],[126.87673,37.51068],[126.87652,37.51062],[126.87639,37.51071],[126.87635,37.51081],[126.87622,37.51098],[126.87561,37.51112],[126.87537,37.51093],[126.87521,37.51069],[126.87518,37.51051],[126.8756,37.50966],[126.87542,37.50945],[126.87462,37.50942],[126.87441,37.50949],[126.87432,37.50949],[126.87419,37.50946],[126.8741,37.50943],[126.87403,37.50939],[126.87401,37.50937],[126.87378,37.50902],[126.87379,37.50881],[126.87381,37.50878],[126.87385,37.50873],[126.8739,37.50867],[126.8742,37.50853],[126.87421,37.50852],[126.87442,37.50844],[126.87457,37.5084],[126.8748,37.50826],[126.87499,37.50759],[126.87485,37.50749],[126.87484,37.50749],[126.87473,37.50748],[126.87465,37.50746],[126.87448,37.50738],[126.87445,37.50736],[126.87438,37.50732],[126.8743,37.50726],[126.87421,37.50717],[126.87424,37.50698],[126.87471,37.50667],[126.87442,37.50609],[126.87417,37.50531],[126.87371,37.50476],[126.87369,37.50456],[126.87369,37.50455],[126.8737,37.50445],[126.87376,37.50421],[126.87357,37.50355],[126.87318,37.50376],[126.87274,37.50384],[126.87243,37.50403],[126.87233,37.50407],[126.87212,37.50411],[126.87187,37.50413],[126.87183,37.5042],[126.87147,37.50469],[126.87145,37.50507],[126.8712,37.50513],[126.87064,37.50575],[126.87025,37.50584],[126.86901,37.50485],[126.86796,37.50488],[126.86714,37.50529],[126.86679,37.50529],[126.86646,37.50525],[126.86657,37.50528],[126.86642,37.50539],[126.86623,37.50545],[126.86605,37.50553],[126.86594,37.50554],[126.86544,37.50557],[126.86516,37.50556],[126.86484,37.5055],[126.86473,37.50513],[126.86469,37.50507],[126.86455,37.50499],[126.86369,37.50502],[126.8636,37.50502],[126.86338,37.50511],[126.86314,37.50532],[126.86284,37.50594],[126.86276,37.5064],[126.86294,37.50656],[126.86279,37.50669],[126.86263,37.50681],[126.86279,37.50696],[126.86307,37.50729],[126.86331,37.50752],[126.86378,37.50801],[126.86385,37.50809],[126.86399,37.50823],[126.86408,37.50834],[126.86384,37.50818],[126.86372,37.5081],[126.86358,37.50803],[126.86318,37.50786],[126.86315,37.50784],[126.8627,37.5074],[126.86167,37.5071],[126.86125,37.50698],[126.86086,37.50687],[126.86044,37.50674],[126.86027,37.5067],[126.85936,37.50821],[126.85885,37.50906],[126.85833,37.50992],[126.8583,37.50992],[126.85787,37.5098],[126.85722,37.50963],[126.85561,37.50916],[126.8553,37.50958],[126.8552,37.50971],[126.85404,37.51022],[126.85377,37.51033],[126.8531,37.51059],[126.85287,37.51069],[126.85216,37.51048],[126.85139,37.51013],[126.8512,37.51009],[126.85076,37.51001],[126.85033,37.51009],[126.85009,37.51013],[126.84952,37.50964],[126.84903,37.50907],[126.84871,37.50888],[126.84869,37.50889],[126.8479,37.5092],[126.8476,37.50935],[126.84729,37.50948],[126.84664,37.50906],[126.84662,37.50905],[126.84651,37.50903],[126.84623,37.50898],[126.84629,37.5087],[126.84626,37.50847],[126.84615,37.50826],[126.84609,37.50815],[126.846,37.50804],[126.84576,37.50797],[126.84545,37.50784],[126.84536,37.50779],[126.84535,37.50778],[126.84534,37.50777],[126.84506,37.50753],[126.84497,37.50743],[126.84493,37.5074],[126.84487,37.50732],[126.84438,37.50649],[126.84467,37.50577],[126.8445,37.50571],[126.84441,37.50568],[126.84358,37.50582],[126.84347,37.5058],[126.84269,37.50549],[126.84267,37.50549],[126.84243,37.50548],[126.84207,37.50567],[126.84117,37.50583],[126.84074,37.50604],[126.8405,37.50552],[126.84025,37.50545],[126.84017,37.50543],[126.84012,37.50538],[126.84006,37.50519],[126.84,37.50498],[126.83999,37.50496],[126.83995,37.50488],[126.83959,37.5045],[126.83932,37.50445],[126.8388,37.50455],[126.83855,37.50445],[126.83849,37.50442],[126.83841,37.50435],[126.83815,37.50381],[126.83749,37.50328],[126.83708,37.50331],[126.83692,37.50332],[126.83659,37.50317],[126.8365,37.50313],[126.83649,37.50312],[126.8364,37.50308],[126.83639,37.50308],[126.83525,37.50287],[126.83394,37.50343],[126.83384,37.50357],[126.83382,37.50359],[126.83362,37.50387],[126.83301,37.50409],[126.83291,37.50426],[126.83266,37.50437],[126.83207,37.50463],[126.8316,37.50511],[126.8312,37.50577],[126.8309,37.50609],[126.83061,37.50631],[126.83061,37.50694],[126.83065,37.50701],[126.83098,37.50771],[126.83101,37.5078],[126.83102,37.50782],[126.83104,37.5079],[126.83103,37.50803],[126.83065,37.50822],[126.83055,37.50824],[126.82984,37.50835],[126.82949,37.50832],[126.82852,37.50867],[126.82811,37.5088],[126.82765,37.50868],[126.82714,37.5085],[126.82699,37.5085],[126.82692,37.50849],[126.82688,37.50852],[126.82627,37.50877],[126.82613,37.50872],[126.82487,37.50836],[126.82446,37.50826],[126.82359,37.50814],[126.82255,37.50771],[126.82222,37.50769],[126.82238,37.50611],[126.82255,37.50569],[126.82202,37.50508],[126.82183,37.50454],[126.82198,37.5039],[126.82156,37.5029],[126.82156,37.50216],[126.82,37.50143],[126.81942,37.50079],[126.81947,37.49978],[126.81964,37.49921],[126.81891,37.49875],[126.81821,37.49886],[126.81758,37.49823],[126.81689,37.49802],[126.8161,37.49764],[126.81577,37.49764],[126.81514,37.49801],[126.81414,37.49813],[126.81404,37.49735],[126.81325,37.49673],[126.81301,37.4964],[126.81387,37.4949],[126.81435,37.49443],[126.81432,37.49376],[126.81457,37.49319],[126.81549,37.4932],[126.81587,37.49263],[126.81789,37.49154],[126.81857,37.49156],[126.81925,37.49131],[126.81953,37.49105],[126.82034,37.49073],[126.82098,37.49079],[126.82102,37.49059],[126.82163,37.49029],[126.82276,37.48998],[126.82305,37.48929],[126.82304,37.48838],[126.82301,37.48815],[126.82351,37.48774],[126.82248,37.48692],[126.82239,37.48672],[126.82164,37.48652],[126.82129,37.48618],[126.81933,37.4855],[126.81949,37.48481],[126.81932,37.48413],[126.81957,37.48365],[126.81939,37.48331],[126.81958,37.48244],[126.81998,37.48164],[126.81958,37.48079],[126.81954,37.48032],[126.819,37.47916],[126.81826,37.47816],[126.81721,37.47814],[126.81641,37.47754],[126.81607,37.47708],[126.81611,37.47674],[126.8153,37.47636],[126.81496,37.47586],[126.81463,37.47465],[126.81547,37.47405],[126.81656,37.47399],[126.81695,37.47368],[126.81708,37.47329],[126.81764,37.47319],[126.81792,37.47369],[126.81863,37.47408],[126.81832,37.4753],[126.81907,37.47545],[126.81908,37.47613],[126.81958,37.47636],[126.81987,37.47622],[126.82115,37.4763],[126.82173,37.47611],[126.82211,37.47575],[126.82365,37.47613],[126.82395,37.47647],[126.82433,37.47625],[126.82612,37.47622],[126.82787,37.47599],[126.8292,37.4762],[126.82962,37.4769],[126.83046,37.47734],[126.83175,37.47765],[126.83348,37.47716],[126.83393,37.47678],[126.83408,37.47642],[126.83487,37.47575],[126.83461,37.47487],[126.83483,37.47442],[126.83572,37.47438],[126.83618,37.47481],[126.8372,37.47488],[126.8383,37.47539],[126.83923,37.47517],[126.83969,37.47514],[126.84011,37.47476],[126.84103,37.47465],[126.84278,37.47497],[126.84354,37.47454],[126.84432,37.4743],[126.84491,37.4735],[126.84536,37.47381],[126.84576,37.47781],[126.84588,37.47964],[126.84605,37.48093],[126.84641,37.4815],[126.84699,37.48189],[126.8478,37.48208],[126.84847,37.48209],[126.85042,37.48157],[126.85167,37.48159],[126.8527,37.48182],[126.85313,37.48231],[126.85316,37.48262],[126.85364,37.48262],[126.85395,37.48297],[126.85487,37.48479],[126.85551,37.48541],[126.85642,37.4857],[126.85729,37.48576],[126.85797,37.48608],[126.86138,37.48997],[126.86177,37.49033],[126.86259,37.49076],[126.86403,37.49102],[126.86515,37.49159],[126.8654,37.49151],[126.86581,37.49215],[126.8663,37.49263],[126.86669,37.49266],[126.86737,37.49307],[126.86776,37.49358],[126.86761,37.49426],[126.86704,37.49395],[126.86689,37.49432],[126.86759,37.49482],[126.86835,37.49511],[126.86924,37.49453],[126.86971,37.4941],[126.87007,37.49349],[126.86958,37.49311],[126.86945,37.4926],[126.86996,37.49251],[126.86998,37.49221],[126.86946,37.49211],[126.86935,37.49164],[126.86989,37.49125],[126.86999,37.49087],[126.86968,37.49049],[126.87023,37.49011],[126.87023,37.4896],[126.87066,37.48956],[126.87126,37.48977],[126.87158,37.49021],[126.87147,37.49057],[126.87183,37.49078],[126.87225,37.4906],[126.87272,37.49082],[126.8733,37.49085],[126.87377,37.49122],[126.87437,37.49122],[126.87484,37.49075],[126.87445,37.49043],[126.87458,37.48977],[126.87411,37.48978],[126.87409,37.49021],[126.87358,37.49048],[126.87284,37.49001],[126.87244,37.48954],[126.87267,37.48855],[126.87308,37.48825],[126.87373,37.48864],[126.87449,37.48886],[126.875,37.48849],[126.87537,37.48861],[126.87582,37.48903],[126.87638,37.48894],[126.87679,37.48857],[126.87669,37.48785],[126.87597,37.48691],[126.87536,37.4869],[126.875,37.48649],[126.87502,37.48601],[126.87456,37.48537],[126.87518,37.48547],[126.87762,37.48608],[126.87846,37.48666],[126.87945,37.48622],[126.88059,37.48582],[126.88089,37.48572],[126.88093,37.4857],[126.88135,37.48556],[126.88272,37.48475],[126.88616,37.48235],[126.88773,37.48044],[126.88878,37.47979],[126.88988,37.47939],[126.89509,37.4785],[126.89585,37.47851],[126.89656,37.47871],[126.89899,37.47915],[126.89942,37.48024],[126.90007,37.48118],[126.9032,37.485],[126.90171,37.48523],[126.90012,37.48592],[126.89814,37.48695],[126.89612,37.48934],[126.89601,37.49021],[126.8957,37.49085],[126.8946,37.49516],[126.89404,37.49816],[126.89362,37.49959],[126.89293,37.50036],[126.89276,37.50083],[126.89293,37.50157],[126.89273,37.50207],[126.89313,37.50268],[126.89269,37.50331],[126.8933,37.50405],[126.89323,37.50463],[126.89378,37.50473],[126.89397,37.50501],[126.89324,37.50673],[126.89301,37.50694],[126.89297,37.5074],[126.89228,37.50906],[126.89233,37.5091],[126.89202,37.50983],[126.8917,37.51031],[126.89105,37.51037],[126.89064,37.51089],[126.88981,37.51172],[126.88971,37.51223],[126.88879,37.51224],[126.88836,37.51234],[126.88784,37.51301],[126.8875,37.51319],[126.88634,37.51336],[126.88568,37.51358],[126.8846,37.51371],[126.88409,37.51439],[126.88271,37.51514],[126.88271,37.51577],[126.88202,37.5161],[126.88173,37.51642],[126.87948,37.51778]]]},"properties":{"gn":"구로구","g":"11530"}},
{"type":"Feature","geometry":{"type":"Polygon","coordinates":[[[126.87456,37.48537],[126.87422,37.48519],[126.87381,37.48532],[126.87314,37.48615],[126.87244,37.48611],[126.87176,37.48527],[126.8718,37.485],[126.87221,37.48443],[126.87278,37.48437],[126.87329,37.48409],[126.87276,37.48338],[126.87274,37.48243],[126.87338,37.48243],[126.87427,37.48042],[126.87599,37.4771],[126.87801,37.47383],[126.88047,37.47069],[126.88159,37.46942],[126.88145,37.469],[126.88163,37.46846],[126.88253,37.46793],[126.88301,37.46706],[126.88328,37.46686],[126.88399,37.46667],[126.88462,37.46601],[126.88457,37.46565],[126.88418,37.46539],[126.88315,37.46513],[126.88277,37.46483],[126.88275,37.46439],[126.88378,37.46318],[126.88432,37.46272],[126.88514,37.46247],[126.88584,37.4627],[126.88712,37.4629],[126.88888,37.46095],[126.88834,37.46078],[126.88747,37.46107],[126.88607,37.46086],[126.88565,37.46043],[126.88535,37.45986],[126.88538,37.45947],[126.88629,37.45911],[126.88632,37.45845],[126.88591,37.45782],[126.88588,37.45751],[126.88619,37.45652],[126.8864,37.45617],[126.88737,37.45546],[126.88802,37.45558],[126.88834,37.45509],[126.88926,37.45448],[126.88908,37.45397],[126.88967,37.45352],[126.8895,37.4527],[126.88964,37.45232],[126.89032,37.4525],[126.89136,37.45221],[126.8919,37.45231],[126.89239,37.452],[126.89276,37.45204],[126.89305,37.45259],[126.89361,37.45282],[126.89398,37.45272],[126.8946,37.45116],[126.8949,37.45063],[126.89591,37.44842],[126.89523,37.44837],[126.89475,37.4477],[126.89465,37.4467],[126.89531,37.44621],[126.89551,37.44578],[126.89578,37.44563],[126.89676,37.4457],[126.89727,37.44544],[126.89878,37.44206],[126.899,37.44118],[126.89949,37.4406],[126.8999,37.43955],[126.89928,37.43964],[126.89876,37.43928],[126.89914,37.43867],[126.90034,37.43773],[126.90085,37.43698],[126.90275,37.43586],[126.90279,37.43478],[126.90299,37.43407],[126.90353,37.43416],[126.90482,37.43399],[126.90611,37.43399],[126.90637,37.4337],[126.90693,37.4337],[126.90725,37.43352],[126.90793,37.43372],[126.90859,37.43369],[126.9094,37.43386],[126.91003,37.43432],[126.91022,37.43482],[126.91068,37.4355],[126.91133,37.43617],[126.9112,37.4372],[126.91143,37.43762],[126.9118,37.43777],[126.91231,37.43858],[126.91281,37.43872],[126.91319,37.4391],[126.91389,37.43931],[126.91483,37.43938],[126.91612,37.44005],[126.91786,37.44015],[126.91926,37.43985],[126.92027,37.44047],[126.92117,37.44255],[126.92166,37.44281],[126.92236,37.4437],[126.92276,37.44404],[126.92295,37.44487],[126.9229,37.44517],[126.92325,37.44577],[126.92498,37.44678],[126.92602,37.4477],[126.92652,37.44839],[126.92774,37.44898],[126.92828,37.44935],[126.9284,37.45021],[126.92851,37.45055],[126.92837,37.451],[126.92788,37.45109],[126.92732,37.451],[126.92669,37.45173],[126.92628,37.45254],[126.92543,37.45299],[126.92479,37.45283],[126.92426,37.45338],[126.92418,37.45368],[126.92335,37.4542],[126.92283,37.45516],[126.92253,37.45633],[126.92219,37.45663],[126.92089,37.45683],[126.91968,37.45676],[126.91914,37.45689],[126.91832,37.45693],[126.91748,37.45711],[126.9169,37.45752],[126.91626,37.45734],[126.9156,37.45743],[126.91495,37.45731],[126.91457,37.45745],[126.91403,37.45789],[126.91402,37.45845],[126.91424,37.45894],[126.914,37.45947],[126.91425,37.45995],[126.91418,37.46096],[126.91439,37.46158],[126.91395,37.46194],[126.91371,37.46279],[126.91329,37.46306],[126.91296,37.46356],[126.91295,37.46422],[126.91369,37.46538],[126.91238,37.46588],[126.91238,37.46625],[126.91164,37.4668],[126.91161,37.46712],[126.91109,37.46773],[126.91104,37.46808],[126.90996,37.46876],[126.91024,37.46924],[126.90955,37.47045],[126.90959,37.4707],[126.90878,37.47178],[126.90819,37.47273],[126.90856,37.47296],[126.91003,37.47343],[126.91075,37.4736],[126.91136,37.47448],[126.91118,37.47522],[126.91137,37.47599],[126.91162,37.4763],[126.9118,37.47686],[126.91182,37.47781],[126.91066,37.47795],[126.91043,37.47836],[126.90946,37.47803],[126.90862,37.47908],[126.90882,37.47955],[126.9091,37.47964],[126.90898,37.48009],[126.90993,37.48025],[126.90979,37.48077],[126.90552,37.47998],[126.90524,37.48011],[126.89894,37.47894],[126.89899,37.47915],[126.89656,37.47871],[126.89585,37.47851],[126.89509,37.4785],[126.88988,37.47939],[126.88878,37.47979],[126.88773,37.48044],[126.88616,37.48235],[126.88272,37.48475],[126.88135,37.48556],[126.88093,37.4857],[126.88059,37.48582],[126.87945,37.48622],[126.87846,37.48666],[126.87762,37.48608],[126.87518,37.48547],[126.87456,37.48537]]]},"properties":{"gn":"금천구","g":"11545"}},
{"type":"Feature","geometry":{"type":"Polygon","coordinates":[[[126.99752,37.51742],[126.99742,37.51736],[126.99068,37.5131],[126.98749,37.50906],[126.98554,37.50655],[126.98241,37.50654],[126.9804,37.50654],[126.9804,37.50459],[126.97983,37.50418],[126.98013,37.5037],[126.98021,37.50321],[126.98054,37.50269],[126.98203,37.50204],[126.98428,37.50071],[126.98538,37.49986],[126.98319,37.49737],[126.98293,37.49699],[126.98281,37.49267],[126.98278,37.49265],[126.98268,37.49167],[126.98263,37.49008],[126.98232,37.48854],[126.98219,37.48673],[126.98168,37.47717],[126.98169,37.47653],[126.98172,37.47568],[126.98216,37.47372],[126.98319,37.47161],[126.98403,37.47054],[126.98532,37.46925],[126.98693,37.46797],[126.98727,37.46762],[126.98725,37.46723],[126.98794,37.46593],[126.98834,37.464],[126.98813,37.46304],[126.98752,37.46067],[126.98769,37.45963],[126.98846,37.45854],[126.98864,37.45817],[126.9895,37.45852],[126.98999,37.45946],[126.99133,37.46014],[126.9917,37.46052],[126.99265,37.46034],[126.99289,37.46095],[126.99335,37.4615],[126.99429,37.46142],[126.99677,37.46187],[126.99698,37.46316],[126.99737,37.46369],[126.99719,37.46418],[126.99662,37.46478],[126.99664,37.46543],[126.99623,37.46661],[126.99675,37.46707],[126.99743,37.46724],[126.9978,37.46702],[126.99878,37.46723],[127.00048,37.46706],[127.00149,37.46732],[127.00196,37.46709],[127.00273,37.46712],[127.00368,37.46772],[127.00452,37.4668],[127.00449,37.46633],[127.00491,37.46584],[127.00468,37.46517],[127.00481,37.46488],[127.00447,37.46407],[127.00475,37.46384],[127.00497,37.46319],[127.00533,37.46279],[127.00577,37.46255],[127.00613,37.46173],[127.00704,37.46022],[127.00727,37.46014],[127.00821,37.4591],[127.00853,37.45805],[127.00923,37.45722],[127.00985,37.45693],[127.01065,37.45604],[127.01082,37.45542],[127.01115,37.45538],[127.01237,37.45555],[127.01339,37.45535],[127.01451,37.45486],[127.01557,37.45492],[127.01629,37.45523],[127.01695,37.45597],[127.01755,37.45614],[127.01884,37.45579],[127.01969,37.45579],[127.02037,37.45616],[127.0215,37.45623],[127.0222,37.45662],[127.02279,37.45725],[127.02371,37.45732],[127.02413,37.45745],[127.02528,37.45749],[127.026,37.45782],[127.02644,37.45834],[127.0264,37.45945],[127.02657,37.45964],[127.02753,37.45983],[127.02836,37.45989],[127.02846,37.46013],[127.02816,37.46062],[127.02804,37.46125],[127.02932,37.4627],[127.02961,37.46328],[127.02969,37.46391],[127.02951,37.46447],[127.02953,37.46537],[127.02993,37.46535],[127.0312,37.46563],[127.03192,37.46552],[127.03314,37.46502],[127.03348,37.46464],[127.03469,37.46415],[127.03453,37.46334],[127.03392,37.46213],[127.03373,37.46124],[127.03401,37.4603],[127.0345,37.46006],[127.03492,37.46018],[127.03504,37.45901],[127.03492,37.45844],[127.03502,37.45789],[127.03576,37.45748],[127.03674,37.45644],[127.03685,37.45582],[127.03713,37.45521],[127.03642,37.45465],[127.03627,37.45426],[127.03559,37.45409],[127.03547,37.45344],[127.03482,37.45311],[127.03475,37.45262],[127.03537,37.45223],[127.03578,37.4522],[127.03608,37.45166],[127.03641,37.4515],[127.03691,37.45081],[127.0373,37.45001],[127.03774,37.44942],[127.03781,37.44892],[127.03737,37.44856],[127.03716,37.44801],[127.03753,37.44736],[127.03725,37.44645],[127.03821,37.44586],[127.03823,37.44518],[127.03793,37.44418],[127.03757,37.44384],[127.03748,37.44327],[127.03697,37.4429],[127.03684,37.44236],[127.03643,37.44183],[127.03562,37.44133],[127.03517,37.44094],[127.03532,37.43997],[127.03549,37.43976],[127.03557,37.439],[127.03632,37.43878],[127.03707,37.43828],[127.03844,37.43836],[127.03903,37.43815],[127.04005,37.43824],[127.04109,37.43777],[127.04114,37.43741],[127.04144,37.43711],[127.04265,37.43637],[127.04419,37.43506],[127.04436,37.43442],[127.04495,37.43385],[127.04591,37.43348],[127.04631,37.43345],[127.04654,37.43265],[127.04722,37.43204],[127.04718,37.43173],[127.04737,37.4307],[127.04755,37.43061],[127.04958,37.43027],[127.04986,37.43031],[127.05019,37.4299],[127.05136,37.4292],[127.05217,37.42834],[127.05291,37.42854],[127.05368,37.42897],[127.05477,37.42927],[127.05555,37.42936],[127.05611,37.42961],[127.05807,37.43001],[127.05906,37.42966],[127.05996,37.42957],[127.06114,37.42999],[127.06288,37.4297],[127.06332,37.42975],[127.06439,37.42911],[127.06568,37.42899],[127.06596,37.42953],[127.06672,37.43013],[127.06783,37.43041],[127.06827,37.43068],[127.06896,37.43043],[127.06962,37.43061],[127.07003,37.43091],[127.07033,37.43048],[127.07088,37.43019],[127.07121,37.43082],[127.07096,37.4317],[127.07063,37.43204],[127.07057,37.43242],[127.07073,37.43294],[127.07112,37.4334],[127.07152,37.43412],[127.07145,37.43504],[127.07127,37.43535],[127.07144,37.43586],[127.07209,37.43616],[127.07302,37.43641],[127.07384,37.43741],[127.07376,37.43779],[127.07297,37.43821],[127.07201,37.43886],[127.07221,37.43938],[127.07186,37.44103],[127.07163,37.44152],[127.07214,37.44226],[127.07299,37.44202],[127.07385,37.44221],[127.07476,37.44222],[127.07524,37.44194],[127.07601,37.44214],[127.07672,37.44194],[127.07736,37.44163],[127.07775,37.44186],[127.07818,37.44155],[127.07853,37.44156],[127.07908,37.4413],[127.07958,37.44139],[127.08017,37.44105],[127.08125,37.44112],[127.0821,37.44135],[127.08243,37.44158],[127.08321,37.44257],[127.08333,37.44296],[127.0838,37.44342],[127.08386,37.44392],[127.0857,37.44442],[127.08642,37.44426],[127.08785,37.44489],[127.08816,37.44539],[127.08837,37.44724],[127.08864,37.4476],[127.08841,37.44808],[127.08833,37.44863],[127.08843,37.44899],[127.08896,37.44946],[127.08882,37.44975],[127.08954,37.45017],[127.08962,37.45089],[127.0903,37.45127],[127.09096,37.45278],[127.09188,37.45347],[127.09273,37.45363],[127.09322,37.45472],[127.09314,37.45491],[127.09354,37.45589],[127.09377,37.45608],[127.09522,37.45639],[127.09545,37.45748],[127.09535,37.45788],[127.0949,37.45848],[127.09517,37.45946],[127.09506,37.45977],[127.09561,37.46025],[127.09568,37.461],[127.09464,37.46095],[127.09319,37.46127],[127.09202,37.46227],[127.09205,37.46392],[127.09201,37.46492],[127.09162,37.46563],[127.09112,37.46611],[127.09044,37.46703],[127.09017,37.46705],[127.08946,37.46757],[127.08904,37.46824],[127.08845,37.4681],[127.08816,37.46832],[127.08753,37.46976],[127.08719,37.46988],[127.08659,37.47076],[127.0859,37.4711],[127.08503,37.4712],[127.08417,37.47282],[127.08448,37.47404],[127.08451,37.47511],[127.08488,37.47551],[127.0845,37.47561],[127.08392,37.47542],[127.08323,37.47553],[127.08275,37.4753],[127.08188,37.47529],[127.07899,37.47477],[127.07852,37.47496],[127.07793,37.47474],[127.07691,37.47516],[127.07675,37.47492],[127.07669,37.47482],[127.07646,37.47446],[127.07642,37.47442],[127.07628,37.4743],[127.07594,37.474],[127.07589,37.47395],[127.07545,37.47356],[127.07529,37.47344],[127.07423,37.47295],[127.07384,37.47294],[127.07353,37.47265],[127.07268,37.47196],[127.0726,37.47195],[127.07192,37.47188],[127.07175,37.47173],[127.07075,37.47136],[127.07042,37.47105],[127.06994,37.47093],[127.06962,37.47105],[127.06857,37.47101],[127.06827,37.47076],[127.06787,37.47043],[127.06645,37.47014],[127.06625,37.4699],[127.06587,37.46976],[127.0651,37.46934],[127.06416,37.46921],[127.06381,37.469],[127.06297,37.46916],[127.0624,37.46933],[127.06236,37.4693],[127.06214,37.46908],[127.06186,37.46905],[127.06148,37.46896],[127.06145,37.469],[127.06092,37.46892],[127.06035,37.46913],[127.05909,37.46919],[127.05871,37.46891],[127.05783,37.4689],[127.0572,37.46901],[127.05653,37.46848],[127.05599,37.46847],[127.05539,37.46882],[127.05491,37.46863],[127.05421,37.46811],[127.05332,37.46816],[127.05305,37.46806],[127.05195,37.46777],[127.05116,37.46739],[127.05076,37.4674],[127.05092,37.46756],[127.0511,37.46859],[127.05103,37.46936],[127.05064,37.46961],[127.05044,37.46975],[127.04962,37.46982],[127.04886,37.46989],[127.04867,37.47006],[127.05062,37.47141],[127.05083,37.47164],[127.04547,37.47686],[127.04504,37.47732],[127.04414,37.47929],[127.044,37.47994],[127.04389,37.48056],[127.04314,37.48187],[127.04161,37.48524],[127.04175,37.48544],[127.03409,37.48437],[127.03161,37.48955],[127.02448,37.50448],[127.02133,37.5111],[127.02052,37.5128],[127.01953,37.51611],[127.01782,37.52181],[127.01694,37.52302],[127.01522,37.52485],[127.01318,37.52259],[127.0106,37.52427],[127.0092,37.52519],[127.00889,37.52539],[127.00858,37.5256],[127.00848,37.5255],[127.00801,37.52502],[127.00781,37.52482],[127.0077,37.5247],[127.00765,37.52466],[127.00648,37.52346],[127.00319,37.52116],[127.00079,37.5195],[126.99894,37.51832],[126.99752,37.51742]],[[127.05843,37.45688],[127.05835,37.45686],[127.05857,37.45728],[127.05843,37.45688]]]},"properties":{"gn":"서초구","g":"11650"}},
{"type":"Feature","geometry":{"type":"Polygon","coordinates":[[[126.93239,37.51558],[126.929,37.51542],[126.92686,37.51554],[126.9267,37.51427],[126.92698,37.51401],[126.92696,37.51322],[126.92679,37.5128],[126.92539,37.51252],[126.92099,37.50167],[126.92035,37.50004],[126.92025,37.49851],[126.91982,37.4978],[126.91941,37.4976],[126.91486,37.49661],[126.9129,37.49642],[126.91213,37.49618],[126.91181,37.49588],[126.91084,37.49429],[126.90954,37.49266],[126.90841,37.49134],[126.90752,37.49001],[126.90678,37.48919],[126.90664,37.48921],[126.9032,37.485],[126.90553,37.48491],[126.9061,37.48496],[126.90939,37.4859],[126.91061,37.48606],[126.91192,37.48651],[126.91307,37.48738],[126.91357,37.48801],[126.91486,37.48869],[126.91665,37.48955],[126.91871,37.49014],[126.91946,37.49028],[126.9213,37.49033],[126.92218,37.49015],[126.92415,37.48996],[126.92415,37.49034],[126.92482,37.49092],[126.92539,37.49214],[126.92558,37.4928],[126.92649,37.49349],[126.92664,37.49416],[126.92713,37.49455],[126.92745,37.49499],[126.92791,37.49507],[126.92847,37.49483],[126.92986,37.49399],[126.93042,37.49379],[126.93057,37.4937],[126.93136,37.49322],[126.93244,37.49292],[126.93383,37.49315],[126.93537,37.49276],[126.93655,37.49199],[126.93726,37.49193],[126.93834,37.49237],[126.93923,37.49221],[126.93944,37.4923],[126.93995,37.49289],[126.94056,37.49285],[126.94083,37.49289],[126.94107,37.49241],[126.94173,37.49217],[126.94262,37.49215],[126.94337,37.49226],[126.94396,37.4925],[126.94444,37.4925],[126.94454,37.49314],[126.9461,37.4935],[126.94697,37.49408],[126.94753,37.49372],[126.94833,37.49369],[126.94878,37.49382],[126.94881,37.49314],[126.94942,37.49297],[126.94957,37.49274],[126.95024,37.49249],[126.95169,37.49218],[126.95224,37.49166],[126.95285,37.49133],[126.95371,37.49063],[126.95418,37.49094],[126.95485,37.49098],[126.95521,37.49133],[126.95536,37.49141],[126.95623,37.4915],[126.95748,37.49198],[126.9576,37.49236],[126.95845,37.49262],[126.9587,37.49292],[126.95895,37.49361],[126.95932,37.4938],[126.96029,37.49374],[126.96105,37.49326],[126.96138,37.49287],[126.9614,37.49148],[126.96078,37.49083],[126.96087,37.49018],[126.96139,37.48913],[126.96175,37.48899],[126.96195,37.4886],[126.96169,37.4872],[126.96184,37.48711],[126.9618,37.48632],[126.96167,37.48599],[126.96199,37.48518],[126.96164,37.48471],[126.96163,37.48423],[126.96107,37.48356],[126.96183,37.48294],[126.96205,37.48245],[126.96269,37.48206],[126.96328,37.48137],[126.96394,37.48102],[126.96441,37.47982],[126.96479,37.47949],[126.96634,37.47892],[126.96728,37.47802],[126.96778,37.47784],[126.96883,37.4766],[126.97027,37.47648],[126.9703,37.47587],[126.97052,37.47538],[126.97226,37.47579],[126.97429,37.4762],[126.97842,37.47665],[126.98169,37.47653],[126.98168,37.47717],[126.98219,37.48673],[126.98232,37.48854],[126.98263,37.49008],[126.98268,37.49167],[126.98278,37.49265],[126.98281,37.49267],[126.98293,37.49699],[126.98319,37.49737],[126.98538,37.49986],[126.98428,37.50071],[126.98203,37.50204],[126.98054,37.50269],[126.98021,37.50321],[126.98013,37.5037],[126.97983,37.50418],[126.9804,37.50459],[126.9804,37.50654],[126.97817,37.50656],[126.97525,37.50702],[126.97406,37.50748],[126.97012,37.50901],[126.967,37.50985],[126.96497,37.51082],[126.96258,37.51262],[126.96188,37.5131],[126.96119,37.51346],[126.95981,37.51396],[126.95555,37.51571],[126.95471,37.51603],[126.95344,37.5164],[126.95021,37.51742],[126.94989,37.51751],[126.94956,37.51762],[126.94241,37.51654],[126.93928,37.51608],[126.93414,37.51591],[126.93239,37.51558]]]},"properties":{"gn":"동작구","g":"11590"}},
{"type":"Feature","geometry":{"type":"Polygon","coordinates":[[[126.95536,37.49141],[126.95521,37.49133],[126.95485,37.49098],[126.95418,37.49094],[126.95371,37.49063],[126.95285,37.49133],[126.95224,37.49166],[126.95169,37.49218],[126.95024,37.49249],[126.94957,37.49274],[126.94942,37.49297],[126.94881,37.49314],[126.94878,37.49382],[126.94833,37.49369],[126.94753,37.49372],[126.94697,37.49408],[126.9461,37.4935],[126.94454,37.49314],[126.94444,37.4925],[126.94396,37.4925],[126.94337,37.49226],[126.94262,37.49215],[126.94173,37.49217],[126.94107,37.49241],[126.94083,37.49289],[126.94056,37.49285],[126.93995,37.49289],[126.93944,37.4923],[126.93923,37.49221],[126.93834,37.49237],[126.93726,37.49193],[126.93655,37.49199],[126.93537,37.49276],[126.93383,37.49315],[126.93244,37.49292],[126.93136,37.49322],[126.93057,37.4937],[126.93042,37.49379],[126.92986,37.49399],[126.92847,37.49483],[126.92791,37.49507],[126.92745,37.49499],[126.92713,37.49455],[126.92664,37.49416],[126.92649,37.49349],[126.92558,37.4928],[126.92539,37.49214],[126.92482,37.49092],[126.92415,37.49034],[126.92415,37.48996],[126.92218,37.49015],[126.9213,37.49033],[126.91946,37.49028],[126.91871,37.49014],[126.91665,37.48955],[126.91486,37.48869],[126.91357,37.48801],[126.91307,37.48738],[126.91192,37.48651],[126.91061,37.48606],[126.90939,37.4859],[126.9061,37.48496],[126.90553,37.48491],[126.9032,37.485],[126.90007,37.48118],[126.89942,37.48024],[126.89899,37.47915],[126.89894,37.47894],[126.90524,37.48011],[126.90552,37.47998],[126.90979,37.48077],[126.90993,37.48025],[126.90898,37.48009],[126.9091,37.47964],[126.90882,37.47955],[126.90862,37.47908],[126.90946,37.47803],[126.91043,37.47836],[126.91066,37.47795],[126.91182,37.47781],[126.9118,37.47686],[126.91162,37.4763],[126.91137,37.47599],[126.91118,37.47522],[126.91136,37.47448],[126.91075,37.4736],[126.91003,37.47343],[126.90856,37.47296],[126.90819,37.47273],[126.90878,37.47178],[126.90959,37.4707],[126.90955,37.47045],[126.91024,37.46924],[126.90996,37.46876],[126.91104,37.46808],[126.91109,37.46773],[126.91161,37.46712],[126.91164,37.4668],[126.91238,37.46625],[126.91238,37.46588],[126.91369,37.46538],[126.91295,37.46422],[126.91296,37.46356],[126.91329,37.46306],[126.91371,37.46279],[126.91395,37.46194],[126.91439,37.46158],[126.91418,37.46096],[126.91425,37.45995],[126.914,37.45947],[126.91424,37.45894],[126.91402,37.45845],[126.91403,37.45789],[126.91457,37.45745],[126.91495,37.45731],[126.9156,37.45743],[126.91626,37.45734],[126.9169,37.45752],[126.91748,37.45711],[126.91832,37.45693],[126.91914,37.45689],[126.91968,37.45676],[126.92089,37.45683],[126.92219,37.45663],[126.92253,37.45633],[126.92283,37.45516],[126.92335,37.4542],[126.92418,37.45368],[126.92426,37.45338],[126.92479,37.45283],[126.92543,37.45299],[126.92628,37.45254],[126.92669,37.45173],[126.92732,37.451],[126.92788,37.45109],[126.92837,37.451],[126.92851,37.45055],[126.9284,37.45021],[126.92891,37.44987],[126.93017,37.44838],[126.93037,37.4477],[126.93016,37.44638],[126.93055,37.44547],[126.93175,37.44498],[126.93322,37.44408],[126.93403,37.44349],[126.93456,37.4432],[126.93489,37.44322],[126.93564,37.44218],[126.93599,37.44214],[126.93665,37.44175],[126.93681,37.44144],[126.93786,37.4402],[126.93769,37.43968],[126.93725,37.43921],[126.93727,37.43863],[126.93774,37.43788],[126.93775,37.43739],[126.93801,37.43719],[126.93857,37.43642],[126.93862,37.43603],[126.93936,37.43603],[126.94022,37.43571],[126.94053,37.43628],[126.94142,37.4374],[126.94198,37.43751],[126.94338,37.43728],[126.94509,37.43709],[126.94568,37.43731],[126.94659,37.43793],[126.94679,37.43817],[126.94836,37.43871],[126.94877,37.43865],[126.94928,37.43825],[126.94984,37.43838],[126.95003,37.43862],[126.95093,37.43873],[126.95147,37.43858],[126.95241,37.43919],[126.9539,37.43901],[126.95511,37.43869],[126.95637,37.43875],[126.95897,37.43907],[126.95954,37.43998],[126.96006,37.4404],[126.96176,37.44028],[126.96294,37.44028],[126.9638,37.44079],[126.96378,37.44129],[126.96463,37.44204],[126.96438,37.44258],[126.9643,37.44377],[126.96442,37.44431],[126.96393,37.44521],[126.96429,37.44627],[126.96766,37.44838],[126.97057,37.44945],[126.97175,37.45174],[126.97284,37.45238],[126.97337,37.45324],[126.97458,37.45441],[126.97776,37.4552],[126.97848,37.45573],[126.97979,37.45565],[126.9824,37.45589],[126.9819,37.45694],[126.98289,37.45683],[126.98439,37.45711],[126.9849,37.45704],[126.98526,37.45718],[126.98661,37.45721],[126.98678,37.4574],[126.98864,37.45817],[126.98846,37.45854],[126.98769,37.45963],[126.98752,37.46067],[126.98813,37.46304],[126.98834,37.464],[126.98794,37.46593],[126.98725,37.46723],[126.98727,37.46762],[126.98693,37.46797],[126.98532,37.46925],[126.98403,37.47054],[126.98319,37.47161],[126.98216,37.47372],[126.98172,37.47568],[126.98169,37.47653],[126.97842,37.47665],[126.97429,37.4762],[126.97226,37.47579],[126.97052,37.47538],[126.9703,37.47587],[126.97027,37.47648],[126.96883,37.4766],[126.96778,37.47784],[126.96728,37.47802],[126.96634,37.47892],[126.96479,37.47949],[126.96441,37.47982],[126.96394,37.48102],[126.96328,37.48137],[126.96269,37.48206],[126.96205,37.48245],[126.96183,37.48294],[126.96107,37.48356],[126.96163,37.48423],[126.96164,37.48471],[126.96199,37.48518],[126.96167,37.48599],[126.9618,37.48632],[126.96184,37.48711],[126.96169,37.4872],[126.96195,37.4886],[126.96175,37.48899],[126.96139,37.48913],[126.96087,37.49018],[126.96078,37.49083],[126.9614,37.49148],[126.96138,37.49287],[126.96105,37.49326],[126.96029,37.49374],[126.95932,37.4938],[126.95895,37.49361],[126.9587,37.49292],[126.95845,37.49262],[126.9576,37.49236],[126.95748,37.49198],[126.95623,37.4915],[126.95536,37.49141]]]},"properties":{"gn":"관악구","g":"11620"}},
{"type":"Feature","geometry":{"type":"MultiPolygon","coordinates":[[[[127.06546,37.52507],[127.06016,37.52709],[127.05622,37.52832],[127.05513,37.52867],[127.05208,37.53062],[127.0495,37.53222],[127.04897,37.53252],[127.04816,37.53299],[127.04755,37.53335],[127.04709,37.53362],[127.04652,37.53394],[127.04652,37.53395],[127.04601,37.53426],[127.04019,37.53577],[127.03968,37.53584],[127.03017,37.53584],[127.02464,37.53582],[127.02118,37.53582],[127.01775,37.53425],[127.01718,37.53378],[127.01691,37.53355],[127.01684,37.53349],[127.01629,37.53305],[127.01555,37.53243],[127.01507,37.53216],[127.01502,37.53213],[127.0148,37.53193],[127.01442,37.53157],[127.01403,37.53121],[127.01334,37.53055],[127.0126,37.52981],[127.01245,37.52968],[127.0124,37.52964],[127.01229,37.52954],[127.01142,37.52862],[127.01,37.52704],[127.00897,37.52599],[127.0089,37.52591],[127.00875,37.52577],[127.00859,37.5256],[127.00858,37.5256],[127.00889,37.52539],[127.0092,37.52519],[127.0106,37.52427],[127.01318,37.52259],[127.01522,37.52485],[127.01694,37.52302],[127.01782,37.52181],[127.01953,37.51611],[127.02052,37.5128],[127.02133,37.5111],[127.02448,37.50448],[127.03161,37.48955],[127.03409,37.48437],[127.04175,37.48544],[127.04161,37.48524],[127.04314,37.48187],[127.04389,37.48056],[127.044,37.47994],[127.04414,37.47929],[127.04504,37.47732],[127.04547,37.47686],[127.05083,37.47164],[127.05062,37.47141],[127.04867,37.47006],[127.04886,37.46989],[127.04962,37.46982],[127.05044,37.46975],[127.05064,37.46961],[127.05103,37.46936],[127.0511,37.46859],[127.05092,37.46756],[127.05076,37.4674],[127.05116,37.46739],[127.05195,37.46777],[127.05305,37.46806],[127.05332,37.46816],[127.05421,37.46811],[127.05491,37.46863],[127.05539,37.46882],[127.05599,37.46847],[127.05653,37.46848],[127.0572,37.46901],[127.05783,37.4689],[127.05871,37.46891],[127.05909,37.46919],[127.06035,37.46913],[127.06092,37.46892],[127.06145,37.469],[127.06186,37.46905],[127.06214,37.46908],[127.06236,37.4693],[127.0624,37.46933],[127.06297,37.46916],[127.06381,37.469],[127.06416,37.46921],[127.0651,37.46934],[127.06587,37.46976],[127.06625,37.4699],[127.06645,37.47014],[127.06787,37.47043],[127.06827,37.47076],[127.06857,37.47101],[127.06962,37.47105],[127.06994,37.47093],[127.07042,37.47105],[127.07075,37.47136],[127.07175,37.47173],[127.07192,37.47188],[127.0726,37.47195],[127.07268,37.47196],[127.07353,37.47265],[127.07384,37.47294],[127.07423,37.47295],[127.07529,37.47344],[127.07545,37.47356],[127.07589,37.47395],[127.07594,37.474],[127.07628,37.4743],[127.07642,37.47442],[127.07646,37.47446],[127.07669,37.47482],[127.07675,37.47492],[127.07691,37.47516],[127.07793,37.47474],[127.07852,37.47496],[127.07899,37.47477],[127.08188,37.47529],[127.08275,37.4753],[127.08323,37.47553],[127.08392,37.47542],[127.0845,37.47561],[127.08488,37.47551],[127.08451,37.47511],[127.08448,37.47404],[127.08417,37.47282],[127.08503,37.4712],[127.0859,37.4711],[127.08659,37.47076],[127.08719,37.46988],[127.08753,37.46976],[127.08816,37.46832],[127.08845,37.4681],[127.08904,37.46824],[127.08946,37.46757],[127.09017,37.46705],[127.09044,37.46703],[127.09112,37.46611],[127.09162,37.46563],[127.09201,37.46492],[127.09205,37.46392],[127.09202,37.46227],[127.09319,37.46127],[127.09464,37.46095],[127.09568,37.461],[127.09561,37.46025],[127.09506,37.45977],[127.09517,37.45946],[127.0949,37.45848],[127.09535,37.45788],[127.09545,37.45748],[127.09522,37.45639],[127.09577,37.45652],[127.09637,37.45635],[127.09824,37.45637],[127.09869,37.45615],[127.0991,37.45622],[127.09974,37.45735],[127.10077,37.45776],[127.10128,37.45824],[127.10116,37.45854],[127.10138,37.45897],[127.10269,37.45972],[127.10344,37.45975],[127.10394,37.46005],[127.10402,37.46056],[127.10447,37.46103],[127.10478,37.46116],[127.10434,37.46217],[127.10561,37.46218],[127.10647,37.46242],[127.1073,37.46218],[127.10815,37.46227],[127.10946,37.46187],[127.10989,37.46194],[127.11182,37.46164],[127.11297,37.46113],[127.11318,37.46076],[127.11327,37.46005],[127.11396,37.45952],[127.11515,37.45906],[127.11548,37.4587],[127.11589,37.45859],[127.1169,37.45864],[127.1169,37.4604],[127.11699,37.46148],[127.11747,37.4622],[127.1192,37.46313],[127.1201,37.46349],[127.12144,37.46437],[127.12186,37.46514],[127.12218,37.46522],[127.12294,37.46582],[127.12421,37.46652],[127.12418,37.46655],[127.12408,37.46669],[127.12398,37.46683],[127.1237,37.46723],[127.12338,37.46767],[127.12337,37.46768],[127.12335,37.46771],[127.1232,37.46791],[127.12311,37.46804],[127.12272,37.46859],[127.12206,37.46949],[127.12205,37.46951],[127.12185,37.46978],[127.12163,37.47009],[127.12135,37.47048],[127.12089,37.47111],[127.12042,37.47176],[127.1197,37.47276],[127.11971,37.47269],[127.11972,37.4726],[127.11972,37.47258],[127.11937,37.47307],[127.11911,37.47344],[127.11805,37.47495],[127.11743,37.47577],[127.11732,37.47592],[127.11704,37.47628],[127.11696,37.47638],[127.11603,37.4776],[127.11297,37.48172],[127.11166,37.48379],[127.11165,37.48379],[127.11034,37.48567],[127.10927,37.48711],[127.10701,37.49029],[127.10351,37.49271],[127.10269,37.49311],[127.09983,37.4944],[127.09879,37.49489],[127.0974,37.49519],[127.0978,37.49548],[127.09714,37.49583],[127.09586,37.4963],[127.09479,37.49668],[127.08421,37.49965],[127.08211,37.50036],[127.07993,37.50109],[127.07699,37.50207],[127.06982,37.50274],[127.0697,37.50347],[127.06887,37.5103],[127.06839,37.51447],[127.0679,37.51831],[127.06773,37.51932],[127.06761,37.52088],[127.0675,37.52458],[127.06646,37.52496],[127.06546,37.52507]],[[127.07848,37.4976],[127.07878,37.49743],[127.07879,37.49742],[127.07848,37.4976]]],[[[127.05643,37.48759],[127.05659,37.48769],[127.05152,37.48465],[127.05643,37.48759]]]]},"properties":{"gn":"강남구","g":"11680"}},
{"type":"Feature","geometry":{"type":"Polygon","coordinates":[[[127.16316,37.54499],[127.16349,37.54502],[127.16517,37.54463],[127.1653,37.5444],[127.16664,37.54425],[127.16692,37.54432],[127.16675,37.54482],[127.16698,37.5452],[127.16795,37.54506],[127.16882,37.54515],[127.16976,37.54481],[127.17107,37.54512],[127.17211,37.54553],[127.17391,37.54558],[127.17431,37.5453],[127.17572,37.54521],[127.17594,37.54562],[127.17659,37.54534],[127.17679,37.54575],[127.17826,37.5463],[127.17933,37.54657],[127.18126,37.54658],[127.18169,37.54644],[127.1822,37.54572],[127.18354,37.54517],[127.18379,37.54557],[127.18283,37.54634],[127.18268,37.54788],[127.18308,37.54863],[127.18284,37.54943],[127.18293,37.55024],[127.18312,37.55108],[127.18293,37.55175],[127.1817,37.55251],[127.18134,37.55297],[127.1815,37.55433],[127.18139,37.55492],[127.18168,37.556],[127.18167,37.55683],[127.18155,37.55755],[127.18175,37.55838],[127.18198,37.55966],[127.182,37.56099],[127.18119,37.56302],[127.18085,37.56347],[127.18019,37.56459],[127.17978,37.56506],[127.17958,37.5655],[127.17947,37.56627],[127.17944,37.56781],[127.17922,37.56892],[127.17865,37.56977],[127.17832,37.57071],[127.17784,37.57146],[127.17788,37.57187],[127.17739,37.57252],[127.17694,37.57329],[127.17613,37.57409],[127.17568,37.5749],[127.17576,37.57566],[127.1755,37.57702],[127.17533,37.57724],[127.17544,37.57836],[127.17596,37.57856],[127.17688,37.57927],[127.17714,37.57986],[127.17715,37.5812],[127.17652,37.58103],[127.17511,37.58027],[127.17184,37.57926],[127.17025,37.57902],[127.16675,37.57898],[127.16256,37.57673],[127.16201,37.57639],[127.16085,37.57565],[127.1569,37.57295],[127.15498,37.57204],[127.14895,37.56843],[127.14559,37.56843],[127.13767,37.56842],[127.13427,37.56795],[127.12861,37.56616],[127.12578,37.56481],[127.12296,37.56349],[127.1201,37.5612],[127.11734,37.55946],[127.11565,37.5577],[127.11525,37.55676],[127.11426,37.55437],[127.1141,37.55409],[127.11155,37.55051],[127.11153,37.55038],[127.11147,37.54694],[127.11021,37.54502],[127.10914,37.54317],[127.1131,37.54317],[127.11304,37.54298],[127.11653,37.54196],[127.11737,37.54153],[127.11887,37.54107],[127.12026,37.54033],[127.12186,37.53928],[127.1224,37.53901],[127.12344,37.53864],[127.12117,37.53237],[127.12067,37.5308],[127.12014,37.52966],[127.11909,37.52796],[127.11929,37.52787],[127.13387,37.52143],[127.13427,37.52251],[127.13427,37.52126],[127.13817,37.51953],[127.13819,37.51941],[127.13819,37.5194],[127.13843,37.51932],[127.13848,37.5193],[127.13852,37.51933],[127.13856,37.51935],[127.14058,37.51847],[127.14071,37.51841],[127.14078,37.51838],[127.14085,37.51835],[127.14383,37.51703],[127.14509,37.51684],[127.14486,37.51775],[127.1449,37.51839],[127.14479,37.51962],[127.14527,37.52088],[127.14564,37.52158],[127.14567,37.52193],[127.1478,37.52215],[127.14818,37.52292],[127.1486,37.52319],[127.1486,37.52356],[127.14901,37.52412],[127.14924,37.52483],[127.1496,37.52529],[127.14946,37.52575],[127.14987,37.52621],[127.1504,37.52637],[127.15078,37.52686],[127.15164,37.5277],[127.15269,37.52853],[127.15316,37.52911],[127.15329,37.52947],[127.15313,37.52995],[127.15354,37.53044],[127.15338,37.53133],[127.15393,37.53192],[127.15357,37.53367],[127.15402,37.53451],[127.15453,37.53487],[127.15487,37.53536],[127.15526,37.53622],[127.15594,37.53706],[127.15603,37.53734],[127.15654,37.53745],[127.15694,37.53797],[127.15765,37.53927],[127.15825,37.53975],[127.1591,37.54073],[127.15958,37.54103],[127.15965,37.54128],[127.1601,37.54151],[127.16031,37.54163],[127.16092,37.54251],[127.16171,37.54346],[127.16218,37.54383],[127.16316,37.54499]]]},"properties":{"gn":"강동구","g":"11740"}}
]}